[0.058s] DEBUG:colcon:Command line arguments: ['/usr/bin/colcon', 'build']
[0.058s] DEBUG:colcon:Parsed command line arguments: Namespace(log_base=None, log_level=None, verb_name='build', build_base='build', install_base='install', merge_install=False, symlink_install=False, test_result_base=None, continue_on_error=False, executor='parallel', parallel_workers=8, event_handlers=None, ignore_user_meta=False, metas=['./colcon.meta'], base_paths=['.'], packages_ignore=None, packages_ignore_regex=None, paths=None, packages_up_to=None, packages_up_to_regex=None, packages_above=None, packages_above_and_dependencies=None, packages_above_depth=None, packages_select_by_dep=None, packages_skip_by_dep=None, packages_skip_up_to=None, packages_select_build_failed=False, packages_skip_build_finished=False, packages_select_test_failures=False, packages_skip_test_passed=False, packages_select=None, packages_skip=None, packages_select_regex=None, packages_skip_regex=None, packages_start=None, packages_end=None, allow_overriding=[], cmake_args=None, cmake_target=None, cmake_target_skip_unavailable=False, cmake_clean_cache=False, cmake_clean_first=False, cmake_force_configure=False, ament_cmake_args=None, catkin_cmake_args=None, catkin_skip_building_tests=False, verb_parser=<colcon_defaults.argument_parser.defaults.DefaultArgumentsDecorator object at 0xffff8f965eb0>, verb_extension=<colcon_core.verb.build.BuildVerb object at 0xffff8f965cd0>, main=<bound method BuildVerb.main of <colcon_core.verb.build.BuildVerb object at 0xffff8f965cd0>>)
[0.078s] Level 1:colcon.colcon_core.package_discovery:discover_packages(colcon_meta) check parameters
[0.078s] Level 1:colcon.colcon_core.package_discovery:discover_packages(recursive) check parameters
[0.078s] Level 1:colcon.colcon_core.package_discovery:discover_packages(ignore) check parameters
[0.078s] Level 1:colcon.colcon_core.package_discovery:discover_packages(path) check parameters
[0.078s] Level 1:colcon.colcon_core.package_discovery:discover_packages(colcon_meta) discover
[0.078s] Level 1:colcon.colcon_core.package_discovery:discover_packages(recursive) discover
[0.078s] INFO:colcon.colcon_core.package_discovery:Crawling recursively for packages in '/root/csci_420_robotics_labs/lab6_ws'
[0.079s] Level 1:colcon.colcon_core.package_identification:_identify(.) by extensions ['ignore', 'ignore_ament_install']
[0.079s] Level 1:colcon.colcon_core.package_identification:_identify(.) by extension 'ignore'
[0.079s] Level 1:colcon.colcon_core.package_identification:_identify(.) by extension 'ignore_ament_install'
[0.079s] Level 1:colcon.colcon_core.package_identification:_identify(.) by extensions ['colcon_pkg']
[0.079s] Level 1:colcon.colcon_core.package_identification:_identify(.) by extension 'colcon_pkg'
[0.079s] Level 1:colcon.colcon_core.package_identification:_identify(.) by extensions ['colcon_meta']
[0.079s] Level 1:colcon.colcon_core.package_identification:_identify(.) by extension 'colcon_meta'
[0.079s] Level 1:colcon.colcon_core.package_identification:_identify(.) by extensions ['ros']
[0.079s] Level 1:colcon.colcon_core.package_identification:_identify(.) by extension 'ros'
[0.092s] Level 1:colcon.colcon_core.package_identification:_identify(.) by extensions ['cmake', 'python']
[0.092s] Level 1:colcon.colcon_core.package_identification:_identify(.) by extension 'cmake'
[0.092s] Level 1:colcon.colcon_core.package_identification:_identify(.) by extension 'python'
[0.093s] Level 1:colcon.colcon_core.package_identification:_identify(.) by extensions ['python_setup_py']
[0.093s] Level 1:colcon.colcon_core.package_identification:_identify(.) by extension 'python_setup_py'
[0.093s] Level 1:colcon.colcon_core.package_identification:_identify(build) by extensions ['ignore', 'ignore_ament_install']
[0.093s] Level 1:colcon.colcon_core.package_identification:_identify(build) by extension 'ignore'
[0.093s] Level 1:colcon.colcon_core.package_identification:_identify(build) ignored
[0.094s] Level 1:colcon.colcon_core.package_identification:_identify(install) by extensions ['ignore', 'ignore_ament_install']
[0.094s] Level 1:colcon.colcon_core.package_identification:_identify(install) by extension 'ignore'
[0.094s] Level 1:colcon.colcon_core.package_identification:_identify(install) ignored
[0.094s] Level 1:colcon.colcon_core.package_identification:_identify(log) by extensions ['ignore', 'ignore_ament_install']
[0.094s] Level 1:colcon.colcon_core.package_identification:_identify(log) by extension 'ignore'
[0.094s] Level 1:colcon.colcon_core.package_identification:_identify(log) ignored
[0.094s] Level 1:colcon.colcon_core.package_identification:_identify(src) by extensions ['ignore', 'ignore_ament_install']
[0.094s] Level 1:colcon.colcon_core.package_identification:_identify(src) by extension 'ignore'
[0.094s] Level 1:colcon.colcon_core.package_identification:_identify(src) by extension 'ignore_ament_install'
[0.095s] Level 1:colcon.colcon_core.package_identification:_identify(src) by extensions ['colcon_pkg']
[0.095s] Level 1:colcon.colcon_core.package_identification:_identify(src) by extension 'colcon_pkg'
[0.095s] Level 1:colcon.colcon_core.package_identification:_identify(src) by extensions ['colcon_meta']
[0.095s] Level 1:colcon.colcon_core.package_identification:_identify(src) by extension 'colcon_meta'
[0.095s] Level 1:colcon.colcon_core.package_identification:_identify(src) by extensions ['ros']
[0.095s] Level 1:colcon.colcon_core.package_identification:_identify(src) by extension 'ros'
[0.095s] Level 1:colcon.colcon_core.package_identification:_identify(src) by extensions ['cmake', 'python']
[0.095s] Level 1:colcon.colcon_core.package_identification:_identify(src) by extension 'cmake'
[0.095s] Level 1:colcon.colcon_core.package_identification:_identify(src) by extension 'python'
[0.095s] Level 1:colcon.colcon_core.package_identification:_identify(src) by extensions ['python_setup_py']
[0.095s] Level 1:colcon.colcon_core.package_identification:_identify(src) by extension 'python_setup_py'
[0.095s] Level 1:colcon.colcon_core.package_identification:_identify(src/flightcontroller) by extensions ['ignore', 'ignore_ament_install']
[0.095s] Level 1:colcon.colcon_core.package_identification:_identify(src/flightcontroller) by extension 'ignore'
[0.095s] Level 1:colcon.colcon_core.package_identification:_identify(src/flightcontroller) by extension 'ignore_ament_install'
[0.096s] Level 1:colcon.colcon_core.package_identification:_identify(src/flightcontroller) by extensions ['colcon_pkg']
[0.096s] Level 1:colcon.colcon_core.package_identification:_identify(src/flightcontroller) by extension 'colcon_pkg'
[0.096s] Level 1:colcon.colcon_core.package_identification:_identify(src/flightcontroller) by extensions ['colcon_meta']
[0.096s] Level 1:colcon.colcon_core.package_identification:_identify(src/flightcontroller) by extension 'colcon_meta'
[0.096s] Level 1:colcon.colcon_core.package_identification:_identify(src/flightcontroller) by extensions ['ros']
[0.096s] Level 1:colcon.colcon_core.package_identification:_identify(src/flightcontroller) by extension 'ros'
[0.097s] DEBUG:colcon.colcon_core.package_identification:Package 'src/flightcontroller' with type 'ros.ament_cmake' and name 'flightcontroller'
[0.098s] Level 1:colcon.colcon_core.package_identification:_identify(src/flightgoggles) by extensions ['ignore', 'ignore_ament_install']
[0.098s] Level 1:colcon.colcon_core.package_identification:_identify(src/flightgoggles) by extension 'ignore'
[0.098s] Level 1:colcon.colcon_core.package_identification:_identify(src/flightgoggles) by extension 'ignore_ament_install'
[0.098s] Level 1:colcon.colcon_core.package_identification:_identify(src/flightgoggles) by extensions ['colcon_pkg']
[0.098s] Level 1:colcon.colcon_core.package_identification:_identify(src/flightgoggles) by extension 'colcon_pkg'
[0.098s] Level 1:colcon.colcon_core.package_identification:_identify(src/flightgoggles) by extensions ['colcon_meta']
[0.098s] Level 1:colcon.colcon_core.package_identification:_identify(src/flightgoggles) by extension 'colcon_meta'
[0.098s] Level 1:colcon.colcon_core.package_identification:_identify(src/flightgoggles) by extensions ['ros']
[0.098s] Level 1:colcon.colcon_core.package_identification:_identify(src/flightgoggles) by extension 'ros'
[0.098s] Level 1:colcon.colcon_core.package_identification:_identify(src/flightgoggles) by extensions ['cmake', 'python']
[0.098s] Level 1:colcon.colcon_core.package_identification:_identify(src/flightgoggles) by extension 'cmake'
[0.098s] Level 1:colcon.colcon_core.package_identification:_identify(src/flightgoggles) by extension 'python'
[0.098s] Level 1:colcon.colcon_core.package_identification:_identify(src/flightgoggles) by extensions ['python_setup_py']
[0.098s] Level 1:colcon.colcon_core.package_identification:_identify(src/flightgoggles) by extension 'python_setup_py'
[0.098s] Level 1:colcon.colcon_core.package_identification:_identify(src/flightgoggles/flightgoggles) by extensions ['ignore', 'ignore_ament_install']
[0.099s] Level 1:colcon.colcon_core.package_identification:_identify(src/flightgoggles/flightgoggles) by extension 'ignore'
[0.099s] Level 1:colcon.colcon_core.package_identification:_identify(src/flightgoggles/flightgoggles) by extension 'ignore_ament_install'
[0.099s] Level 1:colcon.colcon_core.package_identification:_identify(src/flightgoggles/flightgoggles) by extensions ['colcon_pkg']
[0.099s] Level 1:colcon.colcon_core.package_identification:_identify(src/flightgoggles/flightgoggles) by extension 'colcon_pkg'
[0.099s] Level 1:colcon.colcon_core.package_identification:_identify(src/flightgoggles/flightgoggles) by extensions ['colcon_meta']
[0.099s] Level 1:colcon.colcon_core.package_identification:_identify(src/flightgoggles/flightgoggles) by extension 'colcon_meta'
[0.099s] Level 1:colcon.colcon_core.package_identification:_identify(src/flightgoggles/flightgoggles) by extensions ['ros']
[0.099s] Level 1:colcon.colcon_core.package_identification:_identify(src/flightgoggles/flightgoggles) by extension 'ros'
[0.100s] DEBUG:colcon.colcon_core.package_identification:Package 'src/flightgoggles/flightgoggles' with type 'ros.ament_cmake' and name 'flightgoggles'
[0.100s] Level 1:colcon.colcon_core.package_identification:_identify(src/flightgoggles/flightgoggles_uav_dynamics) by extensions ['ignore', 'ignore_ament_install']
[0.100s] Level 1:colcon.colcon_core.package_identification:_identify(src/flightgoggles/flightgoggles_uav_dynamics) by extension 'ignore'
[0.100s] Level 1:colcon.colcon_core.package_identification:_identify(src/flightgoggles/flightgoggles_uav_dynamics) by extension 'ignore_ament_install'
[0.100s] Level 1:colcon.colcon_core.package_identification:_identify(src/flightgoggles/flightgoggles_uav_dynamics) by extensions ['colcon_pkg']
[0.100s] Level 1:colcon.colcon_core.package_identification:_identify(src/flightgoggles/flightgoggles_uav_dynamics) by extension 'colcon_pkg'
[0.100s] Level 1:colcon.colcon_core.package_identification:_identify(src/flightgoggles/flightgoggles_uav_dynamics) by extensions ['colcon_meta']
[0.100s] Level 1:colcon.colcon_core.package_identification:_identify(src/flightgoggles/flightgoggles_uav_dynamics) by extension 'colcon_meta'
[0.100s] Level 1:colcon.colcon_core.package_identification:_identify(src/flightgoggles/flightgoggles_uav_dynamics) by extensions ['ros']
[0.100s] Level 1:colcon.colcon_core.package_identification:_identify(src/flightgoggles/flightgoggles_uav_dynamics) by extension 'ros'
[0.101s] DEBUG:colcon.colcon_core.package_identification:Package 'src/flightgoggles/flightgoggles_uav_dynamics' with type 'ros.ament_cmake' and name 'flightgoggles_uav_dynamics'
[0.101s] Level 1:colcon.colcon_core.package_identification:_identify(src/ros2-keyboard) by extensions ['ignore', 'ignore_ament_install']
[0.101s] Level 1:colcon.colcon_core.package_identification:_identify(src/ros2-keyboard) by extension 'ignore'
[0.101s] Level 1:colcon.colcon_core.package_identification:_identify(src/ros2-keyboard) by extension 'ignore_ament_install'
[0.101s] Level 1:colcon.colcon_core.package_identification:_identify(src/ros2-keyboard) by extensions ['colcon_pkg']
[0.101s] Level 1:colcon.colcon_core.package_identification:_identify(src/ros2-keyboard) by extension 'colcon_pkg'
[0.101s] Level 1:colcon.colcon_core.package_identification:_identify(src/ros2-keyboard) by extensions ['colcon_meta']
[0.102s] Level 1:colcon.colcon_core.package_identification:_identify(src/ros2-keyboard) by extension 'colcon_meta'
[0.102s] Level 1:colcon.colcon_core.package_identification:_identify(src/ros2-keyboard) by extensions ['ros']
[0.102s] Level 1:colcon.colcon_core.package_identification:_identify(src/ros2-keyboard) by extension 'ros'
[0.102s] Level 1:colcon.colcon_core.package_identification:_identify(src/ros2-keyboard) by extensions ['cmake', 'python']
[0.102s] Level 1:colcon.colcon_core.package_identification:_identify(src/ros2-keyboard) by extension 'cmake'
[0.102s] Level 1:colcon.colcon_core.package_identification:_identify(src/ros2-keyboard) by extension 'python'
[0.102s] Level 1:colcon.colcon_core.package_identification:_identify(src/ros2-keyboard) by extensions ['python_setup_py']
[0.102s] Level 1:colcon.colcon_core.package_identification:_identify(src/ros2-keyboard) by extension 'python_setup_py'
[0.102s] Level 1:colcon.colcon_core.package_identification:_identify(src/ros2-keyboard/keyboard) by extensions ['ignore', 'ignore_ament_install']
[0.102s] Level 1:colcon.colcon_core.package_identification:_identify(src/ros2-keyboard/keyboard) by extension 'ignore'
[0.102s] Level 1:colcon.colcon_core.package_identification:_identify(src/ros2-keyboard/keyboard) by extension 'ignore_ament_install'
[0.102s] Level 1:colcon.colcon_core.package_identification:_identify(src/ros2-keyboard/keyboard) by extensions ['colcon_pkg']
[0.102s] Level 1:colcon.colcon_core.package_identification:_identify(src/ros2-keyboard/keyboard) by extension 'colcon_pkg'
[0.102s] Level 1:colcon.colcon_core.package_identification:_identify(src/ros2-keyboard/keyboard) by extensions ['colcon_meta']
[0.102s] Level 1:colcon.colcon_core.package_identification:_identify(src/ros2-keyboard/keyboard) by extension 'colcon_meta'
[0.102s] Level 1:colcon.colcon_core.package_identification:_identify(src/ros2-keyboard/keyboard) by extensions ['ros']
[0.103s] Level 1:colcon.colcon_core.package_identification:_identify(src/ros2-keyboard/keyboard) by extension 'ros'
[0.103s] DEBUG:colcon.colcon_core.package_identification:Package 'src/ros2-keyboard/keyboard' with type 'ros.ament_cmake' and name 'keyboard'
[0.103s] Level 1:colcon.colcon_core.package_identification:_identify(src/ros2-keyboard/keyboard_msgs) by extensions ['ignore', 'ignore_ament_install']
[0.103s] Level 1:colcon.colcon_core.package_identification:_identify(src/ros2-keyboard/keyboard_msgs) by extension 'ignore'
[0.103s] Level 1:colcon.colcon_core.package_identification:_identify(src/ros2-keyboard/keyboard_msgs) by extension 'ignore_ament_install'
[0.103s] Level 1:colcon.colcon_core.package_identification:_identify(src/ros2-keyboard/keyboard_msgs) by extensions ['colcon_pkg']
[0.103s] Level 1:colcon.colcon_core.package_identification:_identify(src/ros2-keyboard/keyboard_msgs) by extension 'colcon_pkg'
[0.104s] Level 1:colcon.colcon_core.package_identification:_identify(src/ros2-keyboard/keyboard_msgs) by extensions ['colcon_meta']
[0.104s] Level 1:colcon.colcon_core.package_identification:_identify(src/ros2-keyboard/keyboard_msgs) by extension 'colcon_meta'
[0.104s] Level 1:colcon.colcon_core.package_identification:_identify(src/ros2-keyboard/keyboard_msgs) by extensions ['ros']
[0.104s] Level 1:colcon.colcon_core.package_identification:_identify(src/ros2-keyboard/keyboard_msgs) by extension 'ros'
[0.104s] DEBUG:colcon.colcon_core.package_identification:Package 'src/ros2-keyboard/keyboard_msgs' with type 'ros.ament_cmake' and name 'keyboard_msgs'
[0.104s] Level 1:colcon.colcon_core.package_identification:_identify(src/sensor_simulation) by extensions ['ignore', 'ignore_ament_install']
[0.104s] Level 1:colcon.colcon_core.package_identification:_identify(src/sensor_simulation) by extension 'ignore'
[0.104s] Level 1:colcon.colcon_core.package_identification:_identify(src/sensor_simulation) by extension 'ignore_ament_install'
[0.104s] Level 1:colcon.colcon_core.package_identification:_identify(src/sensor_simulation) by extensions ['colcon_pkg']
[0.105s] Level 1:colcon.colcon_core.package_identification:_identify(src/sensor_simulation) by extension 'colcon_pkg'
[0.105s] Level 1:colcon.colcon_core.package_identification:_identify(src/sensor_simulation) by extensions ['colcon_meta']
[0.105s] Level 1:colcon.colcon_core.package_identification:_identify(src/sensor_simulation) by extension 'colcon_meta'
[0.105s] Level 1:colcon.colcon_core.package_identification:_identify(src/sensor_simulation) by extensions ['ros']
[0.105s] Level 1:colcon.colcon_core.package_identification:_identify(src/sensor_simulation) by extension 'ros'
[0.105s] DEBUG:colcon.colcon_core.package_identification:Package 'src/sensor_simulation' with type 'ros.ament_cmake' and name 'sensor_simulation'
[0.105s] Level 1:colcon.colcon_core.package_identification:_identify(src/simple_control) by extensions ['ignore', 'ignore_ament_install']
[0.105s] Level 1:colcon.colcon_core.package_identification:_identify(src/simple_control) by extension 'ignore'
[0.105s] Level 1:colcon.colcon_core.package_identification:_identify(src/simple_control) by extension 'ignore_ament_install'
[0.105s] Level 1:colcon.colcon_core.package_identification:_identify(src/simple_control) by extensions ['colcon_pkg']
[0.105s] Level 1:colcon.colcon_core.package_identification:_identify(src/simple_control) by extension 'colcon_pkg'
[0.106s] Level 1:colcon.colcon_core.package_identification:_identify(src/simple_control) by extensions ['colcon_meta']
[0.106s] Level 1:colcon.colcon_core.package_identification:_identify(src/simple_control) by extension 'colcon_meta'
[0.106s] Level 1:colcon.colcon_core.package_identification:_identify(src/simple_control) by extensions ['ros']
[0.106s] Level 1:colcon.colcon_core.package_identification:_identify(src/simple_control) by extension 'ros'
[0.106s] DEBUG:colcon.colcon_core.package_identification:Package 'src/simple_control' with type 'ros.ament_python' and name 'simple_control'
[0.106s] Level 1:colcon.colcon_core.package_identification:_identify(src/simple_sim) by extensions ['ignore', 'ignore_ament_install']
[0.106s] Level 1:colcon.colcon_core.package_identification:_identify(src/simple_sim) by extension 'ignore'
[0.106s] Level 1:colcon.colcon_core.package_identification:_identify(src/simple_sim) by extension 'ignore_ament_install'
[0.106s] Level 1:colcon.colcon_core.package_identification:_identify(src/simple_sim) by extensions ['colcon_pkg']
[0.106s] Level 1:colcon.colcon_core.package_identification:_identify(src/simple_sim) by extension 'colcon_pkg'
[0.106s] Level 1:colcon.colcon_core.package_identification:_identify(src/simple_sim) by extensions ['colcon_meta']
[0.106s] Level 1:colcon.colcon_core.package_identification:_identify(src/simple_sim) by extension 'colcon_meta'
[0.107s] Level 1:colcon.colcon_core.package_identification:_identify(src/simple_sim) by extensions ['ros']
[0.107s] Level 1:colcon.colcon_core.package_identification:_identify(src/simple_sim) by extension 'ros'
[0.107s] DEBUG:colcon.colcon_core.package_identification:Package 'src/simple_sim' with type 'ros.ament_python' and name 'simple_sim'
[0.107s] Level 1:colcon.colcon_core.package_identification:_identify(src/visualizer) by extensions ['ignore', 'ignore_ament_install']
[0.107s] Level 1:colcon.colcon_core.package_identification:_identify(src/visualizer) by extension 'ignore'
[0.107s] Level 1:colcon.colcon_core.package_identification:_identify(src/visualizer) by extension 'ignore_ament_install'
[0.107s] Level 1:colcon.colcon_core.package_identification:_identify(src/visualizer) by extensions ['colcon_pkg']
[0.107s] Level 1:colcon.colcon_core.package_identification:_identify(src/visualizer) by extension 'colcon_pkg'
[0.108s] Level 1:colcon.colcon_core.package_identification:_identify(src/visualizer) by extensions ['colcon_meta']
[0.108s] Level 1:colcon.colcon_core.package_identification:_identify(src/visualizer) by extension 'colcon_meta'
[0.108s] Level 1:colcon.colcon_core.package_identification:_identify(src/visualizer) by extensions ['ros']
[0.108s] Level 1:colcon.colcon_core.package_identification:_identify(src/visualizer) by extension 'ros'
[0.108s] DEBUG:colcon.colcon_core.package_identification:Package 'src/visualizer' with type 'ros.ament_cmake' and name 'visualizer'
[0.108s] Level 1:colcon.colcon_core.package_discovery:discover_packages(recursive) using defaults
[0.108s] Level 1:colcon.colcon_core.package_discovery:discover_packages(ignore) discover
[0.108s] Level 1:colcon.colcon_core.package_discovery:discover_packages(ignore) using defaults
[0.108s] Level 1:colcon.colcon_core.package_discovery:discover_packages(path) discover
[0.108s] Level 1:colcon.colcon_core.package_discovery:discover_packages(path) using defaults
[0.118s] Level 1:colcon.colcon_core.package_discovery:discover_packages(prefix_path) check parameters
[0.118s] Level 1:colcon.colcon_core.package_discovery:discover_packages(prefix_path) discover
[0.122s] DEBUG:colcon.colcon_installed_package_information.package_discovery:Found 9 installed packages in /root/csci_420_robotics_labs/lab6_ws/install
[0.123s] DEBUG:colcon.colcon_installed_package_information.package_discovery:Found 401 installed packages in /opt/ros/kilted
[0.124s] Level 1:colcon.colcon_core.package_discovery:discover_packages(prefix_path) using defaults
[0.154s] Level 5:colcon.colcon_core.verb:set package 'flightcontroller' build argument 'cmake_args' from command line to 'None'
[0.154s] Level 5:colcon.colcon_core.verb:set package 'flightcontroller' build argument 'cmake_target' from command line to 'None'
[0.154s] Level 5:colcon.colcon_core.verb:set package 'flightcontroller' build argument 'cmake_target_skip_unavailable' from command line to 'False'
[0.154s] Level 5:colcon.colcon_core.verb:set package 'flightcontroller' build argument 'cmake_clean_cache' from command line to 'False'
[0.154s] Level 5:colcon.colcon_core.verb:set package 'flightcontroller' build argument 'cmake_clean_first' from command line to 'False'
[0.154s] Level 5:colcon.colcon_core.verb:set package 'flightcontroller' build argument 'cmake_force_configure' from command line to 'False'
[0.154s] Level 5:colcon.colcon_core.verb:set package 'flightcontroller' build argument 'ament_cmake_args' from command line to 'None'
[0.154s] Level 5:colcon.colcon_core.verb:set package 'flightcontroller' build argument 'catkin_cmake_args' from command line to 'None'
[0.154s] Level 5:colcon.colcon_core.verb:set package 'flightcontroller' build argument 'catkin_skip_building_tests' from command line to 'False'
[0.154s] DEBUG:colcon.colcon_core.verb:Building package 'flightcontroller' with the following arguments: {'ament_cmake_args': None, 'build_base': '/root/csci_420_robotics_labs/lab6_ws/build/flightcontroller', 'catkin_cmake_args': None, 'catkin_skip_building_tests': False, 'cmake_args': None, 'cmake_clean_cache': False, 'cmake_clean_first': False, 'cmake_force_configure': False, 'cmake_target': None, 'cmake_target_skip_unavailable': False, 'install_base': '/root/csci_420_robotics_labs/lab6_ws/install/flightcontroller', 'merge_install': False, 'path': '/root/csci_420_robotics_labs/lab6_ws/src/flightcontroller', 'symlink_install': False, 'test_result_base': None}
[0.155s] Level 5:colcon.colcon_core.verb:set package 'flightgoggles' build argument 'cmake_args' from command line to 'None'
[0.155s] Level 5:colcon.colcon_core.verb:set package 'flightgoggles' build argument 'cmake_target' from command line to 'None'
[0.155s] Level 5:colcon.colcon_core.verb:set package 'flightgoggles' build argument 'cmake_target_skip_unavailable' from command line to 'False'
[0.155s] Level 5:colcon.colcon_core.verb:set package 'flightgoggles' build argument 'cmake_clean_cache' from command line to 'False'
[0.155s] Level 5:colcon.colcon_core.verb:set package 'flightgoggles' build argument 'cmake_clean_first' from command line to 'False'
[0.155s] Level 5:colcon.colcon_core.verb:set package 'flightgoggles' build argument 'cmake_force_configure' from command line to 'False'
[0.155s] Level 5:colcon.colcon_core.verb:set package 'flightgoggles' build argument 'ament_cmake_args' from command line to 'None'
[0.155s] Level 5:colcon.colcon_core.verb:set package 'flightgoggles' build argument 'catkin_cmake_args' from command line to 'None'
[0.155s] Level 5:colcon.colcon_core.verb:set package 'flightgoggles' build argument 'catkin_skip_building_tests' from command line to 'False'
[0.155s] DEBUG:colcon.colcon_core.verb:Building package 'flightgoggles' with the following arguments: {'ament_cmake_args': None, 'build_base': '/root/csci_420_robotics_labs/lab6_ws/build/flightgoggles', 'catkin_cmake_args': None, 'catkin_skip_building_tests': False, 'cmake_args': None, 'cmake_clean_cache': False, 'cmake_clean_first': False, 'cmake_force_configure': False, 'cmake_target': None, 'cmake_target_skip_unavailable': False, 'install_base': '/root/csci_420_robotics_labs/lab6_ws/install/flightgoggles', 'merge_install': False, 'path': '/root/csci_420_robotics_labs/lab6_ws/src/flightgoggles/flightgoggles', 'symlink_install': False, 'test_result_base': None}
[0.155s] Level 5:colcon.colcon_core.verb:set package 'flightgoggles_uav_dynamics' build argument 'cmake_args' from command line to 'None'
[0.155s] Level 5:colcon.colcon_core.verb:set package 'flightgoggles_uav_dynamics' build argument 'cmake_target' from command line to 'None'
[0.155s] Level 5:colcon.colcon_core.verb:set package 'flightgoggles_uav_dynamics' build argument 'cmake_target_skip_unavailable' from command line to 'False'
[0.155s] Level 5:colcon.colcon_core.verb:set package 'flightgoggles_uav_dynamics' build argument 'cmake_clean_cache' from command line to 'False'
[0.155s] Level 5:colcon.colcon_core.verb:set package 'flightgoggles_uav_dynamics' build argument 'cmake_clean_first' from command line to 'False'
[0.155s] Level 5:colcon.colcon_core.verb:set package 'flightgoggles_uav_dynamics' build argument 'cmake_force_configure' from command line to 'False'
[0.155s] Level 5:colcon.colcon_core.verb:set package 'flightgoggles_uav_dynamics' build argument 'ament_cmake_args' from command line to 'None'
[0.155s] Level 5:colcon.colcon_core.verb:set package 'flightgoggles_uav_dynamics' build argument 'catkin_cmake_args' from command line to 'None'
[0.155s] Level 5:colcon.colcon_core.verb:set package 'flightgoggles_uav_dynamics' build argument 'catkin_skip_building_tests' from command line to 'False'
[0.155s] DEBUG:colcon.colcon_core.verb:Building package 'flightgoggles_uav_dynamics' with the following arguments: {'ament_cmake_args': None, 'build_base': '/root/csci_420_robotics_labs/lab6_ws/build/flightgoggles_uav_dynamics', 'catkin_cmake_args': None, 'catkin_skip_building_tests': False, 'cmake_args': None, 'cmake_clean_cache': False, 'cmake_clean_first': False, 'cmake_force_configure': False, 'cmake_target': None, 'cmake_target_skip_unavailable': False, 'install_base': '/root/csci_420_robotics_labs/lab6_ws/install/flightgoggles_uav_dynamics', 'merge_install': False, 'path': '/root/csci_420_robotics_labs/lab6_ws/src/flightgoggles/flightgoggles_uav_dynamics', 'symlink_install': False, 'test_result_base': None}
[0.155s] Level 5:colcon.colcon_core.verb:set package 'keyboard_msgs' build argument 'cmake_args' from command line to 'None'
[0.156s] Level 5:colcon.colcon_core.verb:set package 'keyboard_msgs' build argument 'cmake_target' from command line to 'None'
[0.156s] Level 5:colcon.colcon_core.verb:set package 'keyboard_msgs' build argument 'cmake_target_skip_unavailable' from command line to 'False'
[0.156s] Level 5:colcon.colcon_core.verb:set package 'keyboard_msgs' build argument 'cmake_clean_cache' from command line to 'False'
[0.156s] Level 5:colcon.colcon_core.verb:set package 'keyboard_msgs' build argument 'cmake_clean_first' from command line to 'False'
[0.156s] Level 5:colcon.colcon_core.verb:set package 'keyboard_msgs' build argument 'cmake_force_configure' from command line to 'False'
[0.156s] Level 5:colcon.colcon_core.verb:set package 'keyboard_msgs' build argument 'ament_cmake_args' from command line to 'None'
[0.156s] Level 5:colcon.colcon_core.verb:set package 'keyboard_msgs' build argument 'catkin_cmake_args' from command line to 'None'
[0.156s] Level 5:colcon.colcon_core.verb:set package 'keyboard_msgs' build argument 'catkin_skip_building_tests' from command line to 'False'
[0.156s] DEBUG:colcon.colcon_core.verb:Building package 'keyboard_msgs' with the following arguments: {'ament_cmake_args': None, 'build_base': '/root/csci_420_robotics_labs/lab6_ws/build/keyboard_msgs', 'catkin_cmake_args': None, 'catkin_skip_building_tests': False, 'cmake_args': None, 'cmake_clean_cache': False, 'cmake_clean_first': False, 'cmake_force_configure': False, 'cmake_target': None, 'cmake_target_skip_unavailable': False, 'install_base': '/root/csci_420_robotics_labs/lab6_ws/install/keyboard_msgs', 'merge_install': False, 'path': '/root/csci_420_robotics_labs/lab6_ws/src/ros2-keyboard/keyboard_msgs', 'symlink_install': False, 'test_result_base': None}
[0.156s] Level 5:colcon.colcon_core.verb:set package 'sensor_simulation' build argument 'cmake_args' from command line to 'None'
[0.156s] Level 5:colcon.colcon_core.verb:set package 'sensor_simulation' build argument 'cmake_target' from command line to 'None'
[0.156s] Level 5:colcon.colcon_core.verb:set package 'sensor_simulation' build argument 'cmake_target_skip_unavailable' from command line to 'False'
[0.156s] Level 5:colcon.colcon_core.verb:set package 'sensor_simulation' build argument 'cmake_clean_cache' from command line to 'False'
[0.156s] Level 5:colcon.colcon_core.verb:set package 'sensor_simulation' build argument 'cmake_clean_first' from command line to 'False'
[0.156s] Level 5:colcon.colcon_core.verb:set package 'sensor_simulation' build argument 'cmake_force_configure' from command line to 'False'
[0.156s] Level 5:colcon.colcon_core.verb:set package 'sensor_simulation' build argument 'ament_cmake_args' from command line to 'None'
[0.156s] Level 5:colcon.colcon_core.verb:set package 'sensor_simulation' build argument 'catkin_cmake_args' from command line to 'None'
[0.156s] Level 5:colcon.colcon_core.verb:set package 'sensor_simulation' build argument 'catkin_skip_building_tests' from command line to 'False'
[0.156s] DEBUG:colcon.colcon_core.verb:Building package 'sensor_simulation' with the following arguments: {'ament_cmake_args': None, 'build_base': '/root/csci_420_robotics_labs/lab6_ws/build/sensor_simulation', 'catkin_cmake_args': None, 'catkin_skip_building_tests': False, 'cmake_args': None, 'cmake_clean_cache': False, 'cmake_clean_first': False, 'cmake_force_configure': False, 'cmake_target': None, 'cmake_target_skip_unavailable': False, 'install_base': '/root/csci_420_robotics_labs/lab6_ws/install/sensor_simulation', 'merge_install': False, 'path': '/root/csci_420_robotics_labs/lab6_ws/src/sensor_simulation', 'symlink_install': False, 'test_result_base': None}
[0.156s] Level 5:colcon.colcon_core.verb:set package 'simple_control' build argument 'cmake_args' from command line to 'None'
[0.156s] Level 5:colcon.colcon_core.verb:set package 'simple_control' build argument 'cmake_target' from command line to 'None'
[0.157s] Level 5:colcon.colcon_core.verb:set package 'simple_control' build argument 'cmake_target_skip_unavailable' from command line to 'False'
[0.157s] Level 5:colcon.colcon_core.verb:set package 'simple_control' build argument 'cmake_clean_cache' from command line to 'False'
[0.157s] Level 5:colcon.colcon_core.verb:set package 'simple_control' build argument 'cmake_clean_first' from command line to 'False'
[0.157s] Level 5:colcon.colcon_core.verb:set package 'simple_control' build argument 'cmake_force_configure' from command line to 'False'
[0.157s] Level 5:colcon.colcon_core.verb:set package 'simple_control' build argument 'ament_cmake_args' from command line to 'None'
[0.157s] Level 5:colcon.colcon_core.verb:set package 'simple_control' build argument 'catkin_cmake_args' from command line to 'None'
[0.157s] Level 5:colcon.colcon_core.verb:set package 'simple_control' build argument 'catkin_skip_building_tests' from command line to 'False'
[0.157s] DEBUG:colcon.colcon_core.verb:Building package 'simple_control' with the following arguments: {'ament_cmake_args': None, 'build_base': '/root/csci_420_robotics_labs/lab6_ws/build/simple_control', 'catkin_cmake_args': None, 'catkin_skip_building_tests': False, 'cmake_args': None, 'cmake_clean_cache': False, 'cmake_clean_first': False, 'cmake_force_configure': False, 'cmake_target': None, 'cmake_target_skip_unavailable': False, 'install_base': '/root/csci_420_robotics_labs/lab6_ws/install/simple_control', 'merge_install': False, 'path': '/root/csci_420_robotics_labs/lab6_ws/src/simple_control', 'symlink_install': False, 'test_result_base': None}
[0.157s] Level 5:colcon.colcon_core.verb:set package 'simple_sim' build argument 'cmake_args' from command line to 'None'
[0.157s] Level 5:colcon.colcon_core.verb:set package 'simple_sim' build argument 'cmake_target' from command line to 'None'
[0.157s] Level 5:colcon.colcon_core.verb:set package 'simple_sim' build argument 'cmake_target_skip_unavailable' from command line to 'False'
[0.157s] Level 5:colcon.colcon_core.verb:set package 'simple_sim' build argument 'cmake_clean_cache' from command line to 'False'
[0.157s] Level 5:colcon.colcon_core.verb:set package 'simple_sim' build argument 'cmake_clean_first' from command line to 'False'
[0.157s] Level 5:colcon.colcon_core.verb:set package 'simple_sim' build argument 'cmake_force_configure' from command line to 'False'
[0.157s] Level 5:colcon.colcon_core.verb:set package 'simple_sim' build argument 'ament_cmake_args' from command line to 'None'
[0.157s] Level 5:colcon.colcon_core.verb:set package 'simple_sim' build argument 'catkin_cmake_args' from command line to 'None'
[0.157s] Level 5:colcon.colcon_core.verb:set package 'simple_sim' build argument 'catkin_skip_building_tests' from command line to 'False'
[0.157s] DEBUG:colcon.colcon_core.verb:Building package 'simple_sim' with the following arguments: {'ament_cmake_args': None, 'build_base': '/root/csci_420_robotics_labs/lab6_ws/build/simple_sim', 'catkin_cmake_args': None, 'catkin_skip_building_tests': False, 'cmake_args': None, 'cmake_clean_cache': False, 'cmake_clean_first': False, 'cmake_force_configure': False, 'cmake_target': None, 'cmake_target_skip_unavailable': False, 'install_base': '/root/csci_420_robotics_labs/lab6_ws/install/simple_sim', 'merge_install': False, 'path': '/root/csci_420_robotics_labs/lab6_ws/src/simple_sim', 'symlink_install': False, 'test_result_base': None}
[0.157s] Level 5:colcon.colcon_core.verb:set package 'visualizer' build argument 'cmake_args' from command line to 'None'
[0.158s] Level 5:colcon.colcon_core.verb:set package 'visualizer' build argument 'cmake_target' from command line to 'None'
[0.158s] Level 5:colcon.colcon_core.verb:set package 'visualizer' build argument 'cmake_target_skip_unavailable' from command line to 'False'
[0.158s] Level 5:colcon.colcon_core.verb:set package 'visualizer' build argument 'cmake_clean_cache' from command line to 'False'
[0.158s] Level 5:colcon.colcon_core.verb:set package 'visualizer' build argument 'cmake_clean_first' from command line to 'False'
[0.158s] Level 5:colcon.colcon_core.verb:set package 'visualizer' build argument 'cmake_force_configure' from command line to 'False'
[0.158s] Level 5:colcon.colcon_core.verb:set package 'visualizer' build argument 'ament_cmake_args' from command line to 'None'
[0.158s] Level 5:colcon.colcon_core.verb:set package 'visualizer' build argument 'catkin_cmake_args' from command line to 'None'
[0.158s] Level 5:colcon.colcon_core.verb:set package 'visualizer' build argument 'catkin_skip_building_tests' from command line to 'False'
[0.158s] DEBUG:colcon.colcon_core.verb:Building package 'visualizer' with the following arguments: {'ament_cmake_args': None, 'build_base': '/root/csci_420_robotics_labs/lab6_ws/build/visualizer', 'catkin_cmake_args': None, 'catkin_skip_building_tests': False, 'cmake_args': None, 'cmake_clean_cache': False, 'cmake_clean_first': False, 'cmake_force_configure': False, 'cmake_target': None, 'cmake_target_skip_unavailable': False, 'install_base': '/root/csci_420_robotics_labs/lab6_ws/install/visualizer', 'merge_install': False, 'path': '/root/csci_420_robotics_labs/lab6_ws/src/visualizer', 'symlink_install': False, 'test_result_base': None}
[0.158s] Level 5:colcon.colcon_core.verb:set package 'keyboard' build argument 'cmake_args' from command line to 'None'
[0.158s] Level 5:colcon.colcon_core.verb:set package 'keyboard' build argument 'cmake_target' from command line to 'None'
[0.158s] Level 5:colcon.colcon_core.verb:set package 'keyboard' build argument 'cmake_target_skip_unavailable' from command line to 'False'
[0.158s] Level 5:colcon.colcon_core.verb:set package 'keyboard' build argument 'cmake_clean_cache' from command line to 'False'
[0.158s] Level 5:colcon.colcon_core.verb:set package 'keyboard' build argument 'cmake_clean_first' from command line to 'False'
[0.158s] Level 5:colcon.colcon_core.verb:set package 'keyboard' build argument 'cmake_force_configure' from command line to 'False'
[0.158s] Level 5:colcon.colcon_core.verb:set package 'keyboard' build argument 'ament_cmake_args' from command line to 'None'
[0.158s] Level 5:colcon.colcon_core.verb:set package 'keyboard' build argument 'catkin_cmake_args' from command line to 'None'
[0.158s] Level 5:colcon.colcon_core.verb:set package 'keyboard' build argument 'catkin_skip_building_tests' from command line to 'False'
[0.158s] DEBUG:colcon.colcon_core.verb:Building package 'keyboard' with the following arguments: {'ament_cmake_args': None, 'build_base': '/root/csci_420_robotics_labs/lab6_ws/build/keyboard', 'catkin_cmake_args': None, 'catkin_skip_building_tests': False, 'cmake_args': None, 'cmake_clean_cache': False, 'cmake_clean_first': False, 'cmake_force_configure': False, 'cmake_target': None, 'cmake_target_skip_unavailable': False, 'install_base': '/root/csci_420_robotics_labs/lab6_ws/install/keyboard', 'merge_install': False, 'path': '/root/csci_420_robotics_labs/lab6_ws/src/ros2-keyboard/keyboard', 'symlink_install': False, 'test_result_base': None}
[0.158s] INFO:colcon.colcon_core.executor:Executing jobs using 'parallel' executor
[0.159s] DEBUG:colcon.colcon_parallel_executor.executor.parallel:run_until_complete
[0.159s] INFO:colcon.colcon_ros.task.ament_cmake.build:Building ROS package in '/root/csci_420_robotics_labs/lab6_ws/src/ros2-keyboard/keyboard_msgs' with build type 'ament_cmake'
[0.159s] INFO:colcon.colcon_cmake.task.cmake.build:Building CMake package in '/root/csci_420_robotics_labs/lab6_ws/src/ros2-keyboard/keyboard_msgs'
[0.160s] INFO:colcon.colcon_core.plugin_system:Skipping extension 'colcon_core.shell.bat': Not used on non-Windows systems
[0.160s] INFO:colcon.colcon_core.shell:Skip shell extension 'powershell' for command environment: Not usable outside of PowerShell
[0.160s] DEBUG:colcon.colcon_core.shell:Skip shell extension 'dsv' for command environment
[0.166s] INFO:colcon.colcon_ros.task.ament_cmake.build:Building ROS package in '/root/csci_420_robotics_labs/lab6_ws/src/flightcontroller' with build type 'ament_cmake'
[0.166s] INFO:colcon.colcon_cmake.task.cmake.build:Building CMake package in '/root/csci_420_robotics_labs/lab6_ws/src/flightcontroller'
[0.166s] INFO:colcon.colcon_core.shell:Skip shell extension 'powershell' for command environment: Not usable outside of PowerShell
[0.166s] DEBUG:colcon.colcon_core.shell:Skip shell extension 'dsv' for command environment
[0.171s] INFO:colcon.colcon_ros.task.ament_cmake.build:Building ROS package in '/root/csci_420_robotics_labs/lab6_ws/src/flightgoggles/flightgoggles' with build type 'ament_cmake'
[0.171s] INFO:colcon.colcon_cmake.task.cmake.build:Building CMake package in '/root/csci_420_robotics_labs/lab6_ws/src/flightgoggles/flightgoggles'
[0.171s] INFO:colcon.colcon_core.shell:Skip shell extension 'powershell' for command environment: Not usable outside of PowerShell
[0.171s] DEBUG:colcon.colcon_core.shell:Skip shell extension 'dsv' for command environment
[0.175s] INFO:colcon.colcon_ros.task.ament_cmake.build:Building ROS package in '/root/csci_420_robotics_labs/lab6_ws/src/flightgoggles/flightgoggles_uav_dynamics' with build type 'ament_cmake'
[0.175s] INFO:colcon.colcon_cmake.task.cmake.build:Building CMake package in '/root/csci_420_robotics_labs/lab6_ws/src/flightgoggles/flightgoggles_uav_dynamics'
[0.175s] INFO:colcon.colcon_core.shell:Skip shell extension 'powershell' for command environment: Not usable outside of PowerShell
[0.175s] DEBUG:colcon.colcon_core.shell:Skip shell extension 'dsv' for command environment
[0.179s] INFO:colcon.colcon_ros.task.ament_cmake.build:Building ROS package in '/root/csci_420_robotics_labs/lab6_ws/src/sensor_simulation' with build type 'ament_cmake'
[0.179s] INFO:colcon.colcon_cmake.task.cmake.build:Building CMake package in '/root/csci_420_robotics_labs/lab6_ws/src/sensor_simulation'
[0.179s] INFO:colcon.colcon_core.shell:Skip shell extension 'powershell' for command environment: Not usable outside of PowerShell
[0.179s] DEBUG:colcon.colcon_core.shell:Skip shell extension 'dsv' for command environment
[0.183s] INFO:colcon.colcon_ros.task.ament_python.build:Building ROS package in '/root/csci_420_robotics_labs/lab6_ws/src/simple_control' with build type 'ament_python'
[0.183s] Level 1:colcon.colcon_core.shell:create_environment_hook('simple_control', 'ament_prefix_path')
[0.184s] INFO:colcon.colcon_core.shell:Creating environment hook '/root/csci_420_robotics_labs/lab6_ws/install/simple_control/share/simple_control/hook/ament_prefix_path.ps1'
[0.184s] INFO:colcon.colcon_core.shell:Creating environment descriptor '/root/csci_420_robotics_labs/lab6_ws/install/simple_control/share/simple_control/hook/ament_prefix_path.dsv'
[0.185s] INFO:colcon.colcon_core.shell:Creating environment hook '/root/csci_420_robotics_labs/lab6_ws/install/simple_control/share/simple_control/hook/ament_prefix_path.sh'
[0.185s] INFO:colcon.colcon_core.shell:Skip shell extension 'powershell' for command environment: Not usable outside of PowerShell
[0.185s] DEBUG:colcon.colcon_core.shell:Skip shell extension 'dsv' for command environment
[0.189s] INFO:colcon.colcon_ros.task.ament_python.build:Building ROS package in '/root/csci_420_robotics_labs/lab6_ws/src/simple_sim' with build type 'ament_python'
[0.189s] Level 1:colcon.colcon_core.shell:create_environment_hook('simple_sim', 'ament_prefix_path')
[0.189s] INFO:colcon.colcon_core.shell:Creating environment hook '/root/csci_420_robotics_labs/lab6_ws/install/simple_sim/share/simple_sim/hook/ament_prefix_path.ps1'
[0.190s] INFO:colcon.colcon_core.shell:Creating environment descriptor '/root/csci_420_robotics_labs/lab6_ws/install/simple_sim/share/simple_sim/hook/ament_prefix_path.dsv'
[0.190s] INFO:colcon.colcon_core.shell:Creating environment hook '/root/csci_420_robotics_labs/lab6_ws/install/simple_sim/share/simple_sim/hook/ament_prefix_path.sh'
[0.190s] INFO:colcon.colcon_core.shell:Skip shell extension 'powershell' for command environment: Not usable outside of PowerShell
[0.190s] DEBUG:colcon.colcon_core.shell:Skip shell extension 'dsv' for command environment
[0.194s] INFO:colcon.colcon_ros.task.ament_cmake.build:Building ROS package in '/root/csci_420_robotics_labs/lab6_ws/src/visualizer' with build type 'ament_cmake'
[0.194s] INFO:colcon.colcon_cmake.task.cmake.build:Building CMake package in '/root/csci_420_robotics_labs/lab6_ws/src/visualizer'
[0.195s] INFO:colcon.colcon_core.shell:Skip shell extension 'powershell' for command environment: Not usable outside of PowerShell
[0.195s] DEBUG:colcon.colcon_core.shell:Skip shell extension 'dsv' for command environment
[0.204s] DEBUG:colcon.colcon_core.event_handler.log_command:Invoking command in '/root/csci_420_robotics_labs/lab6_ws/build/keyboard_msgs': CMAKE_PREFIX_PATH=${CMAKE_PREFIX_PATH}:/root/csci_420_robotics_labs/lab6_ws/install/simple_sim:/root/csci_420_robotics_labs/lab6_ws/install/simple_control:/opt/ros/kilted /usr/bin/cmake --build /root/csci_420_robotics_labs/lab6_ws/build/keyboard_msgs -- -j8 -l8
[0.208s] DEBUG:colcon.colcon_core.event_handler.log_command:Invoking command in '/root/csci_420_robotics_labs/lab6_ws/build/flightcontroller': CMAKE_PREFIX_PATH=${CMAKE_PREFIX_PATH}:/root/csci_420_robotics_labs/lab6_ws/install/simple_sim:/root/csci_420_robotics_labs/lab6_ws/install/simple_control:/opt/ros/kilted /usr/bin/cmake --build /root/csci_420_robotics_labs/lab6_ws/build/flightcontroller -- -j8 -l8
[0.212s] DEBUG:colcon.colcon_core.event_handler.log_command:Invoking command in '/root/csci_420_robotics_labs/lab6_ws/build/flightgoggles': CMAKE_PREFIX_PATH=${CMAKE_PREFIX_PATH}:/root/csci_420_robotics_labs/lab6_ws/install/simple_sim:/root/csci_420_robotics_labs/lab6_ws/install/simple_control:/opt/ros/kilted /usr/bin/cmake --build /root/csci_420_robotics_labs/lab6_ws/build/flightgoggles -- -j8 -l8
[0.216s] DEBUG:colcon.colcon_core.event_handler.log_command:Invoking command in '/root/csci_420_robotics_labs/lab6_ws/build/flightgoggles_uav_dynamics': CMAKE_PREFIX_PATH=${CMAKE_PREFIX_PATH}:/root/csci_420_robotics_labs/lab6_ws/install/simple_sim:/root/csci_420_robotics_labs/lab6_ws/install/simple_control:/opt/ros/kilted /usr/bin/cmake --build /root/csci_420_robotics_labs/lab6_ws/build/flightgoggles_uav_dynamics -- -j8 -l8
[0.220s] DEBUG:colcon.colcon_core.event_handler.log_command:Invoking command in '/root/csci_420_robotics_labs/lab6_ws/build/sensor_simulation': CMAKE_PREFIX_PATH=${CMAKE_PREFIX_PATH}:/root/csci_420_robotics_labs/lab6_ws/install/simple_sim:/root/csci_420_robotics_labs/lab6_ws/install/simple_control:/opt/ros/kilted /usr/bin/cmake --build /root/csci_420_robotics_labs/lab6_ws/build/sensor_simulation -- -j8 -l8
[0.428s] INFO:colcon.colcon_core.task.python.build:Building Python package in '/root/csci_420_robotics_labs/lab6_ws/src/simple_control'
[0.429s] INFO:colcon.colcon_core.shell:Skip shell extension 'powershell' for command environment: Not usable outside of PowerShell
[0.431s] DEBUG:colcon.colcon_core.shell:Skip shell extension 'dsv' for command environment
[0.593s] INFO:colcon.colcon_core.task.python.build:Building Python package in '/root/csci_420_robotics_labs/lab6_ws/src/simple_sim'
[0.594s] INFO:colcon.colcon_core.shell:Skip shell extension 'powershell' for command environment: Not usable outside of PowerShell
[0.594s] DEBUG:colcon.colcon_core.shell:Skip shell extension 'dsv' for command environment
[0.612s] DEBUG:colcon.colcon_core.event_handler.log_command:Invoked command in '/root/csci_420_robotics_labs/lab6_ws/build/flightcontroller' returned '0': CMAKE_PREFIX_PATH=${CMAKE_PREFIX_PATH}:/root/csci_420_robotics_labs/lab6_ws/install/simple_sim:/root/csci_420_robotics_labs/lab6_ws/install/simple_control:/opt/ros/kilted /usr/bin/cmake --build /root/csci_420_robotics_labs/lab6_ws/build/flightcontroller -- -j8 -l8
[0.614s] DEBUG:colcon.colcon_core.event_handler.log_command:Invoking command in '/root/csci_420_robotics_labs/lab6_ws/build/flightcontroller': CMAKE_PREFIX_PATH=${CMAKE_PREFIX_PATH}:/root/csci_420_robotics_labs/lab6_ws/install/simple_sim:/root/csci_420_robotics_labs/lab6_ws/install/simple_control:/opt/ros/kilted /usr/bin/cmake --install /root/csci_420_robotics_labs/lab6_ws/build/flightcontroller
[0.615s] DEBUG:colcon.colcon_core.event_handler.log_command:Invoked command in '/root/csci_420_robotics_labs/lab6_ws/build/flightgoggles' returned '0': CMAKE_PREFIX_PATH=${CMAKE_PREFIX_PATH}:/root/csci_420_robotics_labs/lab6_ws/install/simple_sim:/root/csci_420_robotics_labs/lab6_ws/install/simple_control:/opt/ros/kilted /usr/bin/cmake --build /root/csci_420_robotics_labs/lab6_ws/build/flightgoggles -- -j8 -l8
[0.616s] DEBUG:colcon.colcon_core.event_handler.log_command:Invoking command in '/root/csci_420_robotics_labs/lab6_ws/build/flightgoggles': CMAKE_PREFIX_PATH=${CMAKE_PREFIX_PATH}:/root/csci_420_robotics_labs/lab6_ws/install/simple_sim:/root/csci_420_robotics_labs/lab6_ws/install/simple_control:/opt/ros/kilted /usr/bin/cmake --install /root/csci_420_robotics_labs/lab6_ws/build/flightgoggles
[0.617s] DEBUG:colcon.colcon_core.event_handler.log_command:Invoked command in '/root/csci_420_robotics_labs/lab6_ws/build/sensor_simulation' returned '0': CMAKE_PREFIX_PATH=${CMAKE_PREFIX_PATH}:/root/csci_420_robotics_labs/lab6_ws/install/simple_sim:/root/csci_420_robotics_labs/lab6_ws/install/simple_control:/opt/ros/kilted /usr/bin/cmake --build /root/csci_420_robotics_labs/lab6_ws/build/sensor_simulation -- -j8 -l8
[0.618s] DEBUG:colcon.colcon_core.event_handler.log_command:Invoking command in '/root/csci_420_robotics_labs/lab6_ws/build/sensor_simulation': CMAKE_PREFIX_PATH=${CMAKE_PREFIX_PATH}:/root/csci_420_robotics_labs/lab6_ws/install/simple_sim:/root/csci_420_robotics_labs/lab6_ws/install/simple_control:/opt/ros/kilted /usr/bin/cmake --install /root/csci_420_robotics_labs/lab6_ws/build/sensor_simulation
[0.619s] DEBUG:colcon.colcon_core.event_handler.log_command:Invoked command in '/root/csci_420_robotics_labs/lab6_ws/build/flightgoggles_uav_dynamics' returned '0': CMAKE_PREFIX_PATH=${CMAKE_PREFIX_PATH}:/root/csci_420_robotics_labs/lab6_ws/install/simple_sim:/root/csci_420_robotics_labs/lab6_ws/install/simple_control:/opt/ros/kilted /usr/bin/cmake --build /root/csci_420_robotics_labs/lab6_ws/build/flightgoggles_uav_dynamics -- -j8 -l8
[0.620s] DEBUG:colcon.colcon_core.event_handler.log_command:Invoking command in '/root/csci_420_robotics_labs/lab6_ws/build/flightgoggles_uav_dynamics': CMAKE_PREFIX_PATH=${CMAKE_PREFIX_PATH}:/root/csci_420_robotics_labs/lab6_ws/install/simple_sim:/root/csci_420_robotics_labs/lab6_ws/install/simple_control:/opt/ros/kilted /usr/bin/cmake --install /root/csci_420_robotics_labs/lab6_ws/build/flightgoggles_uav_dynamics
[0.628s] DEBUG:colcon.colcon_core.event_handler.log_command:Invoking command in '/root/csci_420_robotics_labs/lab6_ws/build/visualizer': CMAKE_PREFIX_PATH=${CMAKE_PREFIX_PATH}:/root/csci_420_robotics_labs/lab6_ws/install/simple_sim:/root/csci_420_robotics_labs/lab6_ws/install/simple_control:/opt/ros/kilted /usr/bin/cmake --build /root/csci_420_robotics_labs/lab6_ws/build/visualizer -- -j8 -l8
[0.654s] Level 1:colcon.colcon_core.environment:create_environment_scripts_only(flightgoggles)
[0.658s] Level 1:colcon.colcon_core.environment:checking '/root/csci_420_robotics_labs/lab6_ws/install/flightgoggles' for CMake module files
[0.666s] Level 1:colcon.colcon_core.environment:checking '/root/csci_420_robotics_labs/lab6_ws/install/flightgoggles' for CMake config files
[0.672s] Level 1:colcon.colcon_core.shell:create_environment_hook('flightgoggles', 'cmake_prefix_path')
[0.672s] INFO:colcon.colcon_core.shell:Creating environment hook '/root/csci_420_robotics_labs/lab6_ws/install/flightgoggles/share/flightgoggles/hook/cmake_prefix_path.ps1'
[0.675s] INFO:colcon.colcon_core.shell:Creating environment descriptor '/root/csci_420_robotics_labs/lab6_ws/install/flightgoggles/share/flightgoggles/hook/cmake_prefix_path.dsv'
[0.677s] INFO:colcon.colcon_core.shell:Creating environment hook '/root/csci_420_robotics_labs/lab6_ws/install/flightgoggles/share/flightgoggles/hook/cmake_prefix_path.sh'
[0.680s] Level 1:colcon.colcon_core.environment:checking '/root/csci_420_robotics_labs/lab6_ws/install/flightgoggles/bin'
[0.681s] Level 1:colcon.colcon_core.environment:checking '/root/csci_420_robotics_labs/lab6_ws/install/flightgoggles/lib/pkgconfig/flightgoggles.pc'
[0.681s] Level 1:colcon.colcon_core.environment:checking '/root/csci_420_robotics_labs/lab6_ws/install/flightgoggles/lib/python3.12/site-packages'
[0.682s] Level 1:colcon.colcon_core.environment:checking '/root/csci_420_robotics_labs/lab6_ws/install/flightgoggles/bin'
[0.682s] INFO:colcon.colcon_core.shell:Creating package script '/root/csci_420_robotics_labs/lab6_ws/install/flightgoggles/share/flightgoggles/package.ps1'
[0.684s] INFO:colcon.colcon_core.shell:Creating package descriptor '/root/csci_420_robotics_labs/lab6_ws/install/flightgoggles/share/flightgoggles/package.dsv'
[0.686s] INFO:colcon.colcon_core.shell:Creating package script '/root/csci_420_robotics_labs/lab6_ws/install/flightgoggles/share/flightgoggles/package.sh'
[0.687s] INFO:colcon.colcon_core.shell:Creating package script '/root/csci_420_robotics_labs/lab6_ws/install/flightgoggles/share/flightgoggles/package.bash'
[0.688s] INFO:colcon.colcon_core.shell:Creating package script '/root/csci_420_robotics_labs/lab6_ws/install/flightgoggles/share/flightgoggles/package.zsh'
[0.690s] Level 1:colcon.colcon_core.environment:create_file_with_runtime_dependencies(/root/csci_420_robotics_labs/lab6_ws/install/flightgoggles/share/colcon-core/packages/flightgoggles)
[0.693s] DEBUG:colcon.colcon_core.event_handler.log_command:Invoked command in '/root/csci_420_robotics_labs/lab6_ws/build/keyboard_msgs' returned '0': CMAKE_PREFIX_PATH=${CMAKE_PREFIX_PATH}:/root/csci_420_robotics_labs/lab6_ws/install/simple_sim:/root/csci_420_robotics_labs/lab6_ws/install/simple_control:/opt/ros/kilted /usr/bin/cmake --build /root/csci_420_robotics_labs/lab6_ws/build/keyboard_msgs -- -j8 -l8
[0.693s] Level 1:colcon.colcon_core.environment:create_environment_scripts_only(flightgoggles)
[0.694s] Level 1:colcon.colcon_core.environment:checking '/root/csci_420_robotics_labs/lab6_ws/install/flightgoggles' for CMake module files
[0.698s] DEBUG:colcon.colcon_core.event_handler.log_command:Invoking command in '/root/csci_420_robotics_labs/lab6_ws/build/keyboard_msgs': CMAKE_PREFIX_PATH=${CMAKE_PREFIX_PATH}:/root/csci_420_robotics_labs/lab6_ws/install/simple_sim:/root/csci_420_robotics_labs/lab6_ws/install/simple_control:/opt/ros/kilted /usr/bin/cmake --install /root/csci_420_robotics_labs/lab6_ws/build/keyboard_msgs
[0.701s] Level 1:colcon.colcon_core.environment:checking '/root/csci_420_robotics_labs/lab6_ws/install/flightgoggles' for CMake config files
[0.703s] DEBUG:colcon.colcon_core.event_handler.log_command:Invoked command in '/root/csci_420_robotics_labs/lab6_ws/build/flightgoggles' returned '0': CMAKE_PREFIX_PATH=${CMAKE_PREFIX_PATH}:/root/csci_420_robotics_labs/lab6_ws/install/simple_sim:/root/csci_420_robotics_labs/lab6_ws/install/simple_control:/opt/ros/kilted /usr/bin/cmake --install /root/csci_420_robotics_labs/lab6_ws/build/flightgoggles
[0.705s] Level 1:colcon.colcon_core.shell:create_environment_hook('flightgoggles', 'cmake_prefix_path')
[0.705s] INFO:colcon.colcon_core.shell:Creating environment hook '/root/csci_420_robotics_labs/lab6_ws/install/flightgoggles/share/flightgoggles/hook/cmake_prefix_path.ps1'
[0.712s] INFO:colcon.colcon_core.shell:Creating environment descriptor '/root/csci_420_robotics_labs/lab6_ws/install/flightgoggles/share/flightgoggles/hook/cmake_prefix_path.dsv'
[0.717s] INFO:colcon.colcon_core.shell:Creating environment hook '/root/csci_420_robotics_labs/lab6_ws/install/flightgoggles/share/flightgoggles/hook/cmake_prefix_path.sh'
[0.718s] Level 1:colcon.colcon_core.environment:checking '/root/csci_420_robotics_labs/lab6_ws/install/flightgoggles/bin'
[0.719s] Level 1:colcon.colcon_core.environment:checking '/root/csci_420_robotics_labs/lab6_ws/install/flightgoggles/lib/pkgconfig/flightgoggles.pc'
[0.719s] Level 1:colcon.colcon_core.environment:checking '/root/csci_420_robotics_labs/lab6_ws/install/flightgoggles/lib/python3.12/site-packages'
[0.719s] Level 1:colcon.colcon_core.environment:checking '/root/csci_420_robotics_labs/lab6_ws/install/flightgoggles/bin'
[0.720s] INFO:colcon.colcon_core.shell:Creating package script '/root/csci_420_robotics_labs/lab6_ws/install/flightgoggles/share/flightgoggles/package.ps1'
[0.720s] INFO:colcon.colcon_core.shell:Creating package descriptor '/root/csci_420_robotics_labs/lab6_ws/install/flightgoggles/share/flightgoggles/package.dsv'
[0.721s] INFO:colcon.colcon_core.shell:Creating package script '/root/csci_420_robotics_labs/lab6_ws/install/flightgoggles/share/flightgoggles/package.sh'
[0.722s] INFO:colcon.colcon_core.shell:Creating package script '/root/csci_420_robotics_labs/lab6_ws/install/flightgoggles/share/flightgoggles/package.bash'
[0.723s] INFO:colcon.colcon_core.shell:Creating package script '/root/csci_420_robotics_labs/lab6_ws/install/flightgoggles/share/flightgoggles/package.zsh'
[0.724s] Level 1:colcon.colcon_core.environment:create_file_with_runtime_dependencies(/root/csci_420_robotics_labs/lab6_ws/install/flightgoggles/share/colcon-core/packages/flightgoggles)
[0.725s] Level 1:colcon.colcon_core.environment:create_environment_scripts_only(flightcontroller)
[0.725s] Level 1:colcon.colcon_core.environment:checking '/root/csci_420_robotics_labs/lab6_ws/install/flightcontroller' for CMake module files
[0.732s] Level 1:colcon.colcon_core.environment:checking '/root/csci_420_robotics_labs/lab6_ws/install/flightcontroller' for CMake config files
[0.739s] Level 1:colcon.colcon_core.shell:create_environment_hook('flightcontroller', 'cmake_prefix_path')
[0.739s] INFO:colcon.colcon_core.shell:Creating environment hook '/root/csci_420_robotics_labs/lab6_ws/install/flightcontroller/share/flightcontroller/hook/cmake_prefix_path.ps1'
[0.741s] INFO:colcon.colcon_core.shell:Creating environment descriptor '/root/csci_420_robotics_labs/lab6_ws/install/flightcontroller/share/flightcontroller/hook/cmake_prefix_path.dsv'
[0.742s] INFO:colcon.colcon_core.shell:Creating environment hook '/root/csci_420_robotics_labs/lab6_ws/install/flightcontroller/share/flightcontroller/hook/cmake_prefix_path.sh'
[0.744s] Level 1:colcon.colcon_core.environment:checking '/root/csci_420_robotics_labs/lab6_ws/install/flightcontroller/lib'
[0.745s] Level 1:colcon.colcon_core.environment:checking '/root/csci_420_robotics_labs/lab6_ws/install/flightcontroller/bin'
[0.745s] Level 1:colcon.colcon_core.environment:checking '/root/csci_420_robotics_labs/lab6_ws/install/flightcontroller/lib/pkgconfig/flightcontroller.pc'
[0.747s] Level 1:colcon.colcon_core.environment:checking '/root/csci_420_robotics_labs/lab6_ws/install/flightcontroller/lib/python3.12/site-packages'
[0.747s] Level 1:colcon.colcon_core.environment:checking '/root/csci_420_robotics_labs/lab6_ws/install/flightcontroller/bin'
[0.752s] INFO:colcon.colcon_core.shell:Creating package script '/root/csci_420_robotics_labs/lab6_ws/install/flightcontroller/share/flightcontroller/package.ps1'
[0.753s] INFO:colcon.colcon_core.shell:Creating package descriptor '/root/csci_420_robotics_labs/lab6_ws/install/flightcontroller/share/flightcontroller/package.dsv'
[0.753s] INFO:colcon.colcon_core.shell:Creating package script '/root/csci_420_robotics_labs/lab6_ws/install/flightcontroller/share/flightcontroller/package.sh'
[0.754s] INFO:colcon.colcon_core.shell:Creating package script '/root/csci_420_robotics_labs/lab6_ws/install/flightcontroller/share/flightcontroller/package.bash'
[0.755s] INFO:colcon.colcon_core.shell:Creating package script '/root/csci_420_robotics_labs/lab6_ws/install/flightcontroller/share/flightcontroller/package.zsh'
[0.757s] Level 1:colcon.colcon_core.environment:create_file_with_runtime_dependencies(/root/csci_420_robotics_labs/lab6_ws/install/flightcontroller/share/colcon-core/packages/flightcontroller)
[0.760s] Level 1:colcon.colcon_core.environment:create_environment_scripts_only(flightcontroller)
[0.760s] Level 1:colcon.colcon_core.environment:checking '/root/csci_420_robotics_labs/lab6_ws/install/flightcontroller' for CMake module files
[0.763s] Level 1:colcon.colcon_core.environment:checking '/root/csci_420_robotics_labs/lab6_ws/install/flightcontroller' for CMake config files
[0.768s] DEBUG:colcon.colcon_core.event_handler.log_command:Invoked command in '/root/csci_420_robotics_labs/lab6_ws/build/flightcontroller' returned '0': CMAKE_PREFIX_PATH=${CMAKE_PREFIX_PATH}:/root/csci_420_robotics_labs/lab6_ws/install/simple_sim:/root/csci_420_robotics_labs/lab6_ws/install/simple_control:/opt/ros/kilted /usr/bin/cmake --install /root/csci_420_robotics_labs/lab6_ws/build/flightcontroller
[0.769s] Level 1:colcon.colcon_core.shell:create_environment_hook('flightcontroller', 'cmake_prefix_path')
[0.769s] INFO:colcon.colcon_core.shell:Creating environment hook '/root/csci_420_robotics_labs/lab6_ws/install/flightcontroller/share/flightcontroller/hook/cmake_prefix_path.ps1'
[0.771s] INFO:colcon.colcon_core.shell:Creating environment descriptor '/root/csci_420_robotics_labs/lab6_ws/install/flightcontroller/share/flightcontroller/hook/cmake_prefix_path.dsv'
[0.773s] INFO:colcon.colcon_core.shell:Creating environment hook '/root/csci_420_robotics_labs/lab6_ws/install/flightcontroller/share/flightcontroller/hook/cmake_prefix_path.sh'
[0.774s] Level 1:colcon.colcon_core.environment:checking '/root/csci_420_robotics_labs/lab6_ws/install/flightcontroller/lib'
[0.774s] Level 1:colcon.colcon_core.environment:checking '/root/csci_420_robotics_labs/lab6_ws/install/flightcontroller/bin'
[0.775s] Level 1:colcon.colcon_core.environment:checking '/root/csci_420_robotics_labs/lab6_ws/install/flightcontroller/lib/pkgconfig/flightcontroller.pc'
[0.775s] Level 1:colcon.colcon_core.environment:checking '/root/csci_420_robotics_labs/lab6_ws/install/flightcontroller/lib/python3.12/site-packages'
[0.775s] Level 1:colcon.colcon_core.environment:checking '/root/csci_420_robotics_labs/lab6_ws/install/flightcontroller/bin'
[0.776s] INFO:colcon.colcon_core.shell:Creating package script '/root/csci_420_robotics_labs/lab6_ws/install/flightcontroller/share/flightcontroller/package.ps1'
[0.777s] INFO:colcon.colcon_core.shell:Creating package descriptor '/root/csci_420_robotics_labs/lab6_ws/install/flightcontroller/share/flightcontroller/package.dsv'
[0.778s] INFO:colcon.colcon_core.shell:Creating package script '/root/csci_420_robotics_labs/lab6_ws/install/flightcontroller/share/flightcontroller/package.sh'
[0.779s] INFO:colcon.colcon_core.shell:Creating package script '/root/csci_420_robotics_labs/lab6_ws/install/flightcontroller/share/flightcontroller/package.bash'
[0.781s] INFO:colcon.colcon_core.shell:Creating package script '/root/csci_420_robotics_labs/lab6_ws/install/flightcontroller/share/flightcontroller/package.zsh'
[0.782s] Level 1:colcon.colcon_core.environment:create_file_with_runtime_dependencies(/root/csci_420_robotics_labs/lab6_ws/install/flightcontroller/share/colcon-core/packages/flightcontroller)
[0.783s] Level 1:colcon.colcon_core.environment:create_environment_scripts_only(flightgoggles_uav_dynamics)
[0.784s] Level 1:colcon.colcon_core.environment:checking '/root/csci_420_robotics_labs/lab6_ws/install/flightgoggles_uav_dynamics' for CMake module files
[0.790s] DEBUG:colcon.colcon_core.event_handler.log_command:Invoked command in '/root/csci_420_robotics_labs/lab6_ws/build/flightgoggles_uav_dynamics' returned '0': CMAKE_PREFIX_PATH=${CMAKE_PREFIX_PATH}:/root/csci_420_robotics_labs/lab6_ws/install/simple_sim:/root/csci_420_robotics_labs/lab6_ws/install/simple_control:/opt/ros/kilted /usr/bin/cmake --install /root/csci_420_robotics_labs/lab6_ws/build/flightgoggles_uav_dynamics
[0.791s] Level 1:colcon.colcon_core.environment:checking '/root/csci_420_robotics_labs/lab6_ws/install/flightgoggles_uav_dynamics' for CMake config files
[0.796s] Level 1:colcon.colcon_core.shell:create_environment_hook('flightgoggles_uav_dynamics', 'cmake_prefix_path')
[0.796s] INFO:colcon.colcon_core.shell:Creating environment hook '/root/csci_420_robotics_labs/lab6_ws/install/flightgoggles_uav_dynamics/share/flightgoggles_uav_dynamics/hook/cmake_prefix_path.ps1'
[0.798s] INFO:colcon.colcon_core.shell:Creating environment descriptor '/root/csci_420_robotics_labs/lab6_ws/install/flightgoggles_uav_dynamics/share/flightgoggles_uav_dynamics/hook/cmake_prefix_path.dsv'
[0.799s] INFO:colcon.colcon_core.shell:Creating environment hook '/root/csci_420_robotics_labs/lab6_ws/install/flightgoggles_uav_dynamics/share/flightgoggles_uav_dynamics/hook/cmake_prefix_path.sh'
[0.802s] Level 1:colcon.colcon_core.environment:checking '/root/csci_420_robotics_labs/lab6_ws/install/flightgoggles_uav_dynamics/lib'
[0.802s] Level 1:colcon.colcon_core.environment:checking '/root/csci_420_robotics_labs/lab6_ws/install/flightgoggles_uav_dynamics/bin'
[0.802s] Level 1:colcon.colcon_core.environment:checking '/root/csci_420_robotics_labs/lab6_ws/install/flightgoggles_uav_dynamics/lib/pkgconfig/flightgoggles_uav_dynamics.pc'
[0.803s] Level 1:colcon.colcon_core.environment:checking '/root/csci_420_robotics_labs/lab6_ws/install/flightgoggles_uav_dynamics/lib/python3.12/site-packages'
[0.803s] Level 1:colcon.colcon_core.environment:checking '/root/csci_420_robotics_labs/lab6_ws/install/flightgoggles_uav_dynamics/bin'
[0.804s] INFO:colcon.colcon_core.shell:Creating package script '/root/csci_420_robotics_labs/lab6_ws/install/flightgoggles_uav_dynamics/share/flightgoggles_uav_dynamics/package.ps1'
[0.805s] INFO:colcon.colcon_core.shell:Creating package descriptor '/root/csci_420_robotics_labs/lab6_ws/install/flightgoggles_uav_dynamics/share/flightgoggles_uav_dynamics/package.dsv'
[0.806s] INFO:colcon.colcon_core.shell:Creating package script '/root/csci_420_robotics_labs/lab6_ws/install/flightgoggles_uav_dynamics/share/flightgoggles_uav_dynamics/package.sh'
[0.808s] INFO:colcon.colcon_core.shell:Creating package script '/root/csci_420_robotics_labs/lab6_ws/install/flightgoggles_uav_dynamics/share/flightgoggles_uav_dynamics/package.bash'
[0.809s] INFO:colcon.colcon_core.shell:Creating package script '/root/csci_420_robotics_labs/lab6_ws/install/flightgoggles_uav_dynamics/share/flightgoggles_uav_dynamics/package.zsh'
[0.811s] Level 1:colcon.colcon_core.environment:create_file_with_runtime_dependencies(/root/csci_420_robotics_labs/lab6_ws/install/flightgoggles_uav_dynamics/share/colcon-core/packages/flightgoggles_uav_dynamics)
[0.814s] Level 1:colcon.colcon_core.environment:create_environment_scripts_only(flightgoggles_uav_dynamics)
[0.815s] Level 1:colcon.colcon_core.environment:checking '/root/csci_420_robotics_labs/lab6_ws/install/flightgoggles_uav_dynamics' for CMake module files
[0.817s] Level 1:colcon.colcon_core.environment:checking '/root/csci_420_robotics_labs/lab6_ws/install/flightgoggles_uav_dynamics' for CMake config files
[0.818s] Level 1:colcon.colcon_core.shell:create_environment_hook('flightgoggles_uav_dynamics', 'cmake_prefix_path')
[0.819s] INFO:colcon.colcon_core.shell:Creating environment hook '/root/csci_420_robotics_labs/lab6_ws/install/flightgoggles_uav_dynamics/share/flightgoggles_uav_dynamics/hook/cmake_prefix_path.ps1'
[0.819s] INFO:colcon.colcon_core.shell:Creating environment descriptor '/root/csci_420_robotics_labs/lab6_ws/install/flightgoggles_uav_dynamics/share/flightgoggles_uav_dynamics/hook/cmake_prefix_path.dsv'
[0.820s] INFO:colcon.colcon_core.shell:Creating environment hook '/root/csci_420_robotics_labs/lab6_ws/install/flightgoggles_uav_dynamics/share/flightgoggles_uav_dynamics/hook/cmake_prefix_path.sh'
[0.822s] Level 1:colcon.colcon_core.environment:checking '/root/csci_420_robotics_labs/lab6_ws/install/flightgoggles_uav_dynamics/lib'
[0.823s] Level 1:colcon.colcon_core.environment:checking '/root/csci_420_robotics_labs/lab6_ws/install/flightgoggles_uav_dynamics/bin'
[0.823s] Level 1:colcon.colcon_core.environment:checking '/root/csci_420_robotics_labs/lab6_ws/install/flightgoggles_uav_dynamics/lib/pkgconfig/flightgoggles_uav_dynamics.pc'
[0.823s] Level 1:colcon.colcon_core.environment:checking '/root/csci_420_robotics_labs/lab6_ws/install/flightgoggles_uav_dynamics/lib/python3.12/site-packages'
[0.827s] Level 1:colcon.colcon_core.environment:checking '/root/csci_420_robotics_labs/lab6_ws/install/flightgoggles_uav_dynamics/bin'
[0.827s] INFO:colcon.colcon_core.shell:Creating package script '/root/csci_420_robotics_labs/lab6_ws/install/flightgoggles_uav_dynamics/share/flightgoggles_uav_dynamics/package.ps1'
[0.828s] INFO:colcon.colcon_core.shell:Creating package descriptor '/root/csci_420_robotics_labs/lab6_ws/install/flightgoggles_uav_dynamics/share/flightgoggles_uav_dynamics/package.dsv'
[0.828s] INFO:colcon.colcon_core.shell:Creating package script '/root/csci_420_robotics_labs/lab6_ws/install/flightgoggles_uav_dynamics/share/flightgoggles_uav_dynamics/package.sh'
[0.828s] INFO:colcon.colcon_core.shell:Creating package script '/root/csci_420_robotics_labs/lab6_ws/install/flightgoggles_uav_dynamics/share/flightgoggles_uav_dynamics/package.bash'
[0.829s] INFO:colcon.colcon_core.shell:Creating package script '/root/csci_420_robotics_labs/lab6_ws/install/flightgoggles_uav_dynamics/share/flightgoggles_uav_dynamics/package.zsh'
[0.829s] Level 1:colcon.colcon_core.environment:create_file_with_runtime_dependencies(/root/csci_420_robotics_labs/lab6_ws/install/flightgoggles_uav_dynamics/share/colcon-core/packages/flightgoggles_uav_dynamics)
[0.830s] Level 1:colcon.colcon_core.environment:create_environment_scripts_only(keyboard_msgs)
[0.830s] Level 1:colcon.colcon_core.environment:checking '/root/csci_420_robotics_labs/lab6_ws/install/keyboard_msgs' for CMake module files
[0.833s] DEBUG:colcon.colcon_core.event_handler.log_command:Invoked command in '/root/csci_420_robotics_labs/lab6_ws/build/keyboard_msgs' returned '0': CMAKE_PREFIX_PATH=${CMAKE_PREFIX_PATH}:/root/csci_420_robotics_labs/lab6_ws/install/simple_sim:/root/csci_420_robotics_labs/lab6_ws/install/simple_control:/opt/ros/kilted /usr/bin/cmake --install /root/csci_420_robotics_labs/lab6_ws/build/keyboard_msgs
[0.839s] Level 1:colcon.colcon_core.environment:checking '/root/csci_420_robotics_labs/lab6_ws/install/keyboard_msgs' for CMake config files
[0.845s] Level 1:colcon.colcon_core.shell:create_environment_hook('keyboard_msgs', 'cmake_prefix_path')
[0.845s] INFO:colcon.colcon_core.shell:Creating environment hook '/root/csci_420_robotics_labs/lab6_ws/install/keyboard_msgs/share/keyboard_msgs/hook/cmake_prefix_path.ps1'
[0.846s] INFO:colcon.colcon_core.shell:Creating environment descriptor '/root/csci_420_robotics_labs/lab6_ws/install/keyboard_msgs/share/keyboard_msgs/hook/cmake_prefix_path.dsv'
[0.848s] INFO:colcon.colcon_core.shell:Creating environment hook '/root/csci_420_robotics_labs/lab6_ws/install/keyboard_msgs/share/keyboard_msgs/hook/cmake_prefix_path.sh'
[0.851s] Level 1:colcon.colcon_core.environment:checking '/root/csci_420_robotics_labs/lab6_ws/install/keyboard_msgs/lib'
[0.852s] Level 1:colcon.colcon_core.shell:create_environment_hook('keyboard_msgs', 'ld_library_path_lib')
[0.855s] INFO:colcon.colcon_core.shell:Creating environment hook '/root/csci_420_robotics_labs/lab6_ws/install/keyboard_msgs/share/keyboard_msgs/hook/ld_library_path_lib.ps1'
[0.860s] INFO:colcon.colcon_core.shell:Creating environment descriptor '/root/csci_420_robotics_labs/lab6_ws/install/keyboard_msgs/share/keyboard_msgs/hook/ld_library_path_lib.dsv'
[0.861s] INFO:colcon.colcon_core.shell:Creating environment hook '/root/csci_420_robotics_labs/lab6_ws/install/keyboard_msgs/share/keyboard_msgs/hook/ld_library_path_lib.sh'
[0.863s] Level 1:colcon.colcon_core.environment:checking '/root/csci_420_robotics_labs/lab6_ws/install/keyboard_msgs/bin'
[0.863s] Level 1:colcon.colcon_core.environment:checking '/root/csci_420_robotics_labs/lab6_ws/install/keyboard_msgs/lib/pkgconfig/keyboard_msgs.pc'
[0.864s] Level 1:colcon.colcon_core.environment:checking '/root/csci_420_robotics_labs/lab6_ws/install/keyboard_msgs/lib/python3.12/site-packages'
[0.864s] Level 1:colcon.colcon_core.shell:create_environment_hook('keyboard_msgs', 'pythonpath')
[0.864s] INFO:colcon.colcon_core.shell:Creating environment hook '/root/csci_420_robotics_labs/lab6_ws/install/keyboard_msgs/share/keyboard_msgs/hook/pythonpath.ps1'
[0.864s] INFO:colcon.colcon_core.shell:Creating environment descriptor '/root/csci_420_robotics_labs/lab6_ws/install/keyboard_msgs/share/keyboard_msgs/hook/pythonpath.dsv'
[0.865s] INFO:colcon.colcon_core.shell:Creating environment hook '/root/csci_420_robotics_labs/lab6_ws/install/keyboard_msgs/share/keyboard_msgs/hook/pythonpath.sh'
[0.866s] Level 1:colcon.colcon_core.environment:checking '/root/csci_420_robotics_labs/lab6_ws/install/keyboard_msgs/bin'
[0.866s] INFO:colcon.colcon_core.shell:Creating package script '/root/csci_420_robotics_labs/lab6_ws/install/keyboard_msgs/share/keyboard_msgs/package.ps1'
[0.867s] INFO:colcon.colcon_core.shell:Creating package descriptor '/root/csci_420_robotics_labs/lab6_ws/install/keyboard_msgs/share/keyboard_msgs/package.dsv'
[0.867s] INFO:colcon.colcon_core.shell:Creating package script '/root/csci_420_robotics_labs/lab6_ws/install/keyboard_msgs/share/keyboard_msgs/package.sh'
[0.867s] INFO:colcon.colcon_core.shell:Creating package script '/root/csci_420_robotics_labs/lab6_ws/install/keyboard_msgs/share/keyboard_msgs/package.bash'
[0.868s] INFO:colcon.colcon_core.shell:Creating package script '/root/csci_420_robotics_labs/lab6_ws/install/keyboard_msgs/share/keyboard_msgs/package.zsh'
[0.872s] Level 1:colcon.colcon_core.environment:create_file_with_runtime_dependencies(/root/csci_420_robotics_labs/lab6_ws/install/keyboard_msgs/share/colcon-core/packages/keyboard_msgs)
[0.873s] Level 1:colcon.colcon_core.environment:create_environment_scripts_only(keyboard_msgs)
[0.873s] Level 1:colcon.colcon_core.environment:checking '/root/csci_420_robotics_labs/lab6_ws/install/keyboard_msgs' for CMake module files
[0.876s] Level 1:colcon.colcon_core.environment:checking '/root/csci_420_robotics_labs/lab6_ws/install/keyboard_msgs' for CMake config files
[0.884s] Level 1:colcon.colcon_core.shell:create_environment_hook('keyboard_msgs', 'cmake_prefix_path')
[0.885s] INFO:colcon.colcon_core.shell:Creating environment hook '/root/csci_420_robotics_labs/lab6_ws/install/keyboard_msgs/share/keyboard_msgs/hook/cmake_prefix_path.ps1'
[0.890s] INFO:colcon.colcon_core.shell:Creating environment descriptor '/root/csci_420_robotics_labs/lab6_ws/install/keyboard_msgs/share/keyboard_msgs/hook/cmake_prefix_path.dsv'
[0.891s] INFO:colcon.colcon_core.shell:Creating environment hook '/root/csci_420_robotics_labs/lab6_ws/install/keyboard_msgs/share/keyboard_msgs/hook/cmake_prefix_path.sh'
[0.892s] Level 1:colcon.colcon_core.environment:checking '/root/csci_420_robotics_labs/lab6_ws/install/keyboard_msgs/lib'
[0.893s] Level 1:colcon.colcon_core.shell:create_environment_hook('keyboard_msgs', 'ld_library_path_lib')
[0.894s] INFO:colcon.colcon_core.shell:Creating environment hook '/root/csci_420_robotics_labs/lab6_ws/install/keyboard_msgs/share/keyboard_msgs/hook/ld_library_path_lib.ps1'
[0.895s] INFO:colcon.colcon_core.shell:Creating environment descriptor '/root/csci_420_robotics_labs/lab6_ws/install/keyboard_msgs/share/keyboard_msgs/hook/ld_library_path_lib.dsv'
[0.895s] INFO:colcon.colcon_core.shell:Creating environment hook '/root/csci_420_robotics_labs/lab6_ws/install/keyboard_msgs/share/keyboard_msgs/hook/ld_library_path_lib.sh'
[0.902s] Level 1:colcon.colcon_core.environment:checking '/root/csci_420_robotics_labs/lab6_ws/install/keyboard_msgs/bin'
[0.902s] Level 1:colcon.colcon_core.environment:checking '/root/csci_420_robotics_labs/lab6_ws/install/keyboard_msgs/lib/pkgconfig/keyboard_msgs.pc'
[0.902s] Level 1:colcon.colcon_core.environment:checking '/root/csci_420_robotics_labs/lab6_ws/install/keyboard_msgs/lib/python3.12/site-packages'
[0.903s] Level 1:colcon.colcon_core.shell:create_environment_hook('keyboard_msgs', 'pythonpath')
[0.903s] INFO:colcon.colcon_core.shell:Creating environment hook '/root/csci_420_robotics_labs/lab6_ws/install/keyboard_msgs/share/keyboard_msgs/hook/pythonpath.ps1'
[0.903s] INFO:colcon.colcon_core.shell:Creating environment descriptor '/root/csci_420_robotics_labs/lab6_ws/install/keyboard_msgs/share/keyboard_msgs/hook/pythonpath.dsv'
[0.908s] INFO:colcon.colcon_core.shell:Creating environment hook '/root/csci_420_robotics_labs/lab6_ws/install/keyboard_msgs/share/keyboard_msgs/hook/pythonpath.sh'
[0.909s] Level 1:colcon.colcon_core.environment:checking '/root/csci_420_robotics_labs/lab6_ws/install/keyboard_msgs/bin'
[0.912s] INFO:colcon.colcon_core.shell:Creating package script '/root/csci_420_robotics_labs/lab6_ws/install/keyboard_msgs/share/keyboard_msgs/package.ps1'
[0.914s] INFO:colcon.colcon_core.shell:Creating package descriptor '/root/csci_420_robotics_labs/lab6_ws/install/keyboard_msgs/share/keyboard_msgs/package.dsv'
[0.917s] INFO:colcon.colcon_core.shell:Creating package script '/root/csci_420_robotics_labs/lab6_ws/install/keyboard_msgs/share/keyboard_msgs/package.sh'
[0.918s] INFO:colcon.colcon_core.shell:Creating package script '/root/csci_420_robotics_labs/lab6_ws/install/keyboard_msgs/share/keyboard_msgs/package.bash'
[0.918s] INFO:colcon.colcon_core.shell:Creating package script '/root/csci_420_robotics_labs/lab6_ws/install/keyboard_msgs/share/keyboard_msgs/package.zsh'
[0.919s] Level 1:colcon.colcon_core.environment:create_file_with_runtime_dependencies(/root/csci_420_robotics_labs/lab6_ws/install/keyboard_msgs/share/colcon-core/packages/keyboard_msgs)
[0.919s] INFO:colcon.colcon_ros.task.ament_cmake.build:Building ROS package in '/root/csci_420_robotics_labs/lab6_ws/src/ros2-keyboard/keyboard' with build type 'ament_cmake'
[0.919s] INFO:colcon.colcon_cmake.task.cmake.build:Building CMake package in '/root/csci_420_robotics_labs/lab6_ws/src/ros2-keyboard/keyboard'
[0.919s] INFO:colcon.colcon_core.shell:Skip shell extension 'powershell' for command environment: Not usable outside of PowerShell
[0.919s] DEBUG:colcon.colcon_core.shell:Skip shell extension 'dsv' for command environment
[0.935s] Level 1:colcon.colcon_core.environment:create_environment_scripts_only(sensor_simulation)
[0.935s] Level 1:colcon.colcon_core.environment:checking '/root/csci_420_robotics_labs/lab6_ws/install/sensor_simulation' for CMake module files
[0.936s] DEBUG:colcon.colcon_core.event_handler.log_command:Invoked command in '/root/csci_420_robotics_labs/lab6_ws/build/sensor_simulation' returned '0': CMAKE_PREFIX_PATH=${CMAKE_PREFIX_PATH}:/root/csci_420_robotics_labs/lab6_ws/install/simple_sim:/root/csci_420_robotics_labs/lab6_ws/install/simple_control:/opt/ros/kilted /usr/bin/cmake --install /root/csci_420_robotics_labs/lab6_ws/build/sensor_simulation
[0.946s] Level 1:colcon.colcon_core.environment:checking '/root/csci_420_robotics_labs/lab6_ws/install/sensor_simulation' for CMake config files
[0.951s] Level 1:colcon.colcon_core.shell:create_environment_hook('sensor_simulation', 'cmake_prefix_path')
[0.953s] INFO:colcon.colcon_core.shell:Creating environment hook '/root/csci_420_robotics_labs/lab6_ws/install/sensor_simulation/share/sensor_simulation/hook/cmake_prefix_path.ps1'
[0.957s] INFO:colcon.colcon_core.shell:Creating environment descriptor '/root/csci_420_robotics_labs/lab6_ws/install/sensor_simulation/share/sensor_simulation/hook/cmake_prefix_path.dsv'
[0.957s] INFO:colcon.colcon_core.shell:Creating environment hook '/root/csci_420_robotics_labs/lab6_ws/install/sensor_simulation/share/sensor_simulation/hook/cmake_prefix_path.sh'
[0.959s] Level 1:colcon.colcon_core.environment:checking '/root/csci_420_robotics_labs/lab6_ws/install/sensor_simulation/lib'
[0.959s] Level 1:colcon.colcon_core.environment:checking '/root/csci_420_robotics_labs/lab6_ws/install/sensor_simulation/bin'
[0.959s] Level 1:colcon.colcon_core.environment:checking '/root/csci_420_robotics_labs/lab6_ws/install/sensor_simulation/lib/pkgconfig/sensor_simulation.pc'
[0.959s] Level 1:colcon.colcon_core.environment:checking '/root/csci_420_robotics_labs/lab6_ws/install/sensor_simulation/lib/python3.12/site-packages'
[0.959s] Level 1:colcon.colcon_core.shell:create_environment_hook('sensor_simulation', 'pythonpath')
[0.960s] INFO:colcon.colcon_core.shell:Creating environment hook '/root/csci_420_robotics_labs/lab6_ws/install/sensor_simulation/share/sensor_simulation/hook/pythonpath.ps1'
[0.963s] INFO:colcon.colcon_core.shell:Creating environment descriptor '/root/csci_420_robotics_labs/lab6_ws/install/sensor_simulation/share/sensor_simulation/hook/pythonpath.dsv'
[0.963s] INFO:colcon.colcon_core.shell:Creating environment hook '/root/csci_420_robotics_labs/lab6_ws/install/sensor_simulation/share/sensor_simulation/hook/pythonpath.sh'
[0.965s] Level 1:colcon.colcon_core.environment:checking '/root/csci_420_robotics_labs/lab6_ws/install/sensor_simulation/bin'
[0.966s] INFO:colcon.colcon_core.shell:Creating package script '/root/csci_420_robotics_labs/lab6_ws/install/sensor_simulation/share/sensor_simulation/package.ps1'
[0.968s] INFO:colcon.colcon_core.shell:Creating package descriptor '/root/csci_420_robotics_labs/lab6_ws/install/sensor_simulation/share/sensor_simulation/package.dsv'
[0.969s] INFO:colcon.colcon_core.shell:Creating package script '/root/csci_420_robotics_labs/lab6_ws/install/sensor_simulation/share/sensor_simulation/package.sh'
[0.970s] INFO:colcon.colcon_core.shell:Creating package script '/root/csci_420_robotics_labs/lab6_ws/install/sensor_simulation/share/sensor_simulation/package.bash'
[0.970s] INFO:colcon.colcon_core.shell:Creating package script '/root/csci_420_robotics_labs/lab6_ws/install/sensor_simulation/share/sensor_simulation/package.zsh'
[0.971s] Level 1:colcon.colcon_core.environment:create_file_with_runtime_dependencies(/root/csci_420_robotics_labs/lab6_ws/install/sensor_simulation/share/colcon-core/packages/sensor_simulation)
[0.971s] Level 1:colcon.colcon_core.environment:create_environment_scripts_only(sensor_simulation)
[0.972s] Level 1:colcon.colcon_core.environment:checking '/root/csci_420_robotics_labs/lab6_ws/install/sensor_simulation' for CMake module files
[0.979s] Level 1:colcon.colcon_core.environment:checking '/root/csci_420_robotics_labs/lab6_ws/install/sensor_simulation' for CMake config files
[0.984s] Level 1:colcon.colcon_core.shell:create_environment_hook('sensor_simulation', 'cmake_prefix_path')
[0.984s] INFO:colcon.colcon_core.shell:Creating environment hook '/root/csci_420_robotics_labs/lab6_ws/install/sensor_simulation/share/sensor_simulation/hook/cmake_prefix_path.ps1'
[0.985s] INFO:colcon.colcon_core.shell:Creating environment descriptor '/root/csci_420_robotics_labs/lab6_ws/install/sensor_simulation/share/sensor_simulation/hook/cmake_prefix_path.dsv'
[0.985s] INFO:colcon.colcon_core.shell:Creating environment hook '/root/csci_420_robotics_labs/lab6_ws/install/sensor_simulation/share/sensor_simulation/hook/cmake_prefix_path.sh'
[0.989s] Level 1:colcon.colcon_core.environment:checking '/root/csci_420_robotics_labs/lab6_ws/install/sensor_simulation/lib'
[0.989s] Level 1:colcon.colcon_core.environment:checking '/root/csci_420_robotics_labs/lab6_ws/install/sensor_simulation/bin'
[0.989s] Level 1:colcon.colcon_core.environment:checking '/root/csci_420_robotics_labs/lab6_ws/install/sensor_simulation/lib/pkgconfig/sensor_simulation.pc'
[0.989s] Level 1:colcon.colcon_core.environment:checking '/root/csci_420_robotics_labs/lab6_ws/install/sensor_simulation/lib/python3.12/site-packages'
[0.989s] Level 1:colcon.colcon_core.shell:create_environment_hook('sensor_simulation', 'pythonpath')
[0.990s] INFO:colcon.colcon_core.shell:Creating environment hook '/root/csci_420_robotics_labs/lab6_ws/install/sensor_simulation/share/sensor_simulation/hook/pythonpath.ps1'
[0.990s] INFO:colcon.colcon_core.shell:Creating environment descriptor '/root/csci_420_robotics_labs/lab6_ws/install/sensor_simulation/share/sensor_simulation/hook/pythonpath.dsv'
[0.990s] INFO:colcon.colcon_core.shell:Creating environment hook '/root/csci_420_robotics_labs/lab6_ws/install/sensor_simulation/share/sensor_simulation/hook/pythonpath.sh'
[0.991s] Level 1:colcon.colcon_core.environment:checking '/root/csci_420_robotics_labs/lab6_ws/install/sensor_simulation/bin'
[0.995s] INFO:colcon.colcon_core.shell:Creating package script '/root/csci_420_robotics_labs/lab6_ws/install/sensor_simulation/share/sensor_simulation/package.ps1'
[0.996s] INFO:colcon.colcon_core.shell:Creating package descriptor '/root/csci_420_robotics_labs/lab6_ws/install/sensor_simulation/share/sensor_simulation/package.dsv'
[0.997s] INFO:colcon.colcon_core.shell:Creating package script '/root/csci_420_robotics_labs/lab6_ws/install/sensor_simulation/share/sensor_simulation/package.sh'
[0.997s] INFO:colcon.colcon_core.shell:Creating package script '/root/csci_420_robotics_labs/lab6_ws/install/sensor_simulation/share/sensor_simulation/package.bash'
[1.000s] INFO:colcon.colcon_core.shell:Creating package script '/root/csci_420_robotics_labs/lab6_ws/install/sensor_simulation/share/sensor_simulation/package.zsh'
[1.000s] Level 1:colcon.colcon_core.environment:create_file_with_runtime_dependencies(/root/csci_420_robotics_labs/lab6_ws/install/sensor_simulation/share/colcon-core/packages/sensor_simulation)
[1.010s] DEBUG:colcon.colcon_core.event_handler.log_command:Invoking command in '/root/csci_420_robotics_labs/lab6_ws/build/keyboard': CMAKE_PREFIX_PATH=/root/csci_420_robotics_labs/lab6_ws/install/keyboard_msgs:/root/csci_420_robotics_labs/lab6_ws/install/visualizer:/root/csci_420_robotics_labs/lab6_ws/install/sensor_simulation:/root/csci_420_robotics_labs/lab6_ws/install/keyboard:/root/csci_420_robotics_labs/lab6_ws/install/flightgoggles_uav_dynamics:/root/csci_420_robotics_labs/lab6_ws/install/flightgoggles:/root/csci_420_robotics_labs/lab6_ws/install/flightcontroller:/opt/ros/kilted/opt/gz_sim_vendor:/opt/ros/kilted/opt/gz_sensors_vendor:/opt/ros/kilted/opt/gz_physics_vendor:/opt/ros/kilted/opt/sdformat_vendor:/opt/ros/kilted/opt/gz_gui_vendor:/opt/ros/kilted/opt/gz_transport_vendor:/opt/ros/kilted/opt/gz_rendering_vendor:/opt/ros/kilted/opt/gz_plugin_vendor:/opt/ros/kilted/opt/gz_fuel_tools_vendor:/opt/ros/kilted/opt/gz_msgs_vendor:/opt/ros/kilted/opt/gz_common_vendor:/opt/ros/kilted/opt/gz_math_vendor:/opt/ros/kilted/opt/gz_utils_vendor:/opt/ros/kilted/opt/gz_tools_vendor:/opt/ros/kilted/opt/gz_ogre_next_vendor:/opt/ros/kilted/opt/gz_dartsim_vendor:/opt/ros/kilted/opt/gz_cmake_vendor:/root/csci_420_robotics_labs/lab6_ws/install/simple_sim:/root/csci_420_robotics_labs/lab6_ws/install/simple_control:/opt/ros/kilted PYTHONPATH=/root/csci_420_robotics_labs/lab6_ws/install/keyboard_msgs/lib/python3.12/site-packages:/root/csci_420_robotics_labs/lab6_ws/install/visualizer/lib/python3.12/site-packages:/root/csci_420_robotics_labs/lab6_ws/install/simple_sim/lib/python3.12/site-packages:/root/csci_420_robotics_labs/lab6_ws/install/simple_control/lib/python3.12/site-packages:/root/csci_420_robotics_labs/lab6_ws/install/sensor_simulation/lib/python3.12/site-packages:/opt/ros/kilted/lib/python3.12/site-packages /usr/bin/cmake --build /root/csci_420_robotics_labs/lab6_ws/build/keyboard -- -j8 -l8
[1.011s] DEBUG:colcon.colcon_core.event_handler.log_command:Invoked command in '/root/csci_420_robotics_labs/lab6_ws/build/visualizer' returned '0': CMAKE_PREFIX_PATH=${CMAKE_PREFIX_PATH}:/root/csci_420_robotics_labs/lab6_ws/install/simple_sim:/root/csci_420_robotics_labs/lab6_ws/install/simple_control:/opt/ros/kilted /usr/bin/cmake --build /root/csci_420_robotics_labs/lab6_ws/build/visualizer -- -j8 -l8
[1.012s] DEBUG:colcon.colcon_core.event_handler.log_command:Invoking command in '/root/csci_420_robotics_labs/lab6_ws/build/visualizer': CMAKE_PREFIX_PATH=${CMAKE_PREFIX_PATH}:/root/csci_420_robotics_labs/lab6_ws/install/simple_sim:/root/csci_420_robotics_labs/lab6_ws/install/simple_control:/opt/ros/kilted /usr/bin/cmake --install /root/csci_420_robotics_labs/lab6_ws/build/visualizer
[1.036s] DEBUG:colcon.colcon_core.event_handler.log_command:Invoking command in '/root/csci_420_robotics_labs/lab6_ws/src/simple_sim': PYTHONPATH=/root/csci_420_robotics_labs/lab6_ws/build/simple_sim/prefix_override:/usr/lib/python3/dist-packages/colcon_core/task/python/colcon_distutils_commands:/root/csci_420_robotics_labs/lab6_ws/install/simple_sim/lib/python3.12/site-packages:${PYTHONPATH} /usr/bin/python3 -W ignore:setup.py install is deprecated -W ignore:easy_install command is deprecated setup.py egg_info --egg-base ../../build/simple_sim build --build-base /root/csci_420_robotics_labs/lab6_ws/build/simple_sim/build install --record /root/csci_420_robotics_labs/lab6_ws/build/simple_sim/install.log --single-version-externally-managed install_data
[1.073s] Level 1:colcon.colcon_core.environment:create_environment_scripts_only(visualizer)
[1.073s] Level 1:colcon.colcon_core.environment:checking '/root/csci_420_robotics_labs/lab6_ws/install/visualizer' for CMake module files
[1.073s] DEBUG:colcon.colcon_core.event_handler.log_command:Invoked command in '/root/csci_420_robotics_labs/lab6_ws/build/visualizer' returned '0': CMAKE_PREFIX_PATH=${CMAKE_PREFIX_PATH}:/root/csci_420_robotics_labs/lab6_ws/install/simple_sim:/root/csci_420_robotics_labs/lab6_ws/install/simple_control:/opt/ros/kilted /usr/bin/cmake --install /root/csci_420_robotics_labs/lab6_ws/build/visualizer
[1.075s] Level 1:colcon.colcon_core.environment:checking '/root/csci_420_robotics_labs/lab6_ws/install/visualizer' for CMake config files
[1.077s] Level 1:colcon.colcon_core.shell:create_environment_hook('visualizer', 'cmake_prefix_path')
[1.077s] INFO:colcon.colcon_core.shell:Creating environment hook '/root/csci_420_robotics_labs/lab6_ws/install/visualizer/share/visualizer/hook/cmake_prefix_path.ps1'
[1.078s] INFO:colcon.colcon_core.shell:Creating environment descriptor '/root/csci_420_robotics_labs/lab6_ws/install/visualizer/share/visualizer/hook/cmake_prefix_path.dsv'
[1.078s] INFO:colcon.colcon_core.shell:Creating environment hook '/root/csci_420_robotics_labs/lab6_ws/install/visualizer/share/visualizer/hook/cmake_prefix_path.sh'
[1.079s] Level 1:colcon.colcon_core.environment:checking '/root/csci_420_robotics_labs/lab6_ws/install/visualizer/lib'
[1.079s] Level 1:colcon.colcon_core.environment:checking '/root/csci_420_robotics_labs/lab6_ws/install/visualizer/bin'
[1.079s] Level 1:colcon.colcon_core.environment:checking '/root/csci_420_robotics_labs/lab6_ws/install/visualizer/lib/pkgconfig/visualizer.pc'
[1.080s] Level 1:colcon.colcon_core.environment:checking '/root/csci_420_robotics_labs/lab6_ws/install/visualizer/lib/python3.12/site-packages'
[1.080s] Level 1:colcon.colcon_core.shell:create_environment_hook('visualizer', 'pythonpath')
[1.080s] INFO:colcon.colcon_core.shell:Creating environment hook '/root/csci_420_robotics_labs/lab6_ws/install/visualizer/share/visualizer/hook/pythonpath.ps1'
[1.081s] INFO:colcon.colcon_core.shell:Creating environment descriptor '/root/csci_420_robotics_labs/lab6_ws/install/visualizer/share/visualizer/hook/pythonpath.dsv'
[1.082s] INFO:colcon.colcon_core.shell:Creating environment hook '/root/csci_420_robotics_labs/lab6_ws/install/visualizer/share/visualizer/hook/pythonpath.sh'
[1.082s] Level 1:colcon.colcon_core.environment:checking '/root/csci_420_robotics_labs/lab6_ws/install/visualizer/bin'
[1.083s] INFO:colcon.colcon_core.shell:Creating package script '/root/csci_420_robotics_labs/lab6_ws/install/visualizer/share/visualizer/package.ps1'
[1.083s] INFO:colcon.colcon_core.shell:Creating package descriptor '/root/csci_420_robotics_labs/lab6_ws/install/visualizer/share/visualizer/package.dsv'
[1.083s] INFO:colcon.colcon_core.shell:Creating package script '/root/csci_420_robotics_labs/lab6_ws/install/visualizer/share/visualizer/package.sh'
[1.084s] INFO:colcon.colcon_core.shell:Creating package script '/root/csci_420_robotics_labs/lab6_ws/install/visualizer/share/visualizer/package.bash'
[1.084s] INFO:colcon.colcon_core.shell:Creating package script '/root/csci_420_robotics_labs/lab6_ws/install/visualizer/share/visualizer/package.zsh'
[1.085s] Level 1:colcon.colcon_core.environment:create_file_with_runtime_dependencies(/root/csci_420_robotics_labs/lab6_ws/install/visualizer/share/colcon-core/packages/visualizer)
[1.085s] Level 1:colcon.colcon_core.environment:create_environment_scripts_only(visualizer)
[1.085s] Level 1:colcon.colcon_core.environment:checking '/root/csci_420_robotics_labs/lab6_ws/install/visualizer' for CMake module files
[1.088s] Level 1:colcon.colcon_core.environment:checking '/root/csci_420_robotics_labs/lab6_ws/install/visualizer' for CMake config files
[1.090s] Level 1:colcon.colcon_core.shell:create_environment_hook('visualizer', 'cmake_prefix_path')
[1.090s] INFO:colcon.colcon_core.shell:Creating environment hook '/root/csci_420_robotics_labs/lab6_ws/install/visualizer/share/visualizer/hook/cmake_prefix_path.ps1'
[1.090s] INFO:colcon.colcon_core.shell:Creating environment descriptor '/root/csci_420_robotics_labs/lab6_ws/install/visualizer/share/visualizer/hook/cmake_prefix_path.dsv'
[1.090s] INFO:colcon.colcon_core.shell:Creating environment hook '/root/csci_420_robotics_labs/lab6_ws/install/visualizer/share/visualizer/hook/cmake_prefix_path.sh'
[1.091s] Level 1:colcon.colcon_core.environment:checking '/root/csci_420_robotics_labs/lab6_ws/install/visualizer/lib'
[1.091s] Level 1:colcon.colcon_core.environment:checking '/root/csci_420_robotics_labs/lab6_ws/install/visualizer/bin'
[1.091s] Level 1:colcon.colcon_core.environment:checking '/root/csci_420_robotics_labs/lab6_ws/install/visualizer/lib/pkgconfig/visualizer.pc'
[1.091s] Level 1:colcon.colcon_core.environment:checking '/root/csci_420_robotics_labs/lab6_ws/install/visualizer/lib/python3.12/site-packages'
[1.091s] Level 1:colcon.colcon_core.shell:create_environment_hook('visualizer', 'pythonpath')
[1.091s] INFO:colcon.colcon_core.shell:Creating environment hook '/root/csci_420_robotics_labs/lab6_ws/install/visualizer/share/visualizer/hook/pythonpath.ps1'
[1.092s] INFO:colcon.colcon_core.shell:Creating environment descriptor '/root/csci_420_robotics_labs/lab6_ws/install/visualizer/share/visualizer/hook/pythonpath.dsv'
[1.092s] INFO:colcon.colcon_core.shell:Creating environment hook '/root/csci_420_robotics_labs/lab6_ws/install/visualizer/share/visualizer/hook/pythonpath.sh'
[1.092s] Level 1:colcon.colcon_core.environment:checking '/root/csci_420_robotics_labs/lab6_ws/install/visualizer/bin'
[1.093s] INFO:colcon.colcon_core.shell:Creating package script '/root/csci_420_robotics_labs/lab6_ws/install/visualizer/share/visualizer/package.ps1'
[1.093s] INFO:colcon.colcon_core.shell:Creating package descriptor '/root/csci_420_robotics_labs/lab6_ws/install/visualizer/share/visualizer/package.dsv'
[1.093s] INFO:colcon.colcon_core.shell:Creating package script '/root/csci_420_robotics_labs/lab6_ws/install/visualizer/share/visualizer/package.sh'
[1.094s] INFO:colcon.colcon_core.shell:Creating package script '/root/csci_420_robotics_labs/lab6_ws/install/visualizer/share/visualizer/package.bash'
[1.094s] INFO:colcon.colcon_core.shell:Creating package script '/root/csci_420_robotics_labs/lab6_ws/install/visualizer/share/visualizer/package.zsh'
[1.095s] Level 1:colcon.colcon_core.environment:create_file_with_runtime_dependencies(/root/csci_420_robotics_labs/lab6_ws/install/visualizer/share/colcon-core/packages/visualizer)
[1.098s] DEBUG:colcon.colcon_core.event_handler.log_command:Invoking command in '/root/csci_420_robotics_labs/lab6_ws/src/simple_control': PYTHONPATH=/root/csci_420_robotics_labs/lab6_ws/build/simple_control/prefix_override:/usr/lib/python3/dist-packages/colcon_core/task/python/colcon_distutils_commands:/root/csci_420_robotics_labs/lab6_ws/install/simple_control/lib/python3.12/site-packages:${PYTHONPATH} /usr/bin/python3 -W ignore:setup.py install is deprecated -W ignore:easy_install command is deprecated setup.py egg_info --egg-base ../../build/simple_control build --build-base /root/csci_420_robotics_labs/lab6_ws/build/simple_control/build install --record /root/csci_420_robotics_labs/lab6_ws/build/simple_control/install.log --single-version-externally-managed install_data
[1.099s] DEBUG:colcon.colcon_core.event_handler.log_command:Invoked command in '/root/csci_420_robotics_labs/lab6_ws/build/keyboard' returned '0': CMAKE_PREFIX_PATH=/root/csci_420_robotics_labs/lab6_ws/install/keyboard_msgs:/root/csci_420_robotics_labs/lab6_ws/install/visualizer:/root/csci_420_robotics_labs/lab6_ws/install/sensor_simulation:/root/csci_420_robotics_labs/lab6_ws/install/keyboard:/root/csci_420_robotics_labs/lab6_ws/install/flightgoggles_uav_dynamics:/root/csci_420_robotics_labs/lab6_ws/install/flightgoggles:/root/csci_420_robotics_labs/lab6_ws/install/flightcontroller:/opt/ros/kilted/opt/gz_sim_vendor:/opt/ros/kilted/opt/gz_sensors_vendor:/opt/ros/kilted/opt/gz_physics_vendor:/opt/ros/kilted/opt/sdformat_vendor:/opt/ros/kilted/opt/gz_gui_vendor:/opt/ros/kilted/opt/gz_transport_vendor:/opt/ros/kilted/opt/gz_rendering_vendor:/opt/ros/kilted/opt/gz_plugin_vendor:/opt/ros/kilted/opt/gz_fuel_tools_vendor:/opt/ros/kilted/opt/gz_msgs_vendor:/opt/ros/kilted/opt/gz_common_vendor:/opt/ros/kilted/opt/gz_math_vendor:/opt/ros/kilted/opt/gz_utils_vendor:/opt/ros/kilted/opt/gz_tools_vendor:/opt/ros/kilted/opt/gz_ogre_next_vendor:/opt/ros/kilted/opt/gz_dartsim_vendor:/opt/ros/kilted/opt/gz_cmake_vendor:/root/csci_420_robotics_labs/lab6_ws/install/simple_sim:/root/csci_420_robotics_labs/lab6_ws/install/simple_control:/opt/ros/kilted PYTHONPATH=/root/csci_420_robotics_labs/lab6_ws/install/keyboard_msgs/lib/python3.12/site-packages:/root/csci_420_robotics_labs/lab6_ws/install/visualizer/lib/python3.12/site-packages:/root/csci_420_robotics_labs/lab6_ws/install/simple_sim/lib/python3.12/site-packages:/root/csci_420_robotics_labs/lab6_ws/install/simple_control/lib/python3.12/site-packages:/root/csci_420_robotics_labs/lab6_ws/install/sensor_simulation/lib/python3.12/site-packages:/opt/ros/kilted/lib/python3.12/site-packages /usr/bin/cmake --build /root/csci_420_robotics_labs/lab6_ws/build/keyboard -- -j8 -l8
[1.099s] DEBUG:colcon.colcon_core.event_handler.log_command:Invoking command in '/root/csci_420_robotics_labs/lab6_ws/build/keyboard': CMAKE_PREFIX_PATH=/root/csci_420_robotics_labs/lab6_ws/install/keyboard_msgs:/root/csci_420_robotics_labs/lab6_ws/install/visualizer:/root/csci_420_robotics_labs/lab6_ws/install/sensor_simulation:/root/csci_420_robotics_labs/lab6_ws/install/keyboard:/root/csci_420_robotics_labs/lab6_ws/install/flightgoggles_uav_dynamics:/root/csci_420_robotics_labs/lab6_ws/install/flightgoggles:/root/csci_420_robotics_labs/lab6_ws/install/flightcontroller:/opt/ros/kilted/opt/gz_sim_vendor:/opt/ros/kilted/opt/gz_sensors_vendor:/opt/ros/kilted/opt/gz_physics_vendor:/opt/ros/kilted/opt/sdformat_vendor:/opt/ros/kilted/opt/gz_gui_vendor:/opt/ros/kilted/opt/gz_transport_vendor:/opt/ros/kilted/opt/gz_rendering_vendor:/opt/ros/kilted/opt/gz_plugin_vendor:/opt/ros/kilted/opt/gz_fuel_tools_vendor:/opt/ros/kilted/opt/gz_msgs_vendor:/opt/ros/kilted/opt/gz_common_vendor:/opt/ros/kilted/opt/gz_math_vendor:/opt/ros/kilted/opt/gz_utils_vendor:/opt/ros/kilted/opt/gz_tools_vendor:/opt/ros/kilted/opt/gz_ogre_next_vendor:/opt/ros/kilted/opt/gz_dartsim_vendor:/opt/ros/kilted/opt/gz_cmake_vendor:/root/csci_420_robotics_labs/lab6_ws/install/simple_sim:/root/csci_420_robotics_labs/lab6_ws/install/simple_control:/opt/ros/kilted PYTHONPATH=/root/csci_420_robotics_labs/lab6_ws/install/keyboard_msgs/lib/python3.12/site-packages:/root/csci_420_robotics_labs/lab6_ws/install/visualizer/lib/python3.12/site-packages:/root/csci_420_robotics_labs/lab6_ws/install/simple_sim/lib/python3.12/site-packages:/root/csci_420_robotics_labs/lab6_ws/install/simple_control/lib/python3.12/site-packages:/root/csci_420_robotics_labs/lab6_ws/install/sensor_simulation/lib/python3.12/site-packages:/opt/ros/kilted/lib/python3.12/site-packages /usr/bin/cmake --install /root/csci_420_robotics_labs/lab6_ws/build/keyboard
[1.120s] Level 1:colcon.colcon_core.environment:create_environment_scripts_only(keyboard)
[1.120s] Level 1:colcon.colcon_core.environment:checking '/root/csci_420_robotics_labs/lab6_ws/install/keyboard' for CMake module files
[1.121s] DEBUG:colcon.colcon_core.event_handler.log_command:Invoked command in '/root/csci_420_robotics_labs/lab6_ws/build/keyboard' returned '0': CMAKE_PREFIX_PATH=/root/csci_420_robotics_labs/lab6_ws/install/keyboard_msgs:/root/csci_420_robotics_labs/lab6_ws/install/visualizer:/root/csci_420_robotics_labs/lab6_ws/install/sensor_simulation:/root/csci_420_robotics_labs/lab6_ws/install/keyboard:/root/csci_420_robotics_labs/lab6_ws/install/flightgoggles_uav_dynamics:/root/csci_420_robotics_labs/lab6_ws/install/flightgoggles:/root/csci_420_robotics_labs/lab6_ws/install/flightcontroller:/opt/ros/kilted/opt/gz_sim_vendor:/opt/ros/kilted/opt/gz_sensors_vendor:/opt/ros/kilted/opt/gz_physics_vendor:/opt/ros/kilted/opt/sdformat_vendor:/opt/ros/kilted/opt/gz_gui_vendor:/opt/ros/kilted/opt/gz_transport_vendor:/opt/ros/kilted/opt/gz_rendering_vendor:/opt/ros/kilted/opt/gz_plugin_vendor:/opt/ros/kilted/opt/gz_fuel_tools_vendor:/opt/ros/kilted/opt/gz_msgs_vendor:/opt/ros/kilted/opt/gz_common_vendor:/opt/ros/kilted/opt/gz_math_vendor:/opt/ros/kilted/opt/gz_utils_vendor:/opt/ros/kilted/opt/gz_tools_vendor:/opt/ros/kilted/opt/gz_ogre_next_vendor:/opt/ros/kilted/opt/gz_dartsim_vendor:/opt/ros/kilted/opt/gz_cmake_vendor:/root/csci_420_robotics_labs/lab6_ws/install/simple_sim:/root/csci_420_robotics_labs/lab6_ws/install/simple_control:/opt/ros/kilted PYTHONPATH=/root/csci_420_robotics_labs/lab6_ws/install/keyboard_msgs/lib/python3.12/site-packages:/root/csci_420_robotics_labs/lab6_ws/install/visualizer/lib/python3.12/site-packages:/root/csci_420_robotics_labs/lab6_ws/install/simple_sim/lib/python3.12/site-packages:/root/csci_420_robotics_labs/lab6_ws/install/simple_control/lib/python3.12/site-packages:/root/csci_420_robotics_labs/lab6_ws/install/sensor_simulation/lib/python3.12/site-packages:/opt/ros/kilted/lib/python3.12/site-packages /usr/bin/cmake --install /root/csci_420_robotics_labs/lab6_ws/build/keyboard
[1.122s] Level 1:colcon.colcon_core.environment:checking '/root/csci_420_robotics_labs/lab6_ws/install/keyboard' for CMake config files
[1.124s] Level 1:colcon.colcon_core.shell:create_environment_hook('keyboard', 'cmake_prefix_path')
[1.124s] INFO:colcon.colcon_core.shell:Creating environment hook '/root/csci_420_robotics_labs/lab6_ws/install/keyboard/share/keyboard/hook/cmake_prefix_path.ps1'
[1.125s] INFO:colcon.colcon_core.shell:Creating environment descriptor '/root/csci_420_robotics_labs/lab6_ws/install/keyboard/share/keyboard/hook/cmake_prefix_path.dsv'
[1.125s] INFO:colcon.colcon_core.shell:Creating environment hook '/root/csci_420_robotics_labs/lab6_ws/install/keyboard/share/keyboard/hook/cmake_prefix_path.sh'
[1.125s] Level 1:colcon.colcon_core.environment:checking '/root/csci_420_robotics_labs/lab6_ws/install/keyboard/lib'
[1.126s] Level 1:colcon.colcon_core.environment:checking '/root/csci_420_robotics_labs/lab6_ws/install/keyboard/bin'
[1.126s] Level 1:colcon.colcon_core.environment:checking '/root/csci_420_robotics_labs/lab6_ws/install/keyboard/lib/pkgconfig/keyboard.pc'
[1.126s] Level 1:colcon.colcon_core.environment:checking '/root/csci_420_robotics_labs/lab6_ws/install/keyboard/lib/python3.12/site-packages'
[1.126s] Level 1:colcon.colcon_core.environment:checking '/root/csci_420_robotics_labs/lab6_ws/install/keyboard/bin'
[1.126s] INFO:colcon.colcon_core.shell:Creating package script '/root/csci_420_robotics_labs/lab6_ws/install/keyboard/share/keyboard/package.ps1'
[1.127s] INFO:colcon.colcon_core.shell:Creating package descriptor '/root/csci_420_robotics_labs/lab6_ws/install/keyboard/share/keyboard/package.dsv'
[1.127s] INFO:colcon.colcon_core.shell:Creating package script '/root/csci_420_robotics_labs/lab6_ws/install/keyboard/share/keyboard/package.sh'
[1.127s] INFO:colcon.colcon_core.shell:Creating package script '/root/csci_420_robotics_labs/lab6_ws/install/keyboard/share/keyboard/package.bash'
[1.127s] INFO:colcon.colcon_core.shell:Creating package script '/root/csci_420_robotics_labs/lab6_ws/install/keyboard/share/keyboard/package.zsh'
[1.128s] Level 1:colcon.colcon_core.environment:create_file_with_runtime_dependencies(/root/csci_420_robotics_labs/lab6_ws/install/keyboard/share/colcon-core/packages/keyboard)
[1.128s] Level 1:colcon.colcon_core.environment:create_environment_scripts_only(keyboard)
[1.128s] Level 1:colcon.colcon_core.environment:checking '/root/csci_420_robotics_labs/lab6_ws/install/keyboard' for CMake module files
[1.134s] Level 1:colcon.colcon_core.environment:checking '/root/csci_420_robotics_labs/lab6_ws/install/keyboard' for CMake config files
[1.137s] Level 1:colcon.colcon_core.shell:create_environment_hook('keyboard', 'cmake_prefix_path')
[1.137s] INFO:colcon.colcon_core.shell:Creating environment hook '/root/csci_420_robotics_labs/lab6_ws/install/keyboard/share/keyboard/hook/cmake_prefix_path.ps1'
[1.138s] INFO:colcon.colcon_core.shell:Creating environment descriptor '/root/csci_420_robotics_labs/lab6_ws/install/keyboard/share/keyboard/hook/cmake_prefix_path.dsv'
[1.138s] INFO:colcon.colcon_core.shell:Creating environment hook '/root/csci_420_robotics_labs/lab6_ws/install/keyboard/share/keyboard/hook/cmake_prefix_path.sh'
[1.139s] Level 1:colcon.colcon_core.environment:checking '/root/csci_420_robotics_labs/lab6_ws/install/keyboard/lib'
[1.142s] Level 1:colcon.colcon_core.environment:checking '/root/csci_420_robotics_labs/lab6_ws/install/keyboard/bin'
[1.142s] Level 1:colcon.colcon_core.environment:checking '/root/csci_420_robotics_labs/lab6_ws/install/keyboard/lib/pkgconfig/keyboard.pc'
[1.142s] Level 1:colcon.colcon_core.environment:checking '/root/csci_420_robotics_labs/lab6_ws/install/keyboard/lib/python3.12/site-packages'
[1.146s] Level 1:colcon.colcon_core.environment:checking '/root/csci_420_robotics_labs/lab6_ws/install/keyboard/bin'
[1.146s] INFO:colcon.colcon_core.shell:Creating package script '/root/csci_420_robotics_labs/lab6_ws/install/keyboard/share/keyboard/package.ps1'
[1.147s] INFO:colcon.colcon_core.shell:Creating package descriptor '/root/csci_420_robotics_labs/lab6_ws/install/keyboard/share/keyboard/package.dsv'
[1.147s] INFO:colcon.colcon_core.shell:Creating package script '/root/csci_420_robotics_labs/lab6_ws/install/keyboard/share/keyboard/package.sh'
[1.147s] INFO:colcon.colcon_core.shell:Creating package script '/root/csci_420_robotics_labs/lab6_ws/install/keyboard/share/keyboard/package.bash'
[1.156s] INFO:colcon.colcon_core.shell:Creating package script '/root/csci_420_robotics_labs/lab6_ws/install/keyboard/share/keyboard/package.zsh'
[1.156s] Level 1:colcon.colcon_core.environment:create_file_with_runtime_dependencies(/root/csci_420_robotics_labs/lab6_ws/install/keyboard/share/colcon-core/packages/keyboard)
[1.438s] Level 1:colcon.colcon_core.environment:checking '/root/csci_420_robotics_labs/lab6_ws/install/simple_sim' for CMake module files
[1.441s] DEBUG:colcon.colcon_core.event_handler.log_command:Invoked command in '/root/csci_420_robotics_labs/lab6_ws/src/simple_sim' returned '0': PYTHONPATH=/root/csci_420_robotics_labs/lab6_ws/build/simple_sim/prefix_override:/usr/lib/python3/dist-packages/colcon_core/task/python/colcon_distutils_commands:/root/csci_420_robotics_labs/lab6_ws/install/simple_sim/lib/python3.12/site-packages:${PYTHONPATH} /usr/bin/python3 -W ignore:setup.py install is deprecated -W ignore:easy_install command is deprecated setup.py egg_info --egg-base ../../build/simple_sim build --build-base /root/csci_420_robotics_labs/lab6_ws/build/simple_sim/build install --record /root/csci_420_robotics_labs/lab6_ws/build/simple_sim/install.log --single-version-externally-managed install_data
[1.443s] Level 1:colcon.colcon_core.environment:checking '/root/csci_420_robotics_labs/lab6_ws/install/simple_sim' for CMake config files
[1.452s] Level 1:colcon.colcon_core.environment:checking '/root/csci_420_robotics_labs/lab6_ws/install/simple_sim/lib'
[1.453s] Level 1:colcon.colcon_core.environment:checking '/root/csci_420_robotics_labs/lab6_ws/install/simple_sim/bin'
[1.453s] Level 1:colcon.colcon_core.environment:checking '/root/csci_420_robotics_labs/lab6_ws/install/simple_sim/lib/pkgconfig/simple_sim.pc'
[1.453s] Level 1:colcon.colcon_core.environment:checking '/root/csci_420_robotics_labs/lab6_ws/install/simple_sim/lib/python3.12/site-packages'
[1.453s] Level 1:colcon.colcon_core.shell:create_environment_hook('simple_sim', 'pythonpath')
[1.453s] INFO:colcon.colcon_core.shell:Creating environment hook '/root/csci_420_robotics_labs/lab6_ws/install/simple_sim/share/simple_sim/hook/pythonpath.ps1'
[1.454s] INFO:colcon.colcon_core.shell:Creating environment descriptor '/root/csci_420_robotics_labs/lab6_ws/install/simple_sim/share/simple_sim/hook/pythonpath.dsv'
[1.454s] INFO:colcon.colcon_core.shell:Creating environment hook '/root/csci_420_robotics_labs/lab6_ws/install/simple_sim/share/simple_sim/hook/pythonpath.sh'
[1.454s] Level 1:colcon.colcon_core.environment:checking '/root/csci_420_robotics_labs/lab6_ws/install/simple_sim/bin'
[1.454s] Level 1:colcon.colcon_core.environment:create_environment_scripts_only(simple_sim)
[1.455s] INFO:colcon.colcon_core.shell:Creating package script '/root/csci_420_robotics_labs/lab6_ws/install/simple_sim/share/simple_sim/package.ps1'
[1.455s] INFO:colcon.colcon_core.shell:Creating package descriptor '/root/csci_420_robotics_labs/lab6_ws/install/simple_sim/share/simple_sim/package.dsv'
[1.455s] INFO:colcon.colcon_core.shell:Creating package script '/root/csci_420_robotics_labs/lab6_ws/install/simple_sim/share/simple_sim/package.sh'
[1.456s] INFO:colcon.colcon_core.shell:Creating package script '/root/csci_420_robotics_labs/lab6_ws/install/simple_sim/share/simple_sim/package.bash'
[1.456s] INFO:colcon.colcon_core.shell:Creating package script '/root/csci_420_robotics_labs/lab6_ws/install/simple_sim/share/simple_sim/package.zsh'
[1.456s] Level 1:colcon.colcon_core.environment:create_file_with_runtime_dependencies(/root/csci_420_robotics_labs/lab6_ws/install/simple_sim/share/colcon-core/packages/simple_sim)
[1.457s] Level 1:colcon.colcon_core.environment:checking '/root/csci_420_robotics_labs/lab6_ws/install/simple_control' for CMake module files
[1.459s] DEBUG:colcon.colcon_core.event_handler.log_command:Invoked command in '/root/csci_420_robotics_labs/lab6_ws/src/simple_control' returned '0': PYTHONPATH=/root/csci_420_robotics_labs/lab6_ws/build/simple_control/prefix_override:/usr/lib/python3/dist-packages/colcon_core/task/python/colcon_distutils_commands:/root/csci_420_robotics_labs/lab6_ws/install/simple_control/lib/python3.12/site-packages:${PYTHONPATH} /usr/bin/python3 -W ignore:setup.py install is deprecated -W ignore:easy_install command is deprecated setup.py egg_info --egg-base ../../build/simple_control build --build-base /root/csci_420_robotics_labs/lab6_ws/build/simple_control/build install --record /root/csci_420_robotics_labs/lab6_ws/build/simple_control/install.log --single-version-externally-managed install_data
[1.459s] Level 1:colcon.colcon_core.environment:checking '/root/csci_420_robotics_labs/lab6_ws/install/simple_control' for CMake config files
[1.461s] Level 1:colcon.colcon_core.environment:checking '/root/csci_420_robotics_labs/lab6_ws/install/simple_control/lib'
[1.462s] Level 1:colcon.colcon_core.environment:checking '/root/csci_420_robotics_labs/lab6_ws/install/simple_control/bin'
[1.462s] Level 1:colcon.colcon_core.environment:checking '/root/csci_420_robotics_labs/lab6_ws/install/simple_control/lib/pkgconfig/simple_control.pc'
[1.462s] Level 1:colcon.colcon_core.environment:checking '/root/csci_420_robotics_labs/lab6_ws/install/simple_control/lib/python3.12/site-packages'
[1.462s] Level 1:colcon.colcon_core.shell:create_environment_hook('simple_control', 'pythonpath')
[1.462s] INFO:colcon.colcon_core.shell:Creating environment hook '/root/csci_420_robotics_labs/lab6_ws/install/simple_control/share/simple_control/hook/pythonpath.ps1'
[1.462s] INFO:colcon.colcon_core.shell:Creating environment descriptor '/root/csci_420_robotics_labs/lab6_ws/install/simple_control/share/simple_control/hook/pythonpath.dsv'
[1.462s] INFO:colcon.colcon_core.shell:Creating environment hook '/root/csci_420_robotics_labs/lab6_ws/install/simple_control/share/simple_control/hook/pythonpath.sh'
[1.463s] Level 1:colcon.colcon_core.environment:checking '/root/csci_420_robotics_labs/lab6_ws/install/simple_control/bin'
[1.463s] Level 1:colcon.colcon_core.environment:create_environment_scripts_only(simple_control)
[1.463s] INFO:colcon.colcon_core.shell:Creating package script '/root/csci_420_robotics_labs/lab6_ws/install/simple_control/share/simple_control/package.ps1'
[1.463s] INFO:colcon.colcon_core.shell:Creating package descriptor '/root/csci_420_robotics_labs/lab6_ws/install/simple_control/share/simple_control/package.dsv'
[1.464s] INFO:colcon.colcon_core.shell:Creating package script '/root/csci_420_robotics_labs/lab6_ws/install/simple_control/share/simple_control/package.sh'
[1.464s] INFO:colcon.colcon_core.shell:Creating package script '/root/csci_420_robotics_labs/lab6_ws/install/simple_control/share/simple_control/package.bash'
[1.464s] INFO:colcon.colcon_core.shell:Creating package script '/root/csci_420_robotics_labs/lab6_ws/install/simple_control/share/simple_control/package.zsh'
[1.465s] Level 1:colcon.colcon_core.environment:create_file_with_runtime_dependencies(/root/csci_420_robotics_labs/lab6_ws/install/simple_control/share/colcon-core/packages/simple_control)
[1.465s] DEBUG:colcon.colcon_parallel_executor.executor.parallel:closing loop
[1.465s] DEBUG:colcon.colcon_parallel_executor.executor.parallel:loop closed
[1.465s] DEBUG:colcon.colcon_parallel_executor.executor.parallel:run_until_complete finished with '0'
[1.465s] DEBUG:colcon.colcon_core.event_reactor:joining thread
[1.470s] INFO:colcon.colcon_core.plugin_system:Skipping extension 'colcon_notification.desktop_notification.notify_send': Could not find 'notify-send'
[1.470s] INFO:colcon.colcon_core.plugin_system:Skipping extension 'colcon_notification.desktop_notification.terminal_notifier': Not used on non-Darwin systems
[1.470s] INFO:colcon.colcon_core.plugin_system:Skipping extension 'colcon_notification.desktop_notification.win32': Not used on non-Windows systems
[1.470s] INFO:colcon.colcon_notification.desktop_notification:Sending desktop notification using 'notify2'
[1.471s] DEBUG:colcon.colcon_notification.desktop_notification.notify2:Failed to initialize notify2: org.freedesktop.DBus.Error.Spawn.ExecFailed: /usr/bin/dbus-launch terminated abnormally without any error message
[1.471s] DEBUG:colcon.colcon_core.event_reactor:joined thread
[1.471s] INFO:colcon.colcon_core.shell:Creating prefix script '/root/csci_420_robotics_labs/lab6_ws/install/local_setup.ps1'
[1.472s] INFO:colcon.colcon_core.shell:Creating prefix util module '/root/csci_420_robotics_labs/lab6_ws/install/_local_setup_util_ps1.py'
[1.473s] INFO:colcon.colcon_core.shell:Creating prefix chain script '/root/csci_420_robotics_labs/lab6_ws/install/setup.ps1'
[1.475s] INFO:colcon.colcon_core.shell:Creating prefix script '/root/csci_420_robotics_labs/lab6_ws/install/local_setup.sh'
[1.475s] INFO:colcon.colcon_core.shell:Creating prefix util module '/root/csci_420_robotics_labs/lab6_ws/install/_local_setup_util_sh.py'
[1.476s] INFO:colcon.colcon_core.shell:Creating prefix chain script '/root/csci_420_robotics_labs/lab6_ws/install/setup.sh'
[1.478s] INFO:colcon.colcon_core.shell:Creating prefix script '/root/csci_420_robotics_labs/lab6_ws/install/local_setup.bash'
[1.479s] INFO:colcon.colcon_core.shell:Creating prefix chain script '/root/csci_420_robotics_labs/lab6_ws/install/setup.bash'
[1.481s] INFO:colcon.colcon_core.shell:Creating prefix script '/root/csci_420_robotics_labs/lab6_ws/install/local_setup.zsh'
[1.481s] INFO:colcon.colcon_core.shell:Creating prefix chain script '/root/csci_420_robotics_labs/lab6_ws/install/setup.zsh'
