[0.070s] DEBUG:colcon:Command line arguments: ['/usr/bin/colcon', 'build']
[0.071s] DEBUG:colcon:Parsed command line arguments: Namespace(log_base=None, log_level=None, verb_name='build', build_base='build', install_base='install', merge_install=False, symlink_install=False, test_result_base=None, continue_on_error=False, executor='parallel', parallel_workers=8, event_handlers=None, ignore_user_meta=False, metas=['./colcon.meta'], base_paths=['.'], packages_ignore=None, packages_ignore_regex=None, paths=None, packages_up_to=None, packages_up_to_regex=None, packages_above=None, packages_above_and_dependencies=None, packages_above_depth=None, packages_select_by_dep=None, packages_skip_by_dep=None, packages_skip_up_to=None, packages_select_build_failed=False, packages_skip_build_finished=False, packages_select_test_failures=False, packages_skip_test_passed=False, packages_select=None, packages_skip=None, packages_select_regex=None, packages_skip_regex=None, packages_start=None, packages_end=None, allow_overriding=[], cmake_args=None, cmake_target=None, cmake_target_skip_unavailable=False, cmake_clean_cache=False, cmake_clean_first=False, cmake_force_configure=False, ament_cmake_args=None, catkin_cmake_args=None, catkin_skip_building_tests=False, verb_parser=<colcon_defaults.argument_parser.defaults.DefaultArgumentsDecorator object at 0xffff8e69de20>, verb_extension=<colcon_core.verb.build.BuildVerb object at 0xffff8e69ddf0>, main=<bound method BuildVerb.main of <colcon_core.verb.build.BuildVerb object at 0xffff8e69ddf0>>)
[0.093s] Level 1:colcon.colcon_core.package_discovery:discover_packages(colcon_meta) check parameters
[0.093s] Level 1:colcon.colcon_core.package_discovery:discover_packages(recursive) check parameters
[0.093s] Level 1:colcon.colcon_core.package_discovery:discover_packages(ignore) check parameters
[0.093s] Level 1:colcon.colcon_core.package_discovery:discover_packages(path) check parameters
[0.093s] Level 1:colcon.colcon_core.package_discovery:discover_packages(colcon_meta) discover
[0.093s] Level 1:colcon.colcon_core.package_discovery:discover_packages(recursive) discover
[0.093s] INFO:colcon.colcon_core.package_discovery:Crawling recursively for packages in '/root/csci_420_robotics_labs/lab6_ws'
[0.094s] Level 1:colcon.colcon_core.package_identification:_identify(.) by extensions ['ignore', 'ignore_ament_install']
[0.094s] Level 1:colcon.colcon_core.package_identification:_identify(.) by extension 'ignore'
[0.094s] Level 1:colcon.colcon_core.package_identification:_identify(.) by extension 'ignore_ament_install'
[0.094s] Level 1:colcon.colcon_core.package_identification:_identify(.) by extensions ['colcon_pkg']
[0.094s] Level 1:colcon.colcon_core.package_identification:_identify(.) by extension 'colcon_pkg'
[0.094s] Level 1:colcon.colcon_core.package_identification:_identify(.) by extensions ['colcon_meta']
[0.094s] Level 1:colcon.colcon_core.package_identification:_identify(.) by extension 'colcon_meta'
[0.094s] Level 1:colcon.colcon_core.package_identification:_identify(.) by extensions ['ros']
[0.094s] Level 1:colcon.colcon_core.package_identification:_identify(.) by extension 'ros'
[0.108s] Level 1:colcon.colcon_core.package_identification:_identify(.) by extensions ['cmake', 'python']
[0.108s] Level 1:colcon.colcon_core.package_identification:_identify(.) by extension 'cmake'
[0.109s] Level 1:colcon.colcon_core.package_identification:_identify(.) by extension 'python'
[0.109s] Level 1:colcon.colcon_core.package_identification:_identify(.) by extensions ['python_setup_py']
[0.109s] Level 1:colcon.colcon_core.package_identification:_identify(.) by extension 'python_setup_py'
[0.109s] Level 1:colcon.colcon_core.package_identification:_identify(build) by extensions ['ignore', 'ignore_ament_install']
[0.109s] Level 1:colcon.colcon_core.package_identification:_identify(build) by extension 'ignore'
[0.109s] Level 1:colcon.colcon_core.package_identification:_identify(build) ignored
[0.109s] Level 1:colcon.colcon_core.package_identification:_identify(install) by extensions ['ignore', 'ignore_ament_install']
[0.109s] Level 1:colcon.colcon_core.package_identification:_identify(install) by extension 'ignore'
[0.109s] Level 1:colcon.colcon_core.package_identification:_identify(install) ignored
[0.110s] Level 1:colcon.colcon_core.package_identification:_identify(log) by extensions ['ignore', 'ignore_ament_install']
[0.110s] Level 1:colcon.colcon_core.package_identification:_identify(log) by extension 'ignore'
[0.110s] Level 1:colcon.colcon_core.package_identification:_identify(log) ignored
[0.110s] Level 1:colcon.colcon_core.package_identification:_identify(src) by extensions ['ignore', 'ignore_ament_install']
[0.110s] Level 1:colcon.colcon_core.package_identification:_identify(src) by extension 'ignore'
[0.110s] Level 1:colcon.colcon_core.package_identification:_identify(src) by extension 'ignore_ament_install'
[0.111s] Level 1:colcon.colcon_core.package_identification:_identify(src) by extensions ['colcon_pkg']
[0.111s] Level 1:colcon.colcon_core.package_identification:_identify(src) by extension 'colcon_pkg'
[0.111s] Level 1:colcon.colcon_core.package_identification:_identify(src) by extensions ['colcon_meta']
[0.111s] Level 1:colcon.colcon_core.package_identification:_identify(src) by extension 'colcon_meta'
[0.111s] Level 1:colcon.colcon_core.package_identification:_identify(src) by extensions ['ros']
[0.111s] Level 1:colcon.colcon_core.package_identification:_identify(src) by extension 'ros'
[0.111s] Level 1:colcon.colcon_core.package_identification:_identify(src) by extensions ['cmake', 'python']
[0.111s] Level 1:colcon.colcon_core.package_identification:_identify(src) by extension 'cmake'
[0.111s] Level 1:colcon.colcon_core.package_identification:_identify(src) by extension 'python'
[0.111s] Level 1:colcon.colcon_core.package_identification:_identify(src) by extensions ['python_setup_py']
[0.111s] Level 1:colcon.colcon_core.package_identification:_identify(src) by extension 'python_setup_py'
[0.112s] Level 1:colcon.colcon_core.package_identification:_identify(src/flightcontroller) by extensions ['ignore', 'ignore_ament_install']
[0.112s] Level 1:colcon.colcon_core.package_identification:_identify(src/flightcontroller) by extension 'ignore'
[0.112s] Level 1:colcon.colcon_core.package_identification:_identify(src/flightcontroller) by extension 'ignore_ament_install'
[0.112s] Level 1:colcon.colcon_core.package_identification:_identify(src/flightcontroller) by extensions ['colcon_pkg']
[0.112s] Level 1:colcon.colcon_core.package_identification:_identify(src/flightcontroller) by extension 'colcon_pkg'
[0.112s] Level 1:colcon.colcon_core.package_identification:_identify(src/flightcontroller) by extensions ['colcon_meta']
[0.112s] Level 1:colcon.colcon_core.package_identification:_identify(src/flightcontroller) by extension 'colcon_meta'
[0.112s] Level 1:colcon.colcon_core.package_identification:_identify(src/flightcontroller) by extensions ['ros']
[0.112s] Level 1:colcon.colcon_core.package_identification:_identify(src/flightcontroller) by extension 'ros'
[0.114s] DEBUG:colcon.colcon_core.package_identification:Package 'src/flightcontroller' with type 'ros.ament_cmake' and name 'flightcontroller'
[0.114s] Level 1:colcon.colcon_core.package_identification:_identify(src/flightgoggles) by extensions ['ignore', 'ignore_ament_install']
[0.115s] Level 1:colcon.colcon_core.package_identification:_identify(src/flightgoggles) by extension 'ignore'
[0.115s] Level 1:colcon.colcon_core.package_identification:_identify(src/flightgoggles) by extension 'ignore_ament_install'
[0.115s] Level 1:colcon.colcon_core.package_identification:_identify(src/flightgoggles) by extensions ['colcon_pkg']
[0.115s] Level 1:colcon.colcon_core.package_identification:_identify(src/flightgoggles) by extension 'colcon_pkg'
[0.115s] Level 1:colcon.colcon_core.package_identification:_identify(src/flightgoggles) by extensions ['colcon_meta']
[0.115s] Level 1:colcon.colcon_core.package_identification:_identify(src/flightgoggles) by extension 'colcon_meta'
[0.115s] Level 1:colcon.colcon_core.package_identification:_identify(src/flightgoggles) by extensions ['ros']
[0.115s] Level 1:colcon.colcon_core.package_identification:_identify(src/flightgoggles) by extension 'ros'
[0.115s] Level 1:colcon.colcon_core.package_identification:_identify(src/flightgoggles) by extensions ['cmake', 'python']
[0.115s] Level 1:colcon.colcon_core.package_identification:_identify(src/flightgoggles) by extension 'cmake'
[0.115s] Level 1:colcon.colcon_core.package_identification:_identify(src/flightgoggles) by extension 'python'
[0.115s] Level 1:colcon.colcon_core.package_identification:_identify(src/flightgoggles) by extensions ['python_setup_py']
[0.115s] Level 1:colcon.colcon_core.package_identification:_identify(src/flightgoggles) by extension 'python_setup_py'
[0.115s] Level 1:colcon.colcon_core.package_identification:_identify(src/flightgoggles/flightgoggles) by extensions ['ignore', 'ignore_ament_install']
[0.115s] Level 1:colcon.colcon_core.package_identification:_identify(src/flightgoggles/flightgoggles) by extension 'ignore'
[0.116s] Level 1:colcon.colcon_core.package_identification:_identify(src/flightgoggles/flightgoggles) by extension 'ignore_ament_install'
[0.116s] Level 1:colcon.colcon_core.package_identification:_identify(src/flightgoggles/flightgoggles) by extensions ['colcon_pkg']
[0.116s] Level 1:colcon.colcon_core.package_identification:_identify(src/flightgoggles/flightgoggles) by extension 'colcon_pkg'
[0.116s] Level 1:colcon.colcon_core.package_identification:_identify(src/flightgoggles/flightgoggles) by extensions ['colcon_meta']
[0.116s] Level 1:colcon.colcon_core.package_identification:_identify(src/flightgoggles/flightgoggles) by extension 'colcon_meta'
[0.116s] Level 1:colcon.colcon_core.package_identification:_identify(src/flightgoggles/flightgoggles) by extensions ['ros']
[0.116s] Level 1:colcon.colcon_core.package_identification:_identify(src/flightgoggles/flightgoggles) by extension 'ros'
[0.117s] DEBUG:colcon.colcon_core.package_identification:Package 'src/flightgoggles/flightgoggles' with type 'ros.ament_cmake' and name 'flightgoggles'
[0.117s] Level 1:colcon.colcon_core.package_identification:_identify(src/flightgoggles/flightgoggles_uav_dynamics) by extensions ['ignore', 'ignore_ament_install']
[0.117s] Level 1:colcon.colcon_core.package_identification:_identify(src/flightgoggles/flightgoggles_uav_dynamics) by extension 'ignore'
[0.117s] Level 1:colcon.colcon_core.package_identification:_identify(src/flightgoggles/flightgoggles_uav_dynamics) by extension 'ignore_ament_install'
[0.117s] Level 1:colcon.colcon_core.package_identification:_identify(src/flightgoggles/flightgoggles_uav_dynamics) by extensions ['colcon_pkg']
[0.117s] Level 1:colcon.colcon_core.package_identification:_identify(src/flightgoggles/flightgoggles_uav_dynamics) by extension 'colcon_pkg'
[0.117s] Level 1:colcon.colcon_core.package_identification:_identify(src/flightgoggles/flightgoggles_uav_dynamics) by extensions ['colcon_meta']
[0.117s] Level 1:colcon.colcon_core.package_identification:_identify(src/flightgoggles/flightgoggles_uav_dynamics) by extension 'colcon_meta'
[0.117s] Level 1:colcon.colcon_core.package_identification:_identify(src/flightgoggles/flightgoggles_uav_dynamics) by extensions ['ros']
[0.117s] Level 1:colcon.colcon_core.package_identification:_identify(src/flightgoggles/flightgoggles_uav_dynamics) by extension 'ros'
[0.118s] DEBUG:colcon.colcon_core.package_identification:Package 'src/flightgoggles/flightgoggles_uav_dynamics' with type 'ros.ament_cmake' and name 'flightgoggles_uav_dynamics'
[0.118s] Level 1:colcon.colcon_core.package_identification:_identify(src/ros2-keyboard) by extensions ['ignore', 'ignore_ament_install']
[0.118s] Level 1:colcon.colcon_core.package_identification:_identify(src/ros2-keyboard) by extension 'ignore'
[0.118s] Level 1:colcon.colcon_core.package_identification:_identify(src/ros2-keyboard) by extension 'ignore_ament_install'
[0.118s] Level 1:colcon.colcon_core.package_identification:_identify(src/ros2-keyboard) by extensions ['colcon_pkg']
[0.118s] Level 1:colcon.colcon_core.package_identification:_identify(src/ros2-keyboard) by extension 'colcon_pkg'
[0.119s] Level 1:colcon.colcon_core.package_identification:_identify(src/ros2-keyboard) by extensions ['colcon_meta']
[0.119s] Level 1:colcon.colcon_core.package_identification:_identify(src/ros2-keyboard) by extension 'colcon_meta'
[0.119s] Level 1:colcon.colcon_core.package_identification:_identify(src/ros2-keyboard) by extensions ['ros']
[0.119s] Level 1:colcon.colcon_core.package_identification:_identify(src/ros2-keyboard) by extension 'ros'
[0.119s] Level 1:colcon.colcon_core.package_identification:_identify(src/ros2-keyboard) by extensions ['cmake', 'python']
[0.119s] Level 1:colcon.colcon_core.package_identification:_identify(src/ros2-keyboard) by extension 'cmake'
[0.119s] Level 1:colcon.colcon_core.package_identification:_identify(src/ros2-keyboard) by extension 'python'
[0.119s] Level 1:colcon.colcon_core.package_identification:_identify(src/ros2-keyboard) by extensions ['python_setup_py']
[0.119s] Level 1:colcon.colcon_core.package_identification:_identify(src/ros2-keyboard) by extension 'python_setup_py'
[0.119s] Level 1:colcon.colcon_core.package_identification:_identify(src/ros2-keyboard/keyboard) by extensions ['ignore', 'ignore_ament_install']
[0.119s] Level 1:colcon.colcon_core.package_identification:_identify(src/ros2-keyboard/keyboard) by extension 'ignore'
[0.119s] Level 1:colcon.colcon_core.package_identification:_identify(src/ros2-keyboard/keyboard) by extension 'ignore_ament_install'
[0.120s] Level 1:colcon.colcon_core.package_identification:_identify(src/ros2-keyboard/keyboard) by extensions ['colcon_pkg']
[0.120s] Level 1:colcon.colcon_core.package_identification:_identify(src/ros2-keyboard/keyboard) by extension 'colcon_pkg'
[0.120s] Level 1:colcon.colcon_core.package_identification:_identify(src/ros2-keyboard/keyboard) by extensions ['colcon_meta']
[0.120s] Level 1:colcon.colcon_core.package_identification:_identify(src/ros2-keyboard/keyboard) by extension 'colcon_meta'
[0.120s] Level 1:colcon.colcon_core.package_identification:_identify(src/ros2-keyboard/keyboard) by extensions ['ros']
[0.120s] Level 1:colcon.colcon_core.package_identification:_identify(src/ros2-keyboard/keyboard) by extension 'ros'
[0.120s] DEBUG:colcon.colcon_core.package_identification:Package 'src/ros2-keyboard/keyboard' with type 'ros.ament_cmake' and name 'keyboard'
[0.121s] Level 1:colcon.colcon_core.package_identification:_identify(src/ros2-keyboard/keyboard_msgs) by extensions ['ignore', 'ignore_ament_install']
[0.121s] Level 1:colcon.colcon_core.package_identification:_identify(src/ros2-keyboard/keyboard_msgs) by extension 'ignore'
[0.121s] Level 1:colcon.colcon_core.package_identification:_identify(src/ros2-keyboard/keyboard_msgs) by extension 'ignore_ament_install'
[0.121s] Level 1:colcon.colcon_core.package_identification:_identify(src/ros2-keyboard/keyboard_msgs) by extensions ['colcon_pkg']
[0.121s] Level 1:colcon.colcon_core.package_identification:_identify(src/ros2-keyboard/keyboard_msgs) by extension 'colcon_pkg'
[0.121s] Level 1:colcon.colcon_core.package_identification:_identify(src/ros2-keyboard/keyboard_msgs) by extensions ['colcon_meta']
[0.121s] Level 1:colcon.colcon_core.package_identification:_identify(src/ros2-keyboard/keyboard_msgs) by extension 'colcon_meta'
[0.121s] Level 1:colcon.colcon_core.package_identification:_identify(src/ros2-keyboard/keyboard_msgs) by extensions ['ros']
[0.121s] Level 1:colcon.colcon_core.package_identification:_identify(src/ros2-keyboard/keyboard_msgs) by extension 'ros'
[0.122s] DEBUG:colcon.colcon_core.package_identification:Package 'src/ros2-keyboard/keyboard_msgs' with type 'ros.ament_cmake' and name 'keyboard_msgs'
[0.122s] Level 1:colcon.colcon_core.package_identification:_identify(src/sensor_simulation) by extensions ['ignore', 'ignore_ament_install']
[0.122s] Level 1:colcon.colcon_core.package_identification:_identify(src/sensor_simulation) by extension 'ignore'
[0.122s] Level 1:colcon.colcon_core.package_identification:_identify(src/sensor_simulation) by extension 'ignore_ament_install'
[0.122s] Level 1:colcon.colcon_core.package_identification:_identify(src/sensor_simulation) by extensions ['colcon_pkg']
[0.122s] Level 1:colcon.colcon_core.package_identification:_identify(src/sensor_simulation) by extension 'colcon_pkg'
[0.122s] Level 1:colcon.colcon_core.package_identification:_identify(src/sensor_simulation) by extensions ['colcon_meta']
[0.122s] Level 1:colcon.colcon_core.package_identification:_identify(src/sensor_simulation) by extension 'colcon_meta'
[0.122s] Level 1:colcon.colcon_core.package_identification:_identify(src/sensor_simulation) by extensions ['ros']
[0.122s] Level 1:colcon.colcon_core.package_identification:_identify(src/sensor_simulation) by extension 'ros'
[0.123s] DEBUG:colcon.colcon_core.package_identification:Package 'src/sensor_simulation' with type 'ros.ament_cmake' and name 'sensor_simulation'
[0.123s] Level 1:colcon.colcon_core.package_identification:_identify(src/simple_control) by extensions ['ignore', 'ignore_ament_install']
[0.123s] Level 1:colcon.colcon_core.package_identification:_identify(src/simple_control) by extension 'ignore'
[0.123s] Level 1:colcon.colcon_core.package_identification:_identify(src/simple_control) by extension 'ignore_ament_install'
[0.123s] Level 1:colcon.colcon_core.package_identification:_identify(src/simple_control) by extensions ['colcon_pkg']
[0.123s] Level 1:colcon.colcon_core.package_identification:_identify(src/simple_control) by extension 'colcon_pkg'
[0.123s] Level 1:colcon.colcon_core.package_identification:_identify(src/simple_control) by extensions ['colcon_meta']
[0.123s] Level 1:colcon.colcon_core.package_identification:_identify(src/simple_control) by extension 'colcon_meta'
[0.123s] Level 1:colcon.colcon_core.package_identification:_identify(src/simple_control) by extensions ['ros']
[0.123s] Level 1:colcon.colcon_core.package_identification:_identify(src/simple_control) by extension 'ros'
[0.124s] DEBUG:colcon.colcon_core.package_identification:Package 'src/simple_control' with type 'ros.ament_python' and name 'simple_control'
[0.124s] Level 1:colcon.colcon_core.package_identification:_identify(src/simple_sim) by extensions ['ignore', 'ignore_ament_install']
[0.124s] Level 1:colcon.colcon_core.package_identification:_identify(src/simple_sim) by extension 'ignore'
[0.124s] Level 1:colcon.colcon_core.package_identification:_identify(src/simple_sim) by extension 'ignore_ament_install'
[0.124s] Level 1:colcon.colcon_core.package_identification:_identify(src/simple_sim) by extensions ['colcon_pkg']
[0.124s] Level 1:colcon.colcon_core.package_identification:_identify(src/simple_sim) by extension 'colcon_pkg'
[0.124s] Level 1:colcon.colcon_core.package_identification:_identify(src/simple_sim) by extensions ['colcon_meta']
[0.124s] Level 1:colcon.colcon_core.package_identification:_identify(src/simple_sim) by extension 'colcon_meta'
[0.124s] Level 1:colcon.colcon_core.package_identification:_identify(src/simple_sim) by extensions ['ros']
[0.124s] Level 1:colcon.colcon_core.package_identification:_identify(src/simple_sim) by extension 'ros'
[0.125s] DEBUG:colcon.colcon_core.package_identification:Package 'src/simple_sim' with type 'ros.ament_python' and name 'simple_sim'
[0.125s] Level 1:colcon.colcon_core.package_identification:_identify(src/visualizer) by extensions ['ignore', 'ignore_ament_install']
[0.125s] Level 1:colcon.colcon_core.package_identification:_identify(src/visualizer) by extension 'ignore'
[0.125s] Level 1:colcon.colcon_core.package_identification:_identify(src/visualizer) by extension 'ignore_ament_install'
[0.125s] Level 1:colcon.colcon_core.package_identification:_identify(src/visualizer) by extensions ['colcon_pkg']
[0.125s] Level 1:colcon.colcon_core.package_identification:_identify(src/visualizer) by extension 'colcon_pkg'
[0.125s] Level 1:colcon.colcon_core.package_identification:_identify(src/visualizer) by extensions ['colcon_meta']
[0.125s] Level 1:colcon.colcon_core.package_identification:_identify(src/visualizer) by extension 'colcon_meta'
[0.125s] Level 1:colcon.colcon_core.package_identification:_identify(src/visualizer) by extensions ['ros']
[0.125s] Level 1:colcon.colcon_core.package_identification:_identify(src/visualizer) by extension 'ros'
[0.126s] DEBUG:colcon.colcon_core.package_identification:Package 'src/visualizer' with type 'ros.ament_cmake' and name 'visualizer'
[0.126s] Level 1:colcon.colcon_core.package_discovery:discover_packages(recursive) using defaults
[0.126s] Level 1:colcon.colcon_core.package_discovery:discover_packages(ignore) discover
[0.126s] Level 1:colcon.colcon_core.package_discovery:discover_packages(ignore) using defaults
[0.126s] Level 1:colcon.colcon_core.package_discovery:discover_packages(path) discover
[0.126s] Level 1:colcon.colcon_core.package_discovery:discover_packages(path) using defaults
[0.137s] Level 1:colcon.colcon_core.package_discovery:discover_packages(prefix_path) check parameters
[0.137s] Level 1:colcon.colcon_core.package_discovery:discover_packages(prefix_path) discover
[0.137s] WARNING:colcon.colcon_ros.prefix_path.ament:The path '/root/csci_420_robotics_labs/lab6_ws/install/visualizer' in the environment variable AMENT_PREFIX_PATH doesn't exist
[0.137s] WARNING:colcon.colcon_ros.prefix_path.ament:The path '/root/csci_420_robotics_labs/lab6_ws/install/simple_sim' in the environment variable AMENT_PREFIX_PATH doesn't exist
[0.137s] WARNING:colcon.colcon_ros.prefix_path.ament:The path '/root/csci_420_robotics_labs/lab6_ws/install/simple_control' in the environment variable AMENT_PREFIX_PATH doesn't exist
[0.137s] WARNING:colcon.colcon_ros.prefix_path.ament:The path '/root/csci_420_robotics_labs/lab6_ws/install/sensor_simulation' in the environment variable AMENT_PREFIX_PATH doesn't exist
[0.138s] WARNING:colcon.colcon_ros.prefix_path.ament:The path '/root/csci_420_robotics_labs/lab6_ws/install/keyboard' in the environment variable AMENT_PREFIX_PATH doesn't exist
[0.138s] WARNING:colcon.colcon_ros.prefix_path.ament:The path '/root/csci_420_robotics_labs/lab6_ws/install/keyboard_msgs' in the environment variable AMENT_PREFIX_PATH doesn't exist
[0.138s] WARNING:colcon.colcon_ros.prefix_path.ament:The path '/root/csci_420_robotics_labs/lab6_ws/install/flightgoggles_uav_dynamics' in the environment variable AMENT_PREFIX_PATH doesn't exist
[0.138s] WARNING:colcon.colcon_ros.prefix_path.ament:The path '/root/csci_420_robotics_labs/lab6_ws/install/flightgoggles' in the environment variable AMENT_PREFIX_PATH doesn't exist
[0.138s] WARNING:colcon.colcon_ros.prefix_path.ament:The path '/root/csci_420_robotics_labs/lab6_ws/install/flightcontroller' in the environment variable AMENT_PREFIX_PATH doesn't exist
[0.138s] WARNING:colcon.colcon_ros.prefix_path.catkin:The path '/root/csci_420_robotics_labs/lab6_ws/install/visualizer' in the environment variable CMAKE_PREFIX_PATH doesn't exist
[0.138s] WARNING:colcon.colcon_ros.prefix_path.catkin:The path '/root/csci_420_robotics_labs/lab6_ws/install/sensor_simulation' in the environment variable CMAKE_PREFIX_PATH doesn't exist
[0.138s] WARNING:colcon.colcon_ros.prefix_path.catkin:The path '/root/csci_420_robotics_labs/lab6_ws/install/keyboard' in the environment variable CMAKE_PREFIX_PATH doesn't exist
[0.139s] WARNING:colcon.colcon_ros.prefix_path.catkin:The path '/root/csci_420_robotics_labs/lab6_ws/install/keyboard_msgs' in the environment variable CMAKE_PREFIX_PATH doesn't exist
[0.139s] WARNING:colcon.colcon_ros.prefix_path.catkin:The path '/root/csci_420_robotics_labs/lab6_ws/install/flightgoggles_uav_dynamics' in the environment variable CMAKE_PREFIX_PATH doesn't exist
[0.139s] WARNING:colcon.colcon_ros.prefix_path.catkin:The path '/root/csci_420_robotics_labs/lab6_ws/install/flightgoggles' in the environment variable CMAKE_PREFIX_PATH doesn't exist
[0.139s] WARNING:colcon.colcon_ros.prefix_path.catkin:The path '/root/csci_420_robotics_labs/lab6_ws/install/flightcontroller' in the environment variable CMAKE_PREFIX_PATH doesn't exist
[0.140s] DEBUG:colcon.colcon_installed_package_information.package_discovery:Found 0 installed packages in /root/csci_420_robotics_labs/lab6_ws/install
[0.141s] DEBUG:colcon.colcon_installed_package_information.package_discovery:Found 401 installed packages in /opt/ros/kilted
[0.142s] Level 1:colcon.colcon_core.package_discovery:discover_packages(prefix_path) using defaults
[0.176s] Level 5:colcon.colcon_core.verb:set package 'flightcontroller' build argument 'cmake_args' from command line to 'None'
[0.176s] Level 5:colcon.colcon_core.verb:set package 'flightcontroller' build argument 'cmake_target' from command line to 'None'
[0.176s] Level 5:colcon.colcon_core.verb:set package 'flightcontroller' build argument 'cmake_target_skip_unavailable' from command line to 'False'
[0.176s] Level 5:colcon.colcon_core.verb:set package 'flightcontroller' build argument 'cmake_clean_cache' from command line to 'False'
[0.176s] Level 5:colcon.colcon_core.verb:set package 'flightcontroller' build argument 'cmake_clean_first' from command line to 'False'
[0.176s] Level 5:colcon.colcon_core.verb:set package 'flightcontroller' build argument 'cmake_force_configure' from command line to 'False'
[0.176s] Level 5:colcon.colcon_core.verb:set package 'flightcontroller' build argument 'ament_cmake_args' from command line to 'None'
[0.176s] Level 5:colcon.colcon_core.verb:set package 'flightcontroller' build argument 'catkin_cmake_args' from command line to 'None'
[0.176s] Level 5:colcon.colcon_core.verb:set package 'flightcontroller' build argument 'catkin_skip_building_tests' from command line to 'False'
[0.176s] DEBUG:colcon.colcon_core.verb:Building package 'flightcontroller' with the following arguments: {'ament_cmake_args': None, 'build_base': '/root/csci_420_robotics_labs/lab6_ws/build/flightcontroller', 'catkin_cmake_args': None, 'catkin_skip_building_tests': False, 'cmake_args': None, 'cmake_clean_cache': False, 'cmake_clean_first': False, 'cmake_force_configure': False, 'cmake_target': None, 'cmake_target_skip_unavailable': False, 'install_base': '/root/csci_420_robotics_labs/lab6_ws/install/flightcontroller', 'merge_install': False, 'path': '/root/csci_420_robotics_labs/lab6_ws/src/flightcontroller', 'symlink_install': False, 'test_result_base': None}
[0.176s] Level 5:colcon.colcon_core.verb:set package 'flightgoggles' build argument 'cmake_args' from command line to 'None'
[0.177s] Level 5:colcon.colcon_core.verb:set package 'flightgoggles' build argument 'cmake_target' from command line to 'None'
[0.177s] Level 5:colcon.colcon_core.verb:set package 'flightgoggles' build argument 'cmake_target_skip_unavailable' from command line to 'False'
[0.177s] Level 5:colcon.colcon_core.verb:set package 'flightgoggles' build argument 'cmake_clean_cache' from command line to 'False'
[0.177s] Level 5:colcon.colcon_core.verb:set package 'flightgoggles' build argument 'cmake_clean_first' from command line to 'False'
[0.177s] Level 5:colcon.colcon_core.verb:set package 'flightgoggles' build argument 'cmake_force_configure' from command line to 'False'
[0.177s] Level 5:colcon.colcon_core.verb:set package 'flightgoggles' build argument 'ament_cmake_args' from command line to 'None'
[0.177s] Level 5:colcon.colcon_core.verb:set package 'flightgoggles' build argument 'catkin_cmake_args' from command line to 'None'
[0.177s] Level 5:colcon.colcon_core.verb:set package 'flightgoggles' build argument 'catkin_skip_building_tests' from command line to 'False'
[0.177s] DEBUG:colcon.colcon_core.verb:Building package 'flightgoggles' with the following arguments: {'ament_cmake_args': None, 'build_base': '/root/csci_420_robotics_labs/lab6_ws/build/flightgoggles', 'catkin_cmake_args': None, 'catkin_skip_building_tests': False, 'cmake_args': None, 'cmake_clean_cache': False, 'cmake_clean_first': False, 'cmake_force_configure': False, 'cmake_target': None, 'cmake_target_skip_unavailable': False, 'install_base': '/root/csci_420_robotics_labs/lab6_ws/install/flightgoggles', 'merge_install': False, 'path': '/root/csci_420_robotics_labs/lab6_ws/src/flightgoggles/flightgoggles', 'symlink_install': False, 'test_result_base': None}
[0.177s] Level 5:colcon.colcon_core.verb:set package 'flightgoggles_uav_dynamics' build argument 'cmake_args' from command line to 'None'
[0.177s] Level 5:colcon.colcon_core.verb:set package 'flightgoggles_uav_dynamics' build argument 'cmake_target' from command line to 'None'
[0.177s] Level 5:colcon.colcon_core.verb:set package 'flightgoggles_uav_dynamics' build argument 'cmake_target_skip_unavailable' from command line to 'False'
[0.177s] Level 5:colcon.colcon_core.verb:set package 'flightgoggles_uav_dynamics' build argument 'cmake_clean_cache' from command line to 'False'
[0.177s] Level 5:colcon.colcon_core.verb:set package 'flightgoggles_uav_dynamics' build argument 'cmake_clean_first' from command line to 'False'
[0.177s] Level 5:colcon.colcon_core.verb:set package 'flightgoggles_uav_dynamics' build argument 'cmake_force_configure' from command line to 'False'
[0.177s] Level 5:colcon.colcon_core.verb:set package 'flightgoggles_uav_dynamics' build argument 'ament_cmake_args' from command line to 'None'
[0.177s] Level 5:colcon.colcon_core.verb:set package 'flightgoggles_uav_dynamics' build argument 'catkin_cmake_args' from command line to 'None'
[0.177s] Level 5:colcon.colcon_core.verb:set package 'flightgoggles_uav_dynamics' build argument 'catkin_skip_building_tests' from command line to 'False'
[0.177s] DEBUG:colcon.colcon_core.verb:Building package 'flightgoggles_uav_dynamics' with the following arguments: {'ament_cmake_args': None, 'build_base': '/root/csci_420_robotics_labs/lab6_ws/build/flightgoggles_uav_dynamics', 'catkin_cmake_args': None, 'catkin_skip_building_tests': False, 'cmake_args': None, 'cmake_clean_cache': False, 'cmake_clean_first': False, 'cmake_force_configure': False, 'cmake_target': None, 'cmake_target_skip_unavailable': False, 'install_base': '/root/csci_420_robotics_labs/lab6_ws/install/flightgoggles_uav_dynamics', 'merge_install': False, 'path': '/root/csci_420_robotics_labs/lab6_ws/src/flightgoggles/flightgoggles_uav_dynamics', 'symlink_install': False, 'test_result_base': None}
[0.178s] Level 5:colcon.colcon_core.verb:set package 'keyboard_msgs' build argument 'cmake_args' from command line to 'None'
[0.178s] Level 5:colcon.colcon_core.verb:set package 'keyboard_msgs' build argument 'cmake_target' from command line to 'None'
[0.178s] Level 5:colcon.colcon_core.verb:set package 'keyboard_msgs' build argument 'cmake_target_skip_unavailable' from command line to 'False'
[0.178s] Level 5:colcon.colcon_core.verb:set package 'keyboard_msgs' build argument 'cmake_clean_cache' from command line to 'False'
[0.178s] Level 5:colcon.colcon_core.verb:set package 'keyboard_msgs' build argument 'cmake_clean_first' from command line to 'False'
[0.178s] Level 5:colcon.colcon_core.verb:set package 'keyboard_msgs' build argument 'cmake_force_configure' from command line to 'False'
[0.178s] Level 5:colcon.colcon_core.verb:set package 'keyboard_msgs' build argument 'ament_cmake_args' from command line to 'None'
[0.178s] Level 5:colcon.colcon_core.verb:set package 'keyboard_msgs' build argument 'catkin_cmake_args' from command line to 'None'
[0.178s] Level 5:colcon.colcon_core.verb:set package 'keyboard_msgs' build argument 'catkin_skip_building_tests' from command line to 'False'
[0.178s] DEBUG:colcon.colcon_core.verb:Building package 'keyboard_msgs' with the following arguments: {'ament_cmake_args': None, 'build_base': '/root/csci_420_robotics_labs/lab6_ws/build/keyboard_msgs', 'catkin_cmake_args': None, 'catkin_skip_building_tests': False, 'cmake_args': None, 'cmake_clean_cache': False, 'cmake_clean_first': False, 'cmake_force_configure': False, 'cmake_target': None, 'cmake_target_skip_unavailable': False, 'install_base': '/root/csci_420_robotics_labs/lab6_ws/install/keyboard_msgs', 'merge_install': False, 'path': '/root/csci_420_robotics_labs/lab6_ws/src/ros2-keyboard/keyboard_msgs', 'symlink_install': False, 'test_result_base': None}
[0.178s] Level 5:colcon.colcon_core.verb:set package 'sensor_simulation' build argument 'cmake_args' from command line to 'None'
[0.178s] Level 5:colcon.colcon_core.verb:set package 'sensor_simulation' build argument 'cmake_target' from command line to 'None'
[0.178s] Level 5:colcon.colcon_core.verb:set package 'sensor_simulation' build argument 'cmake_target_skip_unavailable' from command line to 'False'
[0.178s] Level 5:colcon.colcon_core.verb:set package 'sensor_simulation' build argument 'cmake_clean_cache' from command line to 'False'
[0.178s] Level 5:colcon.colcon_core.verb:set package 'sensor_simulation' build argument 'cmake_clean_first' from command line to 'False'
[0.178s] Level 5:colcon.colcon_core.verb:set package 'sensor_simulation' build argument 'cmake_force_configure' from command line to 'False'
[0.178s] Level 5:colcon.colcon_core.verb:set package 'sensor_simulation' build argument 'ament_cmake_args' from command line to 'None'
[0.178s] Level 5:colcon.colcon_core.verb:set package 'sensor_simulation' build argument 'catkin_cmake_args' from command line to 'None'
[0.178s] Level 5:colcon.colcon_core.verb:set package 'sensor_simulation' build argument 'catkin_skip_building_tests' from command line to 'False'
[0.178s] DEBUG:colcon.colcon_core.verb:Building package 'sensor_simulation' with the following arguments: {'ament_cmake_args': None, 'build_base': '/root/csci_420_robotics_labs/lab6_ws/build/sensor_simulation', 'catkin_cmake_args': None, 'catkin_skip_building_tests': False, 'cmake_args': None, 'cmake_clean_cache': False, 'cmake_clean_first': False, 'cmake_force_configure': False, 'cmake_target': None, 'cmake_target_skip_unavailable': False, 'install_base': '/root/csci_420_robotics_labs/lab6_ws/install/sensor_simulation', 'merge_install': False, 'path': '/root/csci_420_robotics_labs/lab6_ws/src/sensor_simulation', 'symlink_install': False, 'test_result_base': None}
[0.179s] Level 5:colcon.colcon_core.verb:set package 'simple_control' build argument 'cmake_args' from command line to 'None'
[0.179s] Level 5:colcon.colcon_core.verb:set package 'simple_control' build argument 'cmake_target' from command line to 'None'
[0.179s] Level 5:colcon.colcon_core.verb:set package 'simple_control' build argument 'cmake_target_skip_unavailable' from command line to 'False'
[0.179s] Level 5:colcon.colcon_core.verb:set package 'simple_control' build argument 'cmake_clean_cache' from command line to 'False'
[0.179s] Level 5:colcon.colcon_core.verb:set package 'simple_control' build argument 'cmake_clean_first' from command line to 'False'
[0.179s] Level 5:colcon.colcon_core.verb:set package 'simple_control' build argument 'cmake_force_configure' from command line to 'False'
[0.179s] Level 5:colcon.colcon_core.verb:set package 'simple_control' build argument 'ament_cmake_args' from command line to 'None'
[0.179s] Level 5:colcon.colcon_core.verb:set package 'simple_control' build argument 'catkin_cmake_args' from command line to 'None'
[0.179s] Level 5:colcon.colcon_core.verb:set package 'simple_control' build argument 'catkin_skip_building_tests' from command line to 'False'
[0.179s] DEBUG:colcon.colcon_core.verb:Building package 'simple_control' with the following arguments: {'ament_cmake_args': None, 'build_base': '/root/csci_420_robotics_labs/lab6_ws/build/simple_control', 'catkin_cmake_args': None, 'catkin_skip_building_tests': False, 'cmake_args': None, 'cmake_clean_cache': False, 'cmake_clean_first': False, 'cmake_force_configure': False, 'cmake_target': None, 'cmake_target_skip_unavailable': False, 'install_base': '/root/csci_420_robotics_labs/lab6_ws/install/simple_control', 'merge_install': False, 'path': '/root/csci_420_robotics_labs/lab6_ws/src/simple_control', 'symlink_install': False, 'test_result_base': None}
[0.179s] Level 5:colcon.colcon_core.verb:set package 'simple_sim' build argument 'cmake_args' from command line to 'None'
[0.179s] Level 5:colcon.colcon_core.verb:set package 'simple_sim' build argument 'cmake_target' from command line to 'None'
[0.179s] Level 5:colcon.colcon_core.verb:set package 'simple_sim' build argument 'cmake_target_skip_unavailable' from command line to 'False'
[0.179s] Level 5:colcon.colcon_core.verb:set package 'simple_sim' build argument 'cmake_clean_cache' from command line to 'False'
[0.179s] Level 5:colcon.colcon_core.verb:set package 'simple_sim' build argument 'cmake_clean_first' from command line to 'False'
[0.179s] Level 5:colcon.colcon_core.verb:set package 'simple_sim' build argument 'cmake_force_configure' from command line to 'False'
[0.179s] Level 5:colcon.colcon_core.verb:set package 'simple_sim' build argument 'ament_cmake_args' from command line to 'None'
[0.179s] Level 5:colcon.colcon_core.verb:set package 'simple_sim' build argument 'catkin_cmake_args' from command line to 'None'
[0.179s] Level 5:colcon.colcon_core.verb:set package 'simple_sim' build argument 'catkin_skip_building_tests' from command line to 'False'
[0.179s] DEBUG:colcon.colcon_core.verb:Building package 'simple_sim' with the following arguments: {'ament_cmake_args': None, 'build_base': '/root/csci_420_robotics_labs/lab6_ws/build/simple_sim', 'catkin_cmake_args': None, 'catkin_skip_building_tests': False, 'cmake_args': None, 'cmake_clean_cache': False, 'cmake_clean_first': False, 'cmake_force_configure': False, 'cmake_target': None, 'cmake_target_skip_unavailable': False, 'install_base': '/root/csci_420_robotics_labs/lab6_ws/install/simple_sim', 'merge_install': False, 'path': '/root/csci_420_robotics_labs/lab6_ws/src/simple_sim', 'symlink_install': False, 'test_result_base': None}
[0.180s] Level 5:colcon.colcon_core.verb:set package 'visualizer' build argument 'cmake_args' from command line to 'None'
[0.180s] Level 5:colcon.colcon_core.verb:set package 'visualizer' build argument 'cmake_target' from command line to 'None'
[0.180s] Level 5:colcon.colcon_core.verb:set package 'visualizer' build argument 'cmake_target_skip_unavailable' from command line to 'False'
[0.180s] Level 5:colcon.colcon_core.verb:set package 'visualizer' build argument 'cmake_clean_cache' from command line to 'False'
[0.180s] Level 5:colcon.colcon_core.verb:set package 'visualizer' build argument 'cmake_clean_first' from command line to 'False'
[0.180s] Level 5:colcon.colcon_core.verb:set package 'visualizer' build argument 'cmake_force_configure' from command line to 'False'
[0.180s] Level 5:colcon.colcon_core.verb:set package 'visualizer' build argument 'ament_cmake_args' from command line to 'None'
[0.180s] Level 5:colcon.colcon_core.verb:set package 'visualizer' build argument 'catkin_cmake_args' from command line to 'None'
[0.180s] Level 5:colcon.colcon_core.verb:set package 'visualizer' build argument 'catkin_skip_building_tests' from command line to 'False'
[0.180s] DEBUG:colcon.colcon_core.verb:Building package 'visualizer' with the following arguments: {'ament_cmake_args': None, 'build_base': '/root/csci_420_robotics_labs/lab6_ws/build/visualizer', 'catkin_cmake_args': None, 'catkin_skip_building_tests': False, 'cmake_args': None, 'cmake_clean_cache': False, 'cmake_clean_first': False, 'cmake_force_configure': False, 'cmake_target': None, 'cmake_target_skip_unavailable': False, 'install_base': '/root/csci_420_robotics_labs/lab6_ws/install/visualizer', 'merge_install': False, 'path': '/root/csci_420_robotics_labs/lab6_ws/src/visualizer', 'symlink_install': False, 'test_result_base': None}
[0.180s] Level 5:colcon.colcon_core.verb:set package 'keyboard' build argument 'cmake_args' from command line to 'None'
[0.180s] Level 5:colcon.colcon_core.verb:set package 'keyboard' build argument 'cmake_target' from command line to 'None'
[0.180s] Level 5:colcon.colcon_core.verb:set package 'keyboard' build argument 'cmake_target_skip_unavailable' from command line to 'False'
[0.180s] Level 5:colcon.colcon_core.verb:set package 'keyboard' build argument 'cmake_clean_cache' from command line to 'False'
[0.180s] Level 5:colcon.colcon_core.verb:set package 'keyboard' build argument 'cmake_clean_first' from command line to 'False'
[0.180s] Level 5:colcon.colcon_core.verb:set package 'keyboard' build argument 'cmake_force_configure' from command line to 'False'
[0.180s] Level 5:colcon.colcon_core.verb:set package 'keyboard' build argument 'ament_cmake_args' from command line to 'None'
[0.180s] Level 5:colcon.colcon_core.verb:set package 'keyboard' build argument 'catkin_cmake_args' from command line to 'None'
[0.180s] Level 5:colcon.colcon_core.verb:set package 'keyboard' build argument 'catkin_skip_building_tests' from command line to 'False'
[0.180s] DEBUG:colcon.colcon_core.verb:Building package 'keyboard' with the following arguments: {'ament_cmake_args': None, 'build_base': '/root/csci_420_robotics_labs/lab6_ws/build/keyboard', 'catkin_cmake_args': None, 'catkin_skip_building_tests': False, 'cmake_args': None, 'cmake_clean_cache': False, 'cmake_clean_first': False, 'cmake_force_configure': False, 'cmake_target': None, 'cmake_target_skip_unavailable': False, 'install_base': '/root/csci_420_robotics_labs/lab6_ws/install/keyboard', 'merge_install': False, 'path': '/root/csci_420_robotics_labs/lab6_ws/src/ros2-keyboard/keyboard', 'symlink_install': False, 'test_result_base': None}
[0.180s] INFO:colcon.colcon_core.executor:Executing jobs using 'parallel' executor
[0.181s] DEBUG:colcon.colcon_parallel_executor.executor.parallel:run_until_complete
[0.181s] INFO:colcon.colcon_ros.task.ament_cmake.build:Building ROS package in '/root/csci_420_robotics_labs/lab6_ws/src/ros2-keyboard/keyboard_msgs' with build type 'ament_cmake'
[0.181s] INFO:colcon.colcon_cmake.task.cmake.build:Building CMake package in '/root/csci_420_robotics_labs/lab6_ws/src/ros2-keyboard/keyboard_msgs'
[0.182s] INFO:colcon.colcon_core.plugin_system:Skipping extension 'colcon_core.shell.bat': Not used on non-Windows systems
[0.182s] INFO:colcon.colcon_core.shell:Skip shell extension 'powershell' for command environment: Not usable outside of PowerShell
[0.182s] DEBUG:colcon.colcon_core.shell:Skip shell extension 'dsv' for command environment
[0.186s] INFO:colcon.colcon_ros.task.ament_cmake.build:Building ROS package in '/root/csci_420_robotics_labs/lab6_ws/src/flightcontroller' with build type 'ament_cmake'
[0.186s] INFO:colcon.colcon_cmake.task.cmake.build:Building CMake package in '/root/csci_420_robotics_labs/lab6_ws/src/flightcontroller'
[0.186s] INFO:colcon.colcon_core.shell:Skip shell extension 'powershell' for command environment: Not usable outside of PowerShell
[0.186s] DEBUG:colcon.colcon_core.shell:Skip shell extension 'dsv' for command environment
[0.190s] INFO:colcon.colcon_ros.task.ament_cmake.build:Building ROS package in '/root/csci_420_robotics_labs/lab6_ws/src/flightgoggles/flightgoggles' with build type 'ament_cmake'
[0.190s] INFO:colcon.colcon_cmake.task.cmake.build:Building CMake package in '/root/csci_420_robotics_labs/lab6_ws/src/flightgoggles/flightgoggles'
[0.190s] INFO:colcon.colcon_core.shell:Skip shell extension 'powershell' for command environment: Not usable outside of PowerShell
[0.190s] DEBUG:colcon.colcon_core.shell:Skip shell extension 'dsv' for command environment
[0.193s] INFO:colcon.colcon_ros.task.ament_cmake.build:Building ROS package in '/root/csci_420_robotics_labs/lab6_ws/src/flightgoggles/flightgoggles_uav_dynamics' with build type 'ament_cmake'
[0.193s] INFO:colcon.colcon_cmake.task.cmake.build:Building CMake package in '/root/csci_420_robotics_labs/lab6_ws/src/flightgoggles/flightgoggles_uav_dynamics'
[0.193s] INFO:colcon.colcon_core.shell:Skip shell extension 'powershell' for command environment: Not usable outside of PowerShell
[0.193s] DEBUG:colcon.colcon_core.shell:Skip shell extension 'dsv' for command environment
[0.196s] INFO:colcon.colcon_ros.task.ament_cmake.build:Building ROS package in '/root/csci_420_robotics_labs/lab6_ws/src/sensor_simulation' with build type 'ament_cmake'
[0.196s] INFO:colcon.colcon_cmake.task.cmake.build:Building CMake package in '/root/csci_420_robotics_labs/lab6_ws/src/sensor_simulation'
[0.196s] INFO:colcon.colcon_core.shell:Skip shell extension 'powershell' for command environment: Not usable outside of PowerShell
[0.196s] DEBUG:colcon.colcon_core.shell:Skip shell extension 'dsv' for command environment
[0.199s] INFO:colcon.colcon_ros.task.ament_python.build:Building ROS package in '/root/csci_420_robotics_labs/lab6_ws/src/simple_control' with build type 'ament_python'
[0.199s] Level 1:colcon.colcon_core.shell:create_environment_hook('simple_control', 'ament_prefix_path')
[0.199s] INFO:colcon.colcon_core.shell:Creating environment hook '/root/csci_420_robotics_labs/lab6_ws/install/simple_control/share/simple_control/hook/ament_prefix_path.ps1'
[0.200s] INFO:colcon.colcon_core.shell:Creating environment descriptor '/root/csci_420_robotics_labs/lab6_ws/install/simple_control/share/simple_control/hook/ament_prefix_path.dsv'
[0.201s] INFO:colcon.colcon_core.shell:Creating environment hook '/root/csci_420_robotics_labs/lab6_ws/install/simple_control/share/simple_control/hook/ament_prefix_path.sh'
[0.201s] INFO:colcon.colcon_core.shell:Skip shell extension 'powershell' for command environment: Not usable outside of PowerShell
[0.201s] DEBUG:colcon.colcon_core.shell:Skip shell extension 'dsv' for command environment
[0.204s] INFO:colcon.colcon_ros.task.ament_python.build:Building ROS package in '/root/csci_420_robotics_labs/lab6_ws/src/simple_sim' with build type 'ament_python'
[0.204s] Level 1:colcon.colcon_core.shell:create_environment_hook('simple_sim', 'ament_prefix_path')
[0.204s] INFO:colcon.colcon_core.shell:Creating environment hook '/root/csci_420_robotics_labs/lab6_ws/install/simple_sim/share/simple_sim/hook/ament_prefix_path.ps1'
[0.205s] INFO:colcon.colcon_core.shell:Creating environment descriptor '/root/csci_420_robotics_labs/lab6_ws/install/simple_sim/share/simple_sim/hook/ament_prefix_path.dsv'
[0.206s] INFO:colcon.colcon_core.shell:Creating environment hook '/root/csci_420_robotics_labs/lab6_ws/install/simple_sim/share/simple_sim/hook/ament_prefix_path.sh'
[0.206s] INFO:colcon.colcon_core.shell:Skip shell extension 'powershell' for command environment: Not usable outside of PowerShell
[0.206s] DEBUG:colcon.colcon_core.shell:Skip shell extension 'dsv' for command environment
[0.209s] INFO:colcon.colcon_ros.task.ament_cmake.build:Building ROS package in '/root/csci_420_robotics_labs/lab6_ws/src/visualizer' with build type 'ament_cmake'
[0.209s] INFO:colcon.colcon_cmake.task.cmake.build:Building CMake package in '/root/csci_420_robotics_labs/lab6_ws/src/visualizer'
[0.209s] INFO:colcon.colcon_core.shell:Skip shell extension 'powershell' for command environment: Not usable outside of PowerShell
[0.209s] DEBUG:colcon.colcon_core.shell:Skip shell extension 'dsv' for command environment
[0.219s] DEBUG:colcon.colcon_core.event_handler.log_command:Invoking command in '/root/csci_420_robotics_labs/lab6_ws/build/keyboard_msgs': CMAKE_PREFIX_PATH=${CMAKE_PREFIX_PATH}:/root/csci_420_robotics_labs/lab6_ws/install/simple_sim:/root/csci_420_robotics_labs/lab6_ws/install/simple_control:/opt/ros/kilted /usr/bin/cmake /root/csci_420_robotics_labs/lab6_ws/src/ros2-keyboard/keyboard_msgs -DCMAKE_INSTALL_PREFIX=/root/csci_420_robotics_labs/lab6_ws/install/keyboard_msgs
[0.222s] DEBUG:colcon.colcon_core.event_handler.log_command:Invoking command in '/root/csci_420_robotics_labs/lab6_ws/build/flightcontroller': CMAKE_PREFIX_PATH=${CMAKE_PREFIX_PATH}:/root/csci_420_robotics_labs/lab6_ws/install/simple_sim:/root/csci_420_robotics_labs/lab6_ws/install/simple_control:/opt/ros/kilted /usr/bin/cmake /root/csci_420_robotics_labs/lab6_ws/src/flightcontroller -DCMAKE_INSTALL_PREFIX=/root/csci_420_robotics_labs/lab6_ws/install/flightcontroller
[0.226s] DEBUG:colcon.colcon_core.event_handler.log_command:Invoking command in '/root/csci_420_robotics_labs/lab6_ws/build/flightgoggles': CMAKE_PREFIX_PATH=${CMAKE_PREFIX_PATH}:/root/csci_420_robotics_labs/lab6_ws/install/simple_sim:/root/csci_420_robotics_labs/lab6_ws/install/simple_control:/opt/ros/kilted /usr/bin/cmake /root/csci_420_robotics_labs/lab6_ws/src/flightgoggles/flightgoggles -DCMAKE_INSTALL_PREFIX=/root/csci_420_robotics_labs/lab6_ws/install/flightgoggles
[0.232s] DEBUG:colcon.colcon_core.event_handler.log_command:Invoking command in '/root/csci_420_robotics_labs/lab6_ws/build/flightgoggles_uav_dynamics': CMAKE_PREFIX_PATH=${CMAKE_PREFIX_PATH}:/root/csci_420_robotics_labs/lab6_ws/install/simple_sim:/root/csci_420_robotics_labs/lab6_ws/install/simple_control:/opt/ros/kilted /usr/bin/cmake /root/csci_420_robotics_labs/lab6_ws/src/flightgoggles/flightgoggles_uav_dynamics -DCMAKE_INSTALL_PREFIX=/root/csci_420_robotics_labs/lab6_ws/install/flightgoggles_uav_dynamics
[0.242s] DEBUG:colcon.colcon_core.event_handler.log_command:Invoking command in '/root/csci_420_robotics_labs/lab6_ws/build/sensor_simulation': CMAKE_PREFIX_PATH=${CMAKE_PREFIX_PATH}:/root/csci_420_robotics_labs/lab6_ws/install/simple_sim:/root/csci_420_robotics_labs/lab6_ws/install/simple_control:/opt/ros/kilted /usr/bin/cmake /root/csci_420_robotics_labs/lab6_ws/src/sensor_simulation -DCMAKE_INSTALL_PREFIX=/root/csci_420_robotics_labs/lab6_ws/install/sensor_simulation
[0.516s] INFO:colcon.colcon_core.task.python.build:Building Python package in '/root/csci_420_robotics_labs/lab6_ws/src/simple_control'
[0.516s] INFO:colcon.colcon_core.shell:Skip shell extension 'powershell' for command environment: Not usable outside of PowerShell
[0.516s] DEBUG:colcon.colcon_core.shell:Skip shell extension 'dsv' for command environment
[0.739s] INFO:colcon.colcon_core.task.python.build:Building Python package in '/root/csci_420_robotics_labs/lab6_ws/src/simple_sim'
[0.742s] INFO:colcon.colcon_core.shell:Skip shell extension 'powershell' for command environment: Not usable outside of PowerShell
[0.742s] DEBUG:colcon.colcon_core.shell:Skip shell extension 'dsv' for command environment
[0.797s] DEBUG:colcon.colcon_core.event_handler.log_command:Invoking command in '/root/csci_420_robotics_labs/lab6_ws/build/visualizer': CMAKE_PREFIX_PATH=${CMAKE_PREFIX_PATH}:/root/csci_420_robotics_labs/lab6_ws/install/simple_sim:/root/csci_420_robotics_labs/lab6_ws/install/simple_control:/opt/ros/kilted /usr/bin/cmake /root/csci_420_robotics_labs/lab6_ws/src/visualizer -DCMAKE_INSTALL_PREFIX=/root/csci_420_robotics_labs/lab6_ws/install/visualizer
[1.367s] DEBUG:colcon.colcon_core.event_handler.log_command:Invoking command in '/root/csci_420_robotics_labs/lab6_ws/src/simple_control': PYTHONPATH=/root/csci_420_robotics_labs/lab6_ws/build/simple_control/prefix_override:/usr/lib/python3/dist-packages/colcon_core/task/python/colcon_distutils_commands:/root/csci_420_robotics_labs/lab6_ws/install/simple_control/lib/python3.12/site-packages:${PYTHONPATH} /usr/bin/python3 -W ignore:setup.py install is deprecated -W ignore:easy_install command is deprecated setup.py egg_info --egg-base ../../build/simple_control build --build-base /root/csci_420_robotics_labs/lab6_ws/build/simple_control/build install --record /root/csci_420_robotics_labs/lab6_ws/build/simple_control/install.log --single-version-externally-managed install_data
[1.402s] DEBUG:colcon.colcon_core.event_handler.log_command:Invoking command in '/root/csci_420_robotics_labs/lab6_ws/src/simple_sim': PYTHONPATH=/root/csci_420_robotics_labs/lab6_ws/build/simple_sim/prefix_override:/usr/lib/python3/dist-packages/colcon_core/task/python/colcon_distutils_commands:/root/csci_420_robotics_labs/lab6_ws/install/simple_sim/lib/python3.12/site-packages:${PYTHONPATH} /usr/bin/python3 -W ignore:setup.py install is deprecated -W ignore:easy_install command is deprecated setup.py egg_info --egg-base ../../build/simple_sim build --build-base /root/csci_420_robotics_labs/lab6_ws/build/simple_sim/build install --record /root/csci_420_robotics_labs/lab6_ws/build/simple_sim/install.log --single-version-externally-managed install_data
[4.673s] Level 1:colcon.colcon_core.environment:checking '/root/csci_420_robotics_labs/lab6_ws/install/simple_sim' for CMake module files
[4.679s] Level 1:colcon.colcon_core.environment:checking '/root/csci_420_robotics_labs/lab6_ws/install/simple_sim' for CMake config files
[4.687s] Level 1:colcon.colcon_core.environment:checking '/root/csci_420_robotics_labs/lab6_ws/install/simple_sim/lib'
[4.688s] Level 1:colcon.colcon_core.environment:checking '/root/csci_420_robotics_labs/lab6_ws/install/simple_sim/bin'
[4.688s] Level 1:colcon.colcon_core.environment:checking '/root/csci_420_robotics_labs/lab6_ws/install/simple_sim/lib/pkgconfig/simple_sim.pc'
[4.689s] Level 1:colcon.colcon_core.environment:checking '/root/csci_420_robotics_labs/lab6_ws/install/simple_sim/lib/python3.12/site-packages'
[4.689s] Level 1:colcon.colcon_core.shell:create_environment_hook('simple_sim', 'pythonpath')
[4.690s] INFO:colcon.colcon_core.shell:Creating environment hook '/root/csci_420_robotics_labs/lab6_ws/install/simple_sim/share/simple_sim/hook/pythonpath.ps1'
[4.691s] INFO:colcon.colcon_core.shell:Creating environment descriptor '/root/csci_420_robotics_labs/lab6_ws/install/simple_sim/share/simple_sim/hook/pythonpath.dsv'
[4.692s] INFO:colcon.colcon_core.shell:Creating environment hook '/root/csci_420_robotics_labs/lab6_ws/install/simple_sim/share/simple_sim/hook/pythonpath.sh'
[4.694s] Level 1:colcon.colcon_core.environment:checking '/root/csci_420_robotics_labs/lab6_ws/install/simple_sim/bin'
[4.695s] Level 1:colcon.colcon_core.environment:create_environment_scripts_only(simple_sim)
[4.695s] INFO:colcon.colcon_core.shell:Creating package script '/root/csci_420_robotics_labs/lab6_ws/install/simple_sim/share/simple_sim/package.ps1'
[4.696s] INFO:colcon.colcon_core.shell:Creating package descriptor '/root/csci_420_robotics_labs/lab6_ws/install/simple_sim/share/simple_sim/package.dsv'
[4.697s] DEBUG:colcon.colcon_core.event_handler.log_command:Invoked command in '/root/csci_420_robotics_labs/lab6_ws/build/flightcontroller' returned '0': CMAKE_PREFIX_PATH=${CMAKE_PREFIX_PATH}:/root/csci_420_robotics_labs/lab6_ws/install/simple_sim:/root/csci_420_robotics_labs/lab6_ws/install/simple_control:/opt/ros/kilted /usr/bin/cmake /root/csci_420_robotics_labs/lab6_ws/src/flightcontroller -DCMAKE_INSTALL_PREFIX=/root/csci_420_robotics_labs/lab6_ws/install/flightcontroller
[4.698s] INFO:colcon.colcon_core.shell:Creating package script '/root/csci_420_robotics_labs/lab6_ws/install/simple_sim/share/simple_sim/package.sh'
[4.700s] INFO:colcon.colcon_core.shell:Creating package script '/root/csci_420_robotics_labs/lab6_ws/install/simple_sim/share/simple_sim/package.bash'
[4.701s] INFO:colcon.colcon_core.shell:Creating package script '/root/csci_420_robotics_labs/lab6_ws/install/simple_sim/share/simple_sim/package.zsh'
[4.703s] Level 1:colcon.colcon_core.environment:create_file_with_runtime_dependencies(/root/csci_420_robotics_labs/lab6_ws/install/simple_sim/share/colcon-core/packages/simple_sim)
[4.706s] Level 1:colcon.colcon_core.environment:checking '/root/csci_420_robotics_labs/lab6_ws/install/simple_control' for CMake module files
[4.711s] Level 1:colcon.colcon_core.environment:checking '/root/csci_420_robotics_labs/lab6_ws/install/simple_control' for CMake config files
[4.721s] Level 1:colcon.colcon_core.environment:checking '/root/csci_420_robotics_labs/lab6_ws/install/simple_control/lib'
[4.721s] Level 1:colcon.colcon_core.environment:checking '/root/csci_420_robotics_labs/lab6_ws/install/simple_control/bin'
[4.722s] Level 1:colcon.colcon_core.environment:checking '/root/csci_420_robotics_labs/lab6_ws/install/simple_control/lib/pkgconfig/simple_control.pc'
[4.722s] Level 1:colcon.colcon_core.environment:checking '/root/csci_420_robotics_labs/lab6_ws/install/simple_control/lib/python3.12/site-packages'
[4.722s] Level 1:colcon.colcon_core.shell:create_environment_hook('simple_control', 'pythonpath')
[4.723s] INFO:colcon.colcon_core.shell:Creating environment hook '/root/csci_420_robotics_labs/lab6_ws/install/simple_control/share/simple_control/hook/pythonpath.ps1'
[4.723s] DEBUG:colcon.colcon_core.event_handler.log_command:Invoking command in '/root/csci_420_robotics_labs/lab6_ws/build/flightcontroller': CMAKE_PREFIX_PATH=${CMAKE_PREFIX_PATH}:/root/csci_420_robotics_labs/lab6_ws/install/simple_sim:/root/csci_420_robotics_labs/lab6_ws/install/simple_control:/opt/ros/kilted /usr/bin/cmake --build /root/csci_420_robotics_labs/lab6_ws/build/flightcontroller -- -j8 -l8
[4.724s] DEBUG:colcon.colcon_core.event_handler.log_command:Invoked command in '/root/csci_420_robotics_labs/lab6_ws/src/simple_sim' returned '0': PYTHONPATH=/root/csci_420_robotics_labs/lab6_ws/build/simple_sim/prefix_override:/usr/lib/python3/dist-packages/colcon_core/task/python/colcon_distutils_commands:/root/csci_420_robotics_labs/lab6_ws/install/simple_sim/lib/python3.12/site-packages:${PYTHONPATH} /usr/bin/python3 -W ignore:setup.py install is deprecated -W ignore:easy_install command is deprecated setup.py egg_info --egg-base ../../build/simple_sim build --build-base /root/csci_420_robotics_labs/lab6_ws/build/simple_sim/build install --record /root/csci_420_robotics_labs/lab6_ws/build/simple_sim/install.log --single-version-externally-managed install_data
[4.724s] INFO:colcon.colcon_core.shell:Creating environment descriptor '/root/csci_420_robotics_labs/lab6_ws/install/simple_control/share/simple_control/hook/pythonpath.dsv'
[4.726s] INFO:colcon.colcon_core.shell:Creating environment hook '/root/csci_420_robotics_labs/lab6_ws/install/simple_control/share/simple_control/hook/pythonpath.sh'
[4.727s] Level 1:colcon.colcon_core.environment:checking '/root/csci_420_robotics_labs/lab6_ws/install/simple_control/bin'
[4.727s] Level 1:colcon.colcon_core.environment:create_environment_scripts_only(simple_control)
[4.727s] INFO:colcon.colcon_core.shell:Creating package script '/root/csci_420_robotics_labs/lab6_ws/install/simple_control/share/simple_control/package.ps1'
[4.729s] INFO:colcon.colcon_core.shell:Creating package descriptor '/root/csci_420_robotics_labs/lab6_ws/install/simple_control/share/simple_control/package.dsv'
[4.730s] DEBUG:colcon.colcon_core.event_handler.log_command:Invoked command in '/root/csci_420_robotics_labs/lab6_ws/src/simple_control' returned '0': PYTHONPATH=/root/csci_420_robotics_labs/lab6_ws/build/simple_control/prefix_override:/usr/lib/python3/dist-packages/colcon_core/task/python/colcon_distutils_commands:/root/csci_420_robotics_labs/lab6_ws/install/simple_control/lib/python3.12/site-packages:${PYTHONPATH} /usr/bin/python3 -W ignore:setup.py install is deprecated -W ignore:easy_install command is deprecated setup.py egg_info --egg-base ../../build/simple_control build --build-base /root/csci_420_robotics_labs/lab6_ws/build/simple_control/build install --record /root/csci_420_robotics_labs/lab6_ws/build/simple_control/install.log --single-version-externally-managed install_data
[4.731s] INFO:colcon.colcon_core.shell:Creating package script '/root/csci_420_robotics_labs/lab6_ws/install/simple_control/share/simple_control/package.sh'
[4.732s] INFO:colcon.colcon_core.shell:Creating package script '/root/csci_420_robotics_labs/lab6_ws/install/simple_control/share/simple_control/package.bash'
[4.733s] INFO:colcon.colcon_core.shell:Creating package script '/root/csci_420_robotics_labs/lab6_ws/install/simple_control/share/simple_control/package.zsh'
[4.735s] Level 1:colcon.colcon_core.environment:create_file_with_runtime_dependencies(/root/csci_420_robotics_labs/lab6_ws/install/simple_control/share/colcon-core/packages/simple_control)
[4.740s] DEBUG:colcon.colcon_core.event_handler.log_command:Invoked command in '/root/csci_420_robotics_labs/lab6_ws/build/flightcontroller' returned '0': CMAKE_PREFIX_PATH=${CMAKE_PREFIX_PATH}:/root/csci_420_robotics_labs/lab6_ws/install/simple_sim:/root/csci_420_robotics_labs/lab6_ws/install/simple_control:/opt/ros/kilted /usr/bin/cmake --build /root/csci_420_robotics_labs/lab6_ws/build/flightcontroller -- -j8 -l8
[4.773s] DEBUG:colcon.colcon_core.event_handler.log_command:Invoking command in '/root/csci_420_robotics_labs/lab6_ws/build/flightcontroller': CMAKE_PREFIX_PATH=${CMAKE_PREFIX_PATH}:/root/csci_420_robotics_labs/lab6_ws/install/simple_sim:/root/csci_420_robotics_labs/lab6_ws/install/simple_control:/opt/ros/kilted /usr/bin/cmake --install /root/csci_420_robotics_labs/lab6_ws/build/flightcontroller
[4.992s] Level 1:colcon.colcon_core.environment:create_environment_scripts_only(flightcontroller)
[4.993s] Level 1:colcon.colcon_core.environment:checking '/root/csci_420_robotics_labs/lab6_ws/install/flightcontroller' for CMake module files
[4.994s] DEBUG:colcon.colcon_core.event_handler.log_command:Invoked command in '/root/csci_420_robotics_labs/lab6_ws/build/flightcontroller' returned '0': CMAKE_PREFIX_PATH=${CMAKE_PREFIX_PATH}:/root/csci_420_robotics_labs/lab6_ws/install/simple_sim:/root/csci_420_robotics_labs/lab6_ws/install/simple_control:/opt/ros/kilted /usr/bin/cmake --install /root/csci_420_robotics_labs/lab6_ws/build/flightcontroller
[5.000s] Level 1:colcon.colcon_core.environment:checking '/root/csci_420_robotics_labs/lab6_ws/install/flightcontroller' for CMake config files
[5.004s] Level 1:colcon.colcon_core.shell:create_environment_hook('flightcontroller', 'cmake_prefix_path')
[5.005s] INFO:colcon.colcon_core.shell:Creating environment hook '/root/csci_420_robotics_labs/lab6_ws/install/flightcontroller/share/flightcontroller/hook/cmake_prefix_path.ps1'
[5.007s] INFO:colcon.colcon_core.shell:Creating environment descriptor '/root/csci_420_robotics_labs/lab6_ws/install/flightcontroller/share/flightcontroller/hook/cmake_prefix_path.dsv'
[5.009s] INFO:colcon.colcon_core.shell:Creating environment hook '/root/csci_420_robotics_labs/lab6_ws/install/flightcontroller/share/flightcontroller/hook/cmake_prefix_path.sh'
[5.012s] Level 1:colcon.colcon_core.environment:checking '/root/csci_420_robotics_labs/lab6_ws/install/flightcontroller/lib'
[5.013s] Level 1:colcon.colcon_core.environment:checking '/root/csci_420_robotics_labs/lab6_ws/install/flightcontroller/bin'
[5.014s] Level 1:colcon.colcon_core.environment:checking '/root/csci_420_robotics_labs/lab6_ws/install/flightcontroller/lib/pkgconfig/flightcontroller.pc'
[5.015s] Level 1:colcon.colcon_core.environment:checking '/root/csci_420_robotics_labs/lab6_ws/install/flightcontroller/lib/python3.12/site-packages'
[5.015s] Level 1:colcon.colcon_core.environment:checking '/root/csci_420_robotics_labs/lab6_ws/install/flightcontroller/bin'
[5.016s] INFO:colcon.colcon_core.shell:Creating package script '/root/csci_420_robotics_labs/lab6_ws/install/flightcontroller/share/flightcontroller/package.ps1'
[5.017s] INFO:colcon.colcon_core.shell:Creating package descriptor '/root/csci_420_robotics_labs/lab6_ws/install/flightcontroller/share/flightcontroller/package.dsv'
[5.019s] INFO:colcon.colcon_core.shell:Creating package script '/root/csci_420_robotics_labs/lab6_ws/install/flightcontroller/share/flightcontroller/package.sh'
[5.020s] INFO:colcon.colcon_core.shell:Creating package script '/root/csci_420_robotics_labs/lab6_ws/install/flightcontroller/share/flightcontroller/package.bash'
[5.022s] INFO:colcon.colcon_core.shell:Creating package script '/root/csci_420_robotics_labs/lab6_ws/install/flightcontroller/share/flightcontroller/package.zsh'
[5.023s] Level 1:colcon.colcon_core.environment:create_file_with_runtime_dependencies(/root/csci_420_robotics_labs/lab6_ws/install/flightcontroller/share/colcon-core/packages/flightcontroller)
[5.026s] Level 1:colcon.colcon_core.environment:create_environment_scripts_only(flightcontroller)
[5.027s] Level 1:colcon.colcon_core.environment:checking '/root/csci_420_robotics_labs/lab6_ws/install/flightcontroller' for CMake module files
[5.031s] Level 1:colcon.colcon_core.environment:checking '/root/csci_420_robotics_labs/lab6_ws/install/flightcontroller' for CMake config files
[5.035s] Level 1:colcon.colcon_core.shell:create_environment_hook('flightcontroller', 'cmake_prefix_path')
[5.035s] INFO:colcon.colcon_core.shell:Creating environment hook '/root/csci_420_robotics_labs/lab6_ws/install/flightcontroller/share/flightcontroller/hook/cmake_prefix_path.ps1'
[5.037s] INFO:colcon.colcon_core.shell:Creating environment descriptor '/root/csci_420_robotics_labs/lab6_ws/install/flightcontroller/share/flightcontroller/hook/cmake_prefix_path.dsv'
[5.038s] INFO:colcon.colcon_core.shell:Creating environment hook '/root/csci_420_robotics_labs/lab6_ws/install/flightcontroller/share/flightcontroller/hook/cmake_prefix_path.sh'
[5.048s] Level 1:colcon.colcon_core.environment:checking '/root/csci_420_robotics_labs/lab6_ws/install/flightcontroller/lib'
[5.051s] Level 1:colcon.colcon_core.environment:checking '/root/csci_420_robotics_labs/lab6_ws/install/flightcontroller/bin'
[5.052s] Level 1:colcon.colcon_core.environment:checking '/root/csci_420_robotics_labs/lab6_ws/install/flightcontroller/lib/pkgconfig/flightcontroller.pc'
[5.053s] Level 1:colcon.colcon_core.environment:checking '/root/csci_420_robotics_labs/lab6_ws/install/flightcontroller/lib/python3.12/site-packages'
[5.056s] Level 1:colcon.colcon_core.environment:checking '/root/csci_420_robotics_labs/lab6_ws/install/flightcontroller/bin'
[5.058s] INFO:colcon.colcon_core.shell:Creating package script '/root/csci_420_robotics_labs/lab6_ws/install/flightcontroller/share/flightcontroller/package.ps1'
[5.065s] INFO:colcon.colcon_core.shell:Creating package descriptor '/root/csci_420_robotics_labs/lab6_ws/install/flightcontroller/share/flightcontroller/package.dsv'
[5.074s] INFO:colcon.colcon_core.shell:Creating package script '/root/csci_420_robotics_labs/lab6_ws/install/flightcontroller/share/flightcontroller/package.sh'
[5.075s] INFO:colcon.colcon_core.shell:Creating package script '/root/csci_420_robotics_labs/lab6_ws/install/flightcontroller/share/flightcontroller/package.bash'
[5.077s] INFO:colcon.colcon_core.shell:Creating package script '/root/csci_420_robotics_labs/lab6_ws/install/flightcontroller/share/flightcontroller/package.zsh'
[5.078s] Level 1:colcon.colcon_core.environment:create_file_with_runtime_dependencies(/root/csci_420_robotics_labs/lab6_ws/install/flightcontroller/share/colcon-core/packages/flightcontroller)
[5.093s] DEBUG:colcon.colcon_core.event_handler.log_command:Invoked command in '/root/csci_420_robotics_labs/lab6_ws/build/visualizer' returned '0': CMAKE_PREFIX_PATH=${CMAKE_PREFIX_PATH}:/root/csci_420_robotics_labs/lab6_ws/install/simple_sim:/root/csci_420_robotics_labs/lab6_ws/install/simple_control:/opt/ros/kilted /usr/bin/cmake /root/csci_420_robotics_labs/lab6_ws/src/visualizer -DCMAKE_INSTALL_PREFIX=/root/csci_420_robotics_labs/lab6_ws/install/visualizer
[5.094s] DEBUG:colcon.colcon_core.event_handler.log_command:Invoking command in '/root/csci_420_robotics_labs/lab6_ws/build/visualizer': CMAKE_PREFIX_PATH=${CMAKE_PREFIX_PATH}:/root/csci_420_robotics_labs/lab6_ws/install/simple_sim:/root/csci_420_robotics_labs/lab6_ws/install/simple_control:/opt/ros/kilted /usr/bin/cmake --build /root/csci_420_robotics_labs/lab6_ws/build/visualizer -- -j8 -l8
[5.098s] DEBUG:colcon.colcon_core.event_handler.log_command:Invoked command in '/root/csci_420_robotics_labs/lab6_ws/build/flightgoggles' returned '0': CMAKE_PREFIX_PATH=${CMAKE_PREFIX_PATH}:/root/csci_420_robotics_labs/lab6_ws/install/simple_sim:/root/csci_420_robotics_labs/lab6_ws/install/simple_control:/opt/ros/kilted /usr/bin/cmake /root/csci_420_robotics_labs/lab6_ws/src/flightgoggles/flightgoggles -DCMAKE_INSTALL_PREFIX=/root/csci_420_robotics_labs/lab6_ws/install/flightgoggles
[5.099s] DEBUG:colcon.colcon_core.event_handler.log_command:Invoking command in '/root/csci_420_robotics_labs/lab6_ws/build/flightgoggles': CMAKE_PREFIX_PATH=${CMAKE_PREFIX_PATH}:/root/csci_420_robotics_labs/lab6_ws/install/simple_sim:/root/csci_420_robotics_labs/lab6_ws/install/simple_control:/opt/ros/kilted /usr/bin/cmake --build /root/csci_420_robotics_labs/lab6_ws/build/flightgoggles -- -j8 -l8
[5.129s] DEBUG:colcon.colcon_core.event_handler.log_command:Invoked command in '/root/csci_420_robotics_labs/lab6_ws/build/flightgoggles' returned '0': CMAKE_PREFIX_PATH=${CMAKE_PREFIX_PATH}:/root/csci_420_robotics_labs/lab6_ws/install/simple_sim:/root/csci_420_robotics_labs/lab6_ws/install/simple_control:/opt/ros/kilted /usr/bin/cmake --build /root/csci_420_robotics_labs/lab6_ws/build/flightgoggles -- -j8 -l8
[5.131s] DEBUG:colcon.colcon_core.event_handler.log_command:Invoking command in '/root/csci_420_robotics_labs/lab6_ws/build/flightgoggles': CMAKE_PREFIX_PATH=${CMAKE_PREFIX_PATH}:/root/csci_420_robotics_labs/lab6_ws/install/simple_sim:/root/csci_420_robotics_labs/lab6_ws/install/simple_control:/opt/ros/kilted /usr/bin/cmake --install /root/csci_420_robotics_labs/lab6_ws/build/flightgoggles
[5.220s] Level 1:colcon.colcon_core.environment:create_environment_scripts_only(flightgoggles)
[5.221s] Level 1:colcon.colcon_core.environment:checking '/root/csci_420_robotics_labs/lab6_ws/install/flightgoggles' for CMake module files
[5.221s] DEBUG:colcon.colcon_core.event_handler.log_command:Invoked command in '/root/csci_420_robotics_labs/lab6_ws/build/flightgoggles' returned '0': CMAKE_PREFIX_PATH=${CMAKE_PREFIX_PATH}:/root/csci_420_robotics_labs/lab6_ws/install/simple_sim:/root/csci_420_robotics_labs/lab6_ws/install/simple_control:/opt/ros/kilted /usr/bin/cmake --install /root/csci_420_robotics_labs/lab6_ws/build/flightgoggles
[5.224s] Level 1:colcon.colcon_core.environment:checking '/root/csci_420_robotics_labs/lab6_ws/install/flightgoggles' for CMake config files
[5.228s] Level 1:colcon.colcon_core.shell:create_environment_hook('flightgoggles', 'cmake_prefix_path')
[5.228s] INFO:colcon.colcon_core.shell:Creating environment hook '/root/csci_420_robotics_labs/lab6_ws/install/flightgoggles/share/flightgoggles/hook/cmake_prefix_path.ps1'
[5.230s] INFO:colcon.colcon_core.shell:Creating environment descriptor '/root/csci_420_robotics_labs/lab6_ws/install/flightgoggles/share/flightgoggles/hook/cmake_prefix_path.dsv'
[5.231s] INFO:colcon.colcon_core.shell:Creating environment hook '/root/csci_420_robotics_labs/lab6_ws/install/flightgoggles/share/flightgoggles/hook/cmake_prefix_path.sh'
[5.236s] Level 1:colcon.colcon_core.environment:checking '/root/csci_420_robotics_labs/lab6_ws/install/flightgoggles/bin'
[5.236s] Level 1:colcon.colcon_core.environment:checking '/root/csci_420_robotics_labs/lab6_ws/install/flightgoggles/lib/pkgconfig/flightgoggles.pc'
[5.237s] Level 1:colcon.colcon_core.environment:checking '/root/csci_420_robotics_labs/lab6_ws/install/flightgoggles/lib/python3.12/site-packages'
[5.237s] Level 1:colcon.colcon_core.environment:checking '/root/csci_420_robotics_labs/lab6_ws/install/flightgoggles/bin'
[5.238s] INFO:colcon.colcon_core.shell:Creating package script '/root/csci_420_robotics_labs/lab6_ws/install/flightgoggles/share/flightgoggles/package.ps1'
[5.239s] INFO:colcon.colcon_core.shell:Creating package descriptor '/root/csci_420_robotics_labs/lab6_ws/install/flightgoggles/share/flightgoggles/package.dsv'
[5.241s] INFO:colcon.colcon_core.shell:Creating package script '/root/csci_420_robotics_labs/lab6_ws/install/flightgoggles/share/flightgoggles/package.sh'
[5.245s] INFO:colcon.colcon_core.shell:Creating package script '/root/csci_420_robotics_labs/lab6_ws/install/flightgoggles/share/flightgoggles/package.bash'
[5.250s] INFO:colcon.colcon_core.shell:Creating package script '/root/csci_420_robotics_labs/lab6_ws/install/flightgoggles/share/flightgoggles/package.zsh'
[5.253s] Level 1:colcon.colcon_core.environment:create_file_with_runtime_dependencies(/root/csci_420_robotics_labs/lab6_ws/install/flightgoggles/share/colcon-core/packages/flightgoggles)
[5.260s] Level 1:colcon.colcon_core.environment:create_environment_scripts_only(flightgoggles)
[5.262s] Level 1:colcon.colcon_core.environment:checking '/root/csci_420_robotics_labs/lab6_ws/install/flightgoggles' for CMake module files
[5.275s] Level 1:colcon.colcon_core.environment:checking '/root/csci_420_robotics_labs/lab6_ws/install/flightgoggles' for CMake config files
[5.278s] Level 1:colcon.colcon_core.shell:create_environment_hook('flightgoggles', 'cmake_prefix_path')
[5.279s] INFO:colcon.colcon_core.shell:Creating environment hook '/root/csci_420_robotics_labs/lab6_ws/install/flightgoggles/share/flightgoggles/hook/cmake_prefix_path.ps1'
[5.280s] INFO:colcon.colcon_core.shell:Creating environment descriptor '/root/csci_420_robotics_labs/lab6_ws/install/flightgoggles/share/flightgoggles/hook/cmake_prefix_path.dsv'
[5.280s] INFO:colcon.colcon_core.shell:Creating environment hook '/root/csci_420_robotics_labs/lab6_ws/install/flightgoggles/share/flightgoggles/hook/cmake_prefix_path.sh'
[5.282s] Level 1:colcon.colcon_core.environment:checking '/root/csci_420_robotics_labs/lab6_ws/install/flightgoggles/bin'
[5.282s] Level 1:colcon.colcon_core.environment:checking '/root/csci_420_robotics_labs/lab6_ws/install/flightgoggles/lib/pkgconfig/flightgoggles.pc'
[5.283s] Level 1:colcon.colcon_core.environment:checking '/root/csci_420_robotics_labs/lab6_ws/install/flightgoggles/lib/python3.12/site-packages'
[5.283s] Level 1:colcon.colcon_core.environment:checking '/root/csci_420_robotics_labs/lab6_ws/install/flightgoggles/bin'
[5.284s] INFO:colcon.colcon_core.shell:Creating package script '/root/csci_420_robotics_labs/lab6_ws/install/flightgoggles/share/flightgoggles/package.ps1'
[5.285s] INFO:colcon.colcon_core.shell:Creating package descriptor '/root/csci_420_robotics_labs/lab6_ws/install/flightgoggles/share/flightgoggles/package.dsv'
[5.286s] INFO:colcon.colcon_core.shell:Creating package script '/root/csci_420_robotics_labs/lab6_ws/install/flightgoggles/share/flightgoggles/package.sh'
[5.286s] INFO:colcon.colcon_core.shell:Creating package script '/root/csci_420_robotics_labs/lab6_ws/install/flightgoggles/share/flightgoggles/package.bash'
[5.287s] INFO:colcon.colcon_core.shell:Creating package script '/root/csci_420_robotics_labs/lab6_ws/install/flightgoggles/share/flightgoggles/package.zsh'
[5.288s] Level 1:colcon.colcon_core.environment:create_file_with_runtime_dependencies(/root/csci_420_robotics_labs/lab6_ws/install/flightgoggles/share/colcon-core/packages/flightgoggles)
[5.393s] DEBUG:colcon.colcon_core.event_handler.log_command:Invoked command in '/root/csci_420_robotics_labs/lab6_ws/build/sensor_simulation' returned '0': CMAKE_PREFIX_PATH=${CMAKE_PREFIX_PATH}:/root/csci_420_robotics_labs/lab6_ws/install/simple_sim:/root/csci_420_robotics_labs/lab6_ws/install/simple_control:/opt/ros/kilted /usr/bin/cmake /root/csci_420_robotics_labs/lab6_ws/src/sensor_simulation -DCMAKE_INSTALL_PREFIX=/root/csci_420_robotics_labs/lab6_ws/install/sensor_simulation
[5.394s] DEBUG:colcon.colcon_core.event_handler.log_command:Invoking command in '/root/csci_420_robotics_labs/lab6_ws/build/sensor_simulation': CMAKE_PREFIX_PATH=${CMAKE_PREFIX_PATH}:/root/csci_420_robotics_labs/lab6_ws/install/simple_sim:/root/csci_420_robotics_labs/lab6_ws/install/simple_control:/opt/ros/kilted /usr/bin/cmake --build /root/csci_420_robotics_labs/lab6_ws/build/sensor_simulation -- -j8 -l8
[5.463s] DEBUG:colcon.colcon_core.event_handler.log_command:Invoked command in '/root/csci_420_robotics_labs/lab6_ws/build/visualizer' returned '0': CMAKE_PREFIX_PATH=${CMAKE_PREFIX_PATH}:/root/csci_420_robotics_labs/lab6_ws/install/simple_sim:/root/csci_420_robotics_labs/lab6_ws/install/simple_control:/opt/ros/kilted /usr/bin/cmake --build /root/csci_420_robotics_labs/lab6_ws/build/visualizer -- -j8 -l8
[5.471s] DEBUG:colcon.colcon_core.event_handler.log_command:Invoking command in '/root/csci_420_robotics_labs/lab6_ws/build/visualizer': CMAKE_PREFIX_PATH=${CMAKE_PREFIX_PATH}:/root/csci_420_robotics_labs/lab6_ws/install/simple_sim:/root/csci_420_robotics_labs/lab6_ws/install/simple_control:/opt/ros/kilted /usr/bin/cmake --install /root/csci_420_robotics_labs/lab6_ws/build/visualizer
[5.611s] Level 1:colcon.colcon_core.environment:create_environment_scripts_only(visualizer)
[5.611s] Level 1:colcon.colcon_core.environment:checking '/root/csci_420_robotics_labs/lab6_ws/install/visualizer' for CMake module files
[5.611s] DEBUG:colcon.colcon_core.event_handler.log_command:Invoked command in '/root/csci_420_robotics_labs/lab6_ws/build/visualizer' returned '0': CMAKE_PREFIX_PATH=${CMAKE_PREFIX_PATH}:/root/csci_420_robotics_labs/lab6_ws/install/simple_sim:/root/csci_420_robotics_labs/lab6_ws/install/simple_control:/opt/ros/kilted /usr/bin/cmake --install /root/csci_420_robotics_labs/lab6_ws/build/visualizer
[5.614s] Level 1:colcon.colcon_core.environment:checking '/root/csci_420_robotics_labs/lab6_ws/install/visualizer' for CMake config files
[5.619s] Level 1:colcon.colcon_core.shell:create_environment_hook('visualizer', 'cmake_prefix_path')
[5.619s] INFO:colcon.colcon_core.shell:Creating environment hook '/root/csci_420_robotics_labs/lab6_ws/install/visualizer/share/visualizer/hook/cmake_prefix_path.ps1'
[5.620s] INFO:colcon.colcon_core.shell:Creating environment descriptor '/root/csci_420_robotics_labs/lab6_ws/install/visualizer/share/visualizer/hook/cmake_prefix_path.dsv'
[5.622s] INFO:colcon.colcon_core.shell:Creating environment hook '/root/csci_420_robotics_labs/lab6_ws/install/visualizer/share/visualizer/hook/cmake_prefix_path.sh'
[5.627s] Level 1:colcon.colcon_core.environment:checking '/root/csci_420_robotics_labs/lab6_ws/install/visualizer/lib'
[5.627s] Level 1:colcon.colcon_core.environment:checking '/root/csci_420_robotics_labs/lab6_ws/install/visualizer/bin'
[5.628s] Level 1:colcon.colcon_core.environment:checking '/root/csci_420_robotics_labs/lab6_ws/install/visualizer/lib/pkgconfig/visualizer.pc'
[5.629s] Level 1:colcon.colcon_core.environment:checking '/root/csci_420_robotics_labs/lab6_ws/install/visualizer/lib/python3.12/site-packages'
[5.629s] Level 1:colcon.colcon_core.shell:create_environment_hook('visualizer', 'pythonpath')
[5.630s] INFO:colcon.colcon_core.shell:Creating environment hook '/root/csci_420_robotics_labs/lab6_ws/install/visualizer/share/visualizer/hook/pythonpath.ps1'
[5.632s] INFO:colcon.colcon_core.shell:Creating environment descriptor '/root/csci_420_robotics_labs/lab6_ws/install/visualizer/share/visualizer/hook/pythonpath.dsv'
[5.634s] INFO:colcon.colcon_core.shell:Creating environment hook '/root/csci_420_robotics_labs/lab6_ws/install/visualizer/share/visualizer/hook/pythonpath.sh'
[5.636s] Level 1:colcon.colcon_core.environment:checking '/root/csci_420_robotics_labs/lab6_ws/install/visualizer/bin'
[5.637s] INFO:colcon.colcon_core.shell:Creating package script '/root/csci_420_robotics_labs/lab6_ws/install/visualizer/share/visualizer/package.ps1'
[5.639s] INFO:colcon.colcon_core.shell:Creating package descriptor '/root/csci_420_robotics_labs/lab6_ws/install/visualizer/share/visualizer/package.dsv'
[5.640s] INFO:colcon.colcon_core.shell:Creating package script '/root/csci_420_robotics_labs/lab6_ws/install/visualizer/share/visualizer/package.sh'
[5.642s] INFO:colcon.colcon_core.shell:Creating package script '/root/csci_420_robotics_labs/lab6_ws/install/visualizer/share/visualizer/package.bash'
[5.654s] INFO:colcon.colcon_core.shell:Creating package script '/root/csci_420_robotics_labs/lab6_ws/install/visualizer/share/visualizer/package.zsh'
[5.657s] Level 1:colcon.colcon_core.environment:create_file_with_runtime_dependencies(/root/csci_420_robotics_labs/lab6_ws/install/visualizer/share/colcon-core/packages/visualizer)
[5.671s] Level 1:colcon.colcon_core.environment:create_environment_scripts_only(visualizer)
[5.672s] Level 1:colcon.colcon_core.environment:checking '/root/csci_420_robotics_labs/lab6_ws/install/visualizer' for CMake module files
[5.676s] Level 1:colcon.colcon_core.environment:checking '/root/csci_420_robotics_labs/lab6_ws/install/visualizer' for CMake config files
[5.679s] Level 1:colcon.colcon_core.shell:create_environment_hook('visualizer', 'cmake_prefix_path')
[5.679s] INFO:colcon.colcon_core.shell:Creating environment hook '/root/csci_420_robotics_labs/lab6_ws/install/visualizer/share/visualizer/hook/cmake_prefix_path.ps1'
[5.681s] INFO:colcon.colcon_core.shell:Creating environment descriptor '/root/csci_420_robotics_labs/lab6_ws/install/visualizer/share/visualizer/hook/cmake_prefix_path.dsv'
[5.682s] INFO:colcon.colcon_core.shell:Creating environment hook '/root/csci_420_robotics_labs/lab6_ws/install/visualizer/share/visualizer/hook/cmake_prefix_path.sh'
[5.684s] Level 1:colcon.colcon_core.environment:checking '/root/csci_420_robotics_labs/lab6_ws/install/visualizer/lib'
[5.685s] Level 1:colcon.colcon_core.environment:checking '/root/csci_420_robotics_labs/lab6_ws/install/visualizer/bin'
[5.685s] Level 1:colcon.colcon_core.environment:checking '/root/csci_420_robotics_labs/lab6_ws/install/visualizer/lib/pkgconfig/visualizer.pc'
[5.686s] Level 1:colcon.colcon_core.environment:checking '/root/csci_420_robotics_labs/lab6_ws/install/visualizer/lib/python3.12/site-packages'
[5.686s] Level 1:colcon.colcon_core.shell:create_environment_hook('visualizer', 'pythonpath')
[5.686s] INFO:colcon.colcon_core.shell:Creating environment hook '/root/csci_420_robotics_labs/lab6_ws/install/visualizer/share/visualizer/hook/pythonpath.ps1'
[5.687s] INFO:colcon.colcon_core.shell:Creating environment descriptor '/root/csci_420_robotics_labs/lab6_ws/install/visualizer/share/visualizer/hook/pythonpath.dsv'
[5.687s] INFO:colcon.colcon_core.shell:Creating environment hook '/root/csci_420_robotics_labs/lab6_ws/install/visualizer/share/visualizer/hook/pythonpath.sh'
[5.688s] Level 1:colcon.colcon_core.environment:checking '/root/csci_420_robotics_labs/lab6_ws/install/visualizer/bin'
[5.689s] INFO:colcon.colcon_core.shell:Creating package script '/root/csci_420_robotics_labs/lab6_ws/install/visualizer/share/visualizer/package.ps1'
[5.690s] INFO:colcon.colcon_core.shell:Creating package descriptor '/root/csci_420_robotics_labs/lab6_ws/install/visualizer/share/visualizer/package.dsv'
[5.690s] INFO:colcon.colcon_core.shell:Creating package script '/root/csci_420_robotics_labs/lab6_ws/install/visualizer/share/visualizer/package.sh'
[5.691s] INFO:colcon.colcon_core.shell:Creating package script '/root/csci_420_robotics_labs/lab6_ws/install/visualizer/share/visualizer/package.bash'
[5.693s] INFO:colcon.colcon_core.shell:Creating package script '/root/csci_420_robotics_labs/lab6_ws/install/visualizer/share/visualizer/package.zsh'
[5.693s] Level 1:colcon.colcon_core.environment:create_file_with_runtime_dependencies(/root/csci_420_robotics_labs/lab6_ws/install/visualizer/share/colcon-core/packages/visualizer)
[5.700s] DEBUG:colcon.colcon_core.event_handler.log_command:Invoked command in '/root/csci_420_robotics_labs/lab6_ws/build/flightgoggles_uav_dynamics' returned '0': CMAKE_PREFIX_PATH=${CMAKE_PREFIX_PATH}:/root/csci_420_robotics_labs/lab6_ws/install/simple_sim:/root/csci_420_robotics_labs/lab6_ws/install/simple_control:/opt/ros/kilted /usr/bin/cmake /root/csci_420_robotics_labs/lab6_ws/src/flightgoggles/flightgoggles_uav_dynamics -DCMAKE_INSTALL_PREFIX=/root/csci_420_robotics_labs/lab6_ws/install/flightgoggles_uav_dynamics
[5.702s] DEBUG:colcon.colcon_core.event_handler.log_command:Invoking command in '/root/csci_420_robotics_labs/lab6_ws/build/flightgoggles_uav_dynamics': CMAKE_PREFIX_PATH=${CMAKE_PREFIX_PATH}:/root/csci_420_robotics_labs/lab6_ws/install/simple_sim:/root/csci_420_robotics_labs/lab6_ws/install/simple_control:/opt/ros/kilted /usr/bin/cmake --build /root/csci_420_robotics_labs/lab6_ws/build/flightgoggles_uav_dynamics -- -j8 -l8
[5.794s] DEBUG:colcon.colcon_core.event_handler.log_command:Invoked command in '/root/csci_420_robotics_labs/lab6_ws/build/sensor_simulation' returned '0': CMAKE_PREFIX_PATH=${CMAKE_PREFIX_PATH}:/root/csci_420_robotics_labs/lab6_ws/install/simple_sim:/root/csci_420_robotics_labs/lab6_ws/install/simple_control:/opt/ros/kilted /usr/bin/cmake --build /root/csci_420_robotics_labs/lab6_ws/build/sensor_simulation -- -j8 -l8
[5.797s] DEBUG:colcon.colcon_core.event_handler.log_command:Invoking command in '/root/csci_420_robotics_labs/lab6_ws/build/sensor_simulation': CMAKE_PREFIX_PATH=${CMAKE_PREFIX_PATH}:/root/csci_420_robotics_labs/lab6_ws/install/simple_sim:/root/csci_420_robotics_labs/lab6_ws/install/simple_control:/opt/ros/kilted /usr/bin/cmake --install /root/csci_420_robotics_labs/lab6_ws/build/sensor_simulation
[5.980s] Level 1:colcon.colcon_core.environment:create_environment_scripts_only(sensor_simulation)
[5.980s] Level 1:colcon.colcon_core.environment:checking '/root/csci_420_robotics_labs/lab6_ws/install/sensor_simulation' for CMake module files
[5.981s] DEBUG:colcon.colcon_core.event_handler.log_command:Invoked command in '/root/csci_420_robotics_labs/lab6_ws/build/sensor_simulation' returned '0': CMAKE_PREFIX_PATH=${CMAKE_PREFIX_PATH}:/root/csci_420_robotics_labs/lab6_ws/install/simple_sim:/root/csci_420_robotics_labs/lab6_ws/install/simple_control:/opt/ros/kilted /usr/bin/cmake --install /root/csci_420_robotics_labs/lab6_ws/build/sensor_simulation
[5.982s] Level 1:colcon.colcon_core.environment:checking '/root/csci_420_robotics_labs/lab6_ws/install/sensor_simulation' for CMake config files
[5.984s] Level 1:colcon.colcon_core.shell:create_environment_hook('sensor_simulation', 'cmake_prefix_path')
[5.984s] INFO:colcon.colcon_core.shell:Creating environment hook '/root/csci_420_robotics_labs/lab6_ws/install/sensor_simulation/share/sensor_simulation/hook/cmake_prefix_path.ps1'
[5.985s] INFO:colcon.colcon_core.shell:Creating environment descriptor '/root/csci_420_robotics_labs/lab6_ws/install/sensor_simulation/share/sensor_simulation/hook/cmake_prefix_path.dsv'
[5.985s] INFO:colcon.colcon_core.shell:Creating environment hook '/root/csci_420_robotics_labs/lab6_ws/install/sensor_simulation/share/sensor_simulation/hook/cmake_prefix_path.sh'
[5.986s] Level 1:colcon.colcon_core.environment:checking '/root/csci_420_robotics_labs/lab6_ws/install/sensor_simulation/lib'
[5.986s] Level 1:colcon.colcon_core.environment:checking '/root/csci_420_robotics_labs/lab6_ws/install/sensor_simulation/bin'
[5.987s] Level 1:colcon.colcon_core.environment:checking '/root/csci_420_robotics_labs/lab6_ws/install/sensor_simulation/lib/pkgconfig/sensor_simulation.pc'
[5.987s] Level 1:colcon.colcon_core.environment:checking '/root/csci_420_robotics_labs/lab6_ws/install/sensor_simulation/lib/python3.12/site-packages'
[5.987s] Level 1:colcon.colcon_core.shell:create_environment_hook('sensor_simulation', 'pythonpath')
[5.987s] INFO:colcon.colcon_core.shell:Creating environment hook '/root/csci_420_robotics_labs/lab6_ws/install/sensor_simulation/share/sensor_simulation/hook/pythonpath.ps1'
[5.987s] INFO:colcon.colcon_core.shell:Creating environment descriptor '/root/csci_420_robotics_labs/lab6_ws/install/sensor_simulation/share/sensor_simulation/hook/pythonpath.dsv'
[5.988s] INFO:colcon.colcon_core.shell:Creating environment hook '/root/csci_420_robotics_labs/lab6_ws/install/sensor_simulation/share/sensor_simulation/hook/pythonpath.sh'
[5.988s] Level 1:colcon.colcon_core.environment:checking '/root/csci_420_robotics_labs/lab6_ws/install/sensor_simulation/bin'
[5.988s] INFO:colcon.colcon_core.shell:Creating package script '/root/csci_420_robotics_labs/lab6_ws/install/sensor_simulation/share/sensor_simulation/package.ps1'
[5.989s] INFO:colcon.colcon_core.shell:Creating package descriptor '/root/csci_420_robotics_labs/lab6_ws/install/sensor_simulation/share/sensor_simulation/package.dsv'
[5.989s] INFO:colcon.colcon_core.shell:Creating package script '/root/csci_420_robotics_labs/lab6_ws/install/sensor_simulation/share/sensor_simulation/package.sh'
[5.989s] INFO:colcon.colcon_core.shell:Creating package script '/root/csci_420_robotics_labs/lab6_ws/install/sensor_simulation/share/sensor_simulation/package.bash'
[5.990s] INFO:colcon.colcon_core.shell:Creating package script '/root/csci_420_robotics_labs/lab6_ws/install/sensor_simulation/share/sensor_simulation/package.zsh'
[5.990s] Level 1:colcon.colcon_core.environment:create_file_with_runtime_dependencies(/root/csci_420_robotics_labs/lab6_ws/install/sensor_simulation/share/colcon-core/packages/sensor_simulation)
[5.992s] Level 1:colcon.colcon_core.environment:create_environment_scripts_only(sensor_simulation)
[5.992s] Level 1:colcon.colcon_core.environment:checking '/root/csci_420_robotics_labs/lab6_ws/install/sensor_simulation' for CMake module files
[5.993s] Level 1:colcon.colcon_core.environment:checking '/root/csci_420_robotics_labs/lab6_ws/install/sensor_simulation' for CMake config files
[5.995s] Level 1:colcon.colcon_core.shell:create_environment_hook('sensor_simulation', 'cmake_prefix_path')
[5.995s] INFO:colcon.colcon_core.shell:Creating environment hook '/root/csci_420_robotics_labs/lab6_ws/install/sensor_simulation/share/sensor_simulation/hook/cmake_prefix_path.ps1'
[5.995s] INFO:colcon.colcon_core.shell:Creating environment descriptor '/root/csci_420_robotics_labs/lab6_ws/install/sensor_simulation/share/sensor_simulation/hook/cmake_prefix_path.dsv'
[5.996s] INFO:colcon.colcon_core.shell:Creating environment hook '/root/csci_420_robotics_labs/lab6_ws/install/sensor_simulation/share/sensor_simulation/hook/cmake_prefix_path.sh'
[5.997s] Level 1:colcon.colcon_core.environment:checking '/root/csci_420_robotics_labs/lab6_ws/install/sensor_simulation/lib'
[5.997s] Level 1:colcon.colcon_core.environment:checking '/root/csci_420_robotics_labs/lab6_ws/install/sensor_simulation/bin'
[5.997s] Level 1:colcon.colcon_core.environment:checking '/root/csci_420_robotics_labs/lab6_ws/install/sensor_simulation/lib/pkgconfig/sensor_simulation.pc'
[5.997s] Level 1:colcon.colcon_core.environment:checking '/root/csci_420_robotics_labs/lab6_ws/install/sensor_simulation/lib/python3.12/site-packages'
[5.998s] Level 1:colcon.colcon_core.shell:create_environment_hook('sensor_simulation', 'pythonpath')
[5.998s] INFO:colcon.colcon_core.shell:Creating environment hook '/root/csci_420_robotics_labs/lab6_ws/install/sensor_simulation/share/sensor_simulation/hook/pythonpath.ps1'
[5.998s] INFO:colcon.colcon_core.shell:Creating environment descriptor '/root/csci_420_robotics_labs/lab6_ws/install/sensor_simulation/share/sensor_simulation/hook/pythonpath.dsv'
[5.998s] INFO:colcon.colcon_core.shell:Creating environment hook '/root/csci_420_robotics_labs/lab6_ws/install/sensor_simulation/share/sensor_simulation/hook/pythonpath.sh'
[5.999s] Level 1:colcon.colcon_core.environment:checking '/root/csci_420_robotics_labs/lab6_ws/install/sensor_simulation/bin'
[5.999s] INFO:colcon.colcon_core.shell:Creating package script '/root/csci_420_robotics_labs/lab6_ws/install/sensor_simulation/share/sensor_simulation/package.ps1'
[5.999s] INFO:colcon.colcon_core.shell:Creating package descriptor '/root/csci_420_robotics_labs/lab6_ws/install/sensor_simulation/share/sensor_simulation/package.dsv'
[6.000s] INFO:colcon.colcon_core.shell:Creating package script '/root/csci_420_robotics_labs/lab6_ws/install/sensor_simulation/share/sensor_simulation/package.sh'
[6.000s] INFO:colcon.colcon_core.shell:Creating package script '/root/csci_420_robotics_labs/lab6_ws/install/sensor_simulation/share/sensor_simulation/package.bash'
[6.000s] INFO:colcon.colcon_core.shell:Creating package script '/root/csci_420_robotics_labs/lab6_ws/install/sensor_simulation/share/sensor_simulation/package.zsh'
[6.001s] Level 1:colcon.colcon_core.environment:create_file_with_runtime_dependencies(/root/csci_420_robotics_labs/lab6_ws/install/sensor_simulation/share/colcon-core/packages/sensor_simulation)
[6.809s] DEBUG:colcon.colcon_core.event_handler.log_command:Invoked command in '/root/csci_420_robotics_labs/lab6_ws/build/keyboard_msgs' returned '0': CMAKE_PREFIX_PATH=${CMAKE_PREFIX_PATH}:/root/csci_420_robotics_labs/lab6_ws/install/simple_sim:/root/csci_420_robotics_labs/lab6_ws/install/simple_control:/opt/ros/kilted /usr/bin/cmake /root/csci_420_robotics_labs/lab6_ws/src/ros2-keyboard/keyboard_msgs -DCMAKE_INSTALL_PREFIX=/root/csci_420_robotics_labs/lab6_ws/install/keyboard_msgs
[6.810s] DEBUG:colcon.colcon_core.event_handler.log_command:Invoking command in '/root/csci_420_robotics_labs/lab6_ws/build/keyboard_msgs': CMAKE_PREFIX_PATH=${CMAKE_PREFIX_PATH}:/root/csci_420_robotics_labs/lab6_ws/install/simple_sim:/root/csci_420_robotics_labs/lab6_ws/install/simple_control:/opt/ros/kilted /usr/bin/cmake --build /root/csci_420_robotics_labs/lab6_ws/build/keyboard_msgs -- -j8 -l8
[13.392s] DEBUG:colcon.colcon_core.event_handler.log_command:Invoked command in '/root/csci_420_robotics_labs/lab6_ws/build/keyboard_msgs' returned '0': CMAKE_PREFIX_PATH=${CMAKE_PREFIX_PATH}:/root/csci_420_robotics_labs/lab6_ws/install/simple_sim:/root/csci_420_robotics_labs/lab6_ws/install/simple_control:/opt/ros/kilted /usr/bin/cmake --build /root/csci_420_robotics_labs/lab6_ws/build/keyboard_msgs -- -j8 -l8
[13.396s] DEBUG:colcon.colcon_core.event_handler.log_command:Invoking command in '/root/csci_420_robotics_labs/lab6_ws/build/keyboard_msgs': CMAKE_PREFIX_PATH=${CMAKE_PREFIX_PATH}:/root/csci_420_robotics_labs/lab6_ws/install/simple_sim:/root/csci_420_robotics_labs/lab6_ws/install/simple_control:/opt/ros/kilted /usr/bin/cmake --install /root/csci_420_robotics_labs/lab6_ws/build/keyboard_msgs
[13.688s] Level 1:colcon.colcon_core.environment:create_environment_scripts_only(keyboard_msgs)
[13.688s] Level 1:colcon.colcon_core.environment:checking '/root/csci_420_robotics_labs/lab6_ws/install/keyboard_msgs' for CMake module files
[13.689s] DEBUG:colcon.colcon_core.event_handler.log_command:Invoked command in '/root/csci_420_robotics_labs/lab6_ws/build/keyboard_msgs' returned '0': CMAKE_PREFIX_PATH=${CMAKE_PREFIX_PATH}:/root/csci_420_robotics_labs/lab6_ws/install/simple_sim:/root/csci_420_robotics_labs/lab6_ws/install/simple_control:/opt/ros/kilted /usr/bin/cmake --install /root/csci_420_robotics_labs/lab6_ws/build/keyboard_msgs
[13.691s] Level 1:colcon.colcon_core.environment:checking '/root/csci_420_robotics_labs/lab6_ws/install/keyboard_msgs' for CMake config files
[13.693s] Level 1:colcon.colcon_core.shell:create_environment_hook('keyboard_msgs', 'cmake_prefix_path')
[13.693s] INFO:colcon.colcon_core.shell:Creating environment hook '/root/csci_420_robotics_labs/lab6_ws/install/keyboard_msgs/share/keyboard_msgs/hook/cmake_prefix_path.ps1'
[13.694s] INFO:colcon.colcon_core.shell:Creating environment descriptor '/root/csci_420_robotics_labs/lab6_ws/install/keyboard_msgs/share/keyboard_msgs/hook/cmake_prefix_path.dsv'
[13.695s] INFO:colcon.colcon_core.shell:Creating environment hook '/root/csci_420_robotics_labs/lab6_ws/install/keyboard_msgs/share/keyboard_msgs/hook/cmake_prefix_path.sh'
[13.696s] Level 1:colcon.colcon_core.environment:checking '/root/csci_420_robotics_labs/lab6_ws/install/keyboard_msgs/lib'
[13.696s] Level 1:colcon.colcon_core.shell:create_environment_hook('keyboard_msgs', 'ld_library_path_lib')
[13.696s] INFO:colcon.colcon_core.shell:Creating environment hook '/root/csci_420_robotics_labs/lab6_ws/install/keyboard_msgs/share/keyboard_msgs/hook/ld_library_path_lib.ps1'
[13.697s] INFO:colcon.colcon_core.shell:Creating environment descriptor '/root/csci_420_robotics_labs/lab6_ws/install/keyboard_msgs/share/keyboard_msgs/hook/ld_library_path_lib.dsv'
[13.697s] INFO:colcon.colcon_core.shell:Creating environment hook '/root/csci_420_robotics_labs/lab6_ws/install/keyboard_msgs/share/keyboard_msgs/hook/ld_library_path_lib.sh'
[13.698s] Level 1:colcon.colcon_core.environment:checking '/root/csci_420_robotics_labs/lab6_ws/install/keyboard_msgs/bin'
[13.698s] Level 1:colcon.colcon_core.environment:checking '/root/csci_420_robotics_labs/lab6_ws/install/keyboard_msgs/lib/pkgconfig/keyboard_msgs.pc'
[13.698s] Level 1:colcon.colcon_core.environment:checking '/root/csci_420_robotics_labs/lab6_ws/install/keyboard_msgs/lib/python3.12/site-packages'
[13.699s] Level 1:colcon.colcon_core.shell:create_environment_hook('keyboard_msgs', 'pythonpath')
[13.699s] INFO:colcon.colcon_core.shell:Creating environment hook '/root/csci_420_robotics_labs/lab6_ws/install/keyboard_msgs/share/keyboard_msgs/hook/pythonpath.ps1'
[13.699s] INFO:colcon.colcon_core.shell:Creating environment descriptor '/root/csci_420_robotics_labs/lab6_ws/install/keyboard_msgs/share/keyboard_msgs/hook/pythonpath.dsv'
[13.699s] INFO:colcon.colcon_core.shell:Creating environment hook '/root/csci_420_robotics_labs/lab6_ws/install/keyboard_msgs/share/keyboard_msgs/hook/pythonpath.sh'
[13.700s] Level 1:colcon.colcon_core.environment:checking '/root/csci_420_robotics_labs/lab6_ws/install/keyboard_msgs/bin'
[13.700s] INFO:colcon.colcon_core.shell:Creating package script '/root/csci_420_robotics_labs/lab6_ws/install/keyboard_msgs/share/keyboard_msgs/package.ps1'
[13.701s] INFO:colcon.colcon_core.shell:Creating package descriptor '/root/csci_420_robotics_labs/lab6_ws/install/keyboard_msgs/share/keyboard_msgs/package.dsv'
[13.701s] INFO:colcon.colcon_core.shell:Creating package script '/root/csci_420_robotics_labs/lab6_ws/install/keyboard_msgs/share/keyboard_msgs/package.sh'
[13.701s] INFO:colcon.colcon_core.shell:Creating package script '/root/csci_420_robotics_labs/lab6_ws/install/keyboard_msgs/share/keyboard_msgs/package.bash'
[13.702s] INFO:colcon.colcon_core.shell:Creating package script '/root/csci_420_robotics_labs/lab6_ws/install/keyboard_msgs/share/keyboard_msgs/package.zsh'
[13.703s] Level 1:colcon.colcon_core.environment:create_file_with_runtime_dependencies(/root/csci_420_robotics_labs/lab6_ws/install/keyboard_msgs/share/colcon-core/packages/keyboard_msgs)
[13.704s] Level 1:colcon.colcon_core.environment:create_environment_scripts_only(keyboard_msgs)
[13.704s] Level 1:colcon.colcon_core.environment:checking '/root/csci_420_robotics_labs/lab6_ws/install/keyboard_msgs' for CMake module files
[13.705s] Level 1:colcon.colcon_core.environment:checking '/root/csci_420_robotics_labs/lab6_ws/install/keyboard_msgs' for CMake config files
[13.707s] Level 1:colcon.colcon_core.shell:create_environment_hook('keyboard_msgs', 'cmake_prefix_path')
[13.707s] INFO:colcon.colcon_core.shell:Creating environment hook '/root/csci_420_robotics_labs/lab6_ws/install/keyboard_msgs/share/keyboard_msgs/hook/cmake_prefix_path.ps1'
[13.708s] INFO:colcon.colcon_core.shell:Creating environment descriptor '/root/csci_420_robotics_labs/lab6_ws/install/keyboard_msgs/share/keyboard_msgs/hook/cmake_prefix_path.dsv'
[13.708s] INFO:colcon.colcon_core.shell:Creating environment hook '/root/csci_420_robotics_labs/lab6_ws/install/keyboard_msgs/share/keyboard_msgs/hook/cmake_prefix_path.sh'
[13.709s] Level 1:colcon.colcon_core.environment:checking '/root/csci_420_robotics_labs/lab6_ws/install/keyboard_msgs/lib'
[13.709s] Level 1:colcon.colcon_core.shell:create_environment_hook('keyboard_msgs', 'ld_library_path_lib')
[13.709s] INFO:colcon.colcon_core.shell:Creating environment hook '/root/csci_420_robotics_labs/lab6_ws/install/keyboard_msgs/share/keyboard_msgs/hook/ld_library_path_lib.ps1'
[13.710s] INFO:colcon.colcon_core.shell:Creating environment descriptor '/root/csci_420_robotics_labs/lab6_ws/install/keyboard_msgs/share/keyboard_msgs/hook/ld_library_path_lib.dsv'
[13.710s] INFO:colcon.colcon_core.shell:Creating environment hook '/root/csci_420_robotics_labs/lab6_ws/install/keyboard_msgs/share/keyboard_msgs/hook/ld_library_path_lib.sh'
[13.716s] Level 1:colcon.colcon_core.environment:checking '/root/csci_420_robotics_labs/lab6_ws/install/keyboard_msgs/bin'
[13.716s] Level 1:colcon.colcon_core.environment:checking '/root/csci_420_robotics_labs/lab6_ws/install/keyboard_msgs/lib/pkgconfig/keyboard_msgs.pc'
[13.716s] Level 1:colcon.colcon_core.environment:checking '/root/csci_420_robotics_labs/lab6_ws/install/keyboard_msgs/lib/python3.12/site-packages'
[13.716s] Level 1:colcon.colcon_core.shell:create_environment_hook('keyboard_msgs', 'pythonpath')
[13.717s] INFO:colcon.colcon_core.shell:Creating environment hook '/root/csci_420_robotics_labs/lab6_ws/install/keyboard_msgs/share/keyboard_msgs/hook/pythonpath.ps1'
[13.718s] INFO:colcon.colcon_core.shell:Creating environment descriptor '/root/csci_420_robotics_labs/lab6_ws/install/keyboard_msgs/share/keyboard_msgs/hook/pythonpath.dsv'
[13.718s] INFO:colcon.colcon_core.shell:Creating environment hook '/root/csci_420_robotics_labs/lab6_ws/install/keyboard_msgs/share/keyboard_msgs/hook/pythonpath.sh'
[13.719s] Level 1:colcon.colcon_core.environment:checking '/root/csci_420_robotics_labs/lab6_ws/install/keyboard_msgs/bin'
[13.719s] INFO:colcon.colcon_core.shell:Creating package script '/root/csci_420_robotics_labs/lab6_ws/install/keyboard_msgs/share/keyboard_msgs/package.ps1'
[13.720s] INFO:colcon.colcon_core.shell:Creating package descriptor '/root/csci_420_robotics_labs/lab6_ws/install/keyboard_msgs/share/keyboard_msgs/package.dsv'
[13.721s] INFO:colcon.colcon_core.shell:Creating package script '/root/csci_420_robotics_labs/lab6_ws/install/keyboard_msgs/share/keyboard_msgs/package.sh'
[13.722s] INFO:colcon.colcon_core.shell:Creating package script '/root/csci_420_robotics_labs/lab6_ws/install/keyboard_msgs/share/keyboard_msgs/package.bash'
[13.722s] INFO:colcon.colcon_core.shell:Creating package script '/root/csci_420_robotics_labs/lab6_ws/install/keyboard_msgs/share/keyboard_msgs/package.zsh'
[13.723s] Level 1:colcon.colcon_core.environment:create_file_with_runtime_dependencies(/root/csci_420_robotics_labs/lab6_ws/install/keyboard_msgs/share/colcon-core/packages/keyboard_msgs)
[13.723s] INFO:colcon.colcon_ros.task.ament_cmake.build:Building ROS package in '/root/csci_420_robotics_labs/lab6_ws/src/ros2-keyboard/keyboard' with build type 'ament_cmake'
[13.723s] INFO:colcon.colcon_cmake.task.cmake.build:Building CMake package in '/root/csci_420_robotics_labs/lab6_ws/src/ros2-keyboard/keyboard'
[13.723s] INFO:colcon.colcon_core.shell:Skip shell extension 'powershell' for command environment: Not usable outside of PowerShell
[13.723s] DEBUG:colcon.colcon_core.shell:Skip shell extension 'dsv' for command environment
[13.737s] DEBUG:colcon.colcon_core.event_handler.log_command:Invoking command in '/root/csci_420_robotics_labs/lab6_ws/build/keyboard': CMAKE_PREFIX_PATH=/root/csci_420_robotics_labs/lab6_ws/install/keyboard_msgs:/root/csci_420_robotics_labs/lab6_ws/install/visualizer:/root/csci_420_robotics_labs/lab6_ws/install/sensor_simulation:/root/csci_420_robotics_labs/lab6_ws/install/keyboard:/root/csci_420_robotics_labs/lab6_ws/install/flightgoggles_uav_dynamics:/root/csci_420_robotics_labs/lab6_ws/install/flightgoggles:/root/csci_420_robotics_labs/lab6_ws/install/flightcontroller:/opt/ros/kilted/opt/gz_sim_vendor:/opt/ros/kilted/opt/gz_sensors_vendor:/opt/ros/kilted/opt/gz_physics_vendor:/opt/ros/kilted/opt/sdformat_vendor:/opt/ros/kilted/opt/gz_gui_vendor:/opt/ros/kilted/opt/gz_transport_vendor:/opt/ros/kilted/opt/gz_rendering_vendor:/opt/ros/kilted/opt/gz_plugin_vendor:/opt/ros/kilted/opt/gz_fuel_tools_vendor:/opt/ros/kilted/opt/gz_msgs_vendor:/opt/ros/kilted/opt/gz_common_vendor:/opt/ros/kilted/opt/gz_math_vendor:/opt/ros/kilted/opt/gz_utils_vendor:/opt/ros/kilted/opt/gz_tools_vendor:/opt/ros/kilted/opt/gz_ogre_next_vendor:/opt/ros/kilted/opt/gz_dartsim_vendor:/opt/ros/kilted/opt/gz_cmake_vendor:/root/csci_420_robotics_labs/lab6_ws/install/simple_sim:/root/csci_420_robotics_labs/lab6_ws/install/simple_control:/opt/ros/kilted PYTHONPATH=/root/csci_420_robotics_labs/lab6_ws/install/keyboard_msgs/lib/python3.12/site-packages:/root/csci_420_robotics_labs/lab6_ws/install/visualizer/lib/python3.12/site-packages:/root/csci_420_robotics_labs/lab6_ws/install/simple_sim/lib/python3.12/site-packages:/root/csci_420_robotics_labs/lab6_ws/install/simple_control/lib/python3.12/site-packages:/root/csci_420_robotics_labs/lab6_ws/install/sensor_simulation/lib/python3.12/site-packages:/opt/ros/kilted/lib/python3.12/site-packages /usr/bin/cmake /root/csci_420_robotics_labs/lab6_ws/src/ros2-keyboard/keyboard -DCMAKE_INSTALL_PREFIX=/root/csci_420_robotics_labs/lab6_ws/install/keyboard
[16.501s] DEBUG:colcon.colcon_core.event_handler.log_command:Invoked command in '/root/csci_420_robotics_labs/lab6_ws/build/keyboard' returned '0': CMAKE_PREFIX_PATH=/root/csci_420_robotics_labs/lab6_ws/install/keyboard_msgs:/root/csci_420_robotics_labs/lab6_ws/install/visualizer:/root/csci_420_robotics_labs/lab6_ws/install/sensor_simulation:/root/csci_420_robotics_labs/lab6_ws/install/keyboard:/root/csci_420_robotics_labs/lab6_ws/install/flightgoggles_uav_dynamics:/root/csci_420_robotics_labs/lab6_ws/install/flightgoggles:/root/csci_420_robotics_labs/lab6_ws/install/flightcontroller:/opt/ros/kilted/opt/gz_sim_vendor:/opt/ros/kilted/opt/gz_sensors_vendor:/opt/ros/kilted/opt/gz_physics_vendor:/opt/ros/kilted/opt/sdformat_vendor:/opt/ros/kilted/opt/gz_gui_vendor:/opt/ros/kilted/opt/gz_transport_vendor:/opt/ros/kilted/opt/gz_rendering_vendor:/opt/ros/kilted/opt/gz_plugin_vendor:/opt/ros/kilted/opt/gz_fuel_tools_vendor:/opt/ros/kilted/opt/gz_msgs_vendor:/opt/ros/kilted/opt/gz_common_vendor:/opt/ros/kilted/opt/gz_math_vendor:/opt/ros/kilted/opt/gz_utils_vendor:/opt/ros/kilted/opt/gz_tools_vendor:/opt/ros/kilted/opt/gz_ogre_next_vendor:/opt/ros/kilted/opt/gz_dartsim_vendor:/opt/ros/kilted/opt/gz_cmake_vendor:/root/csci_420_robotics_labs/lab6_ws/install/simple_sim:/root/csci_420_robotics_labs/lab6_ws/install/simple_control:/opt/ros/kilted PYTHONPATH=/root/csci_420_robotics_labs/lab6_ws/install/keyboard_msgs/lib/python3.12/site-packages:/root/csci_420_robotics_labs/lab6_ws/install/visualizer/lib/python3.12/site-packages:/root/csci_420_robotics_labs/lab6_ws/install/simple_sim/lib/python3.12/site-packages:/root/csci_420_robotics_labs/lab6_ws/install/simple_control/lib/python3.12/site-packages:/root/csci_420_robotics_labs/lab6_ws/install/sensor_simulation/lib/python3.12/site-packages:/opt/ros/kilted/lib/python3.12/site-packages /usr/bin/cmake /root/csci_420_robotics_labs/lab6_ws/src/ros2-keyboard/keyboard -DCMAKE_INSTALL_PREFIX=/root/csci_420_robotics_labs/lab6_ws/install/keyboard
[16.502s] DEBUG:colcon.colcon_core.event_handler.log_command:Invoking command in '/root/csci_420_robotics_labs/lab6_ws/build/keyboard': CMAKE_PREFIX_PATH=/root/csci_420_robotics_labs/lab6_ws/install/keyboard_msgs:/root/csci_420_robotics_labs/lab6_ws/install/visualizer:/root/csci_420_robotics_labs/lab6_ws/install/sensor_simulation:/root/csci_420_robotics_labs/lab6_ws/install/keyboard:/root/csci_420_robotics_labs/lab6_ws/install/flightgoggles_uav_dynamics:/root/csci_420_robotics_labs/lab6_ws/install/flightgoggles:/root/csci_420_robotics_labs/lab6_ws/install/flightcontroller:/opt/ros/kilted/opt/gz_sim_vendor:/opt/ros/kilted/opt/gz_sensors_vendor:/opt/ros/kilted/opt/gz_physics_vendor:/opt/ros/kilted/opt/sdformat_vendor:/opt/ros/kilted/opt/gz_gui_vendor:/opt/ros/kilted/opt/gz_transport_vendor:/opt/ros/kilted/opt/gz_rendering_vendor:/opt/ros/kilted/opt/gz_plugin_vendor:/opt/ros/kilted/opt/gz_fuel_tools_vendor:/opt/ros/kilted/opt/gz_msgs_vendor:/opt/ros/kilted/opt/gz_common_vendor:/opt/ros/kilted/opt/gz_math_vendor:/opt/ros/kilted/opt/gz_utils_vendor:/opt/ros/kilted/opt/gz_tools_vendor:/opt/ros/kilted/opt/gz_ogre_next_vendor:/opt/ros/kilted/opt/gz_dartsim_vendor:/opt/ros/kilted/opt/gz_cmake_vendor:/root/csci_420_robotics_labs/lab6_ws/install/simple_sim:/root/csci_420_robotics_labs/lab6_ws/install/simple_control:/opt/ros/kilted PYTHONPATH=/root/csci_420_robotics_labs/lab6_ws/install/keyboard_msgs/lib/python3.12/site-packages:/root/csci_420_robotics_labs/lab6_ws/install/visualizer/lib/python3.12/site-packages:/root/csci_420_robotics_labs/lab6_ws/install/simple_sim/lib/python3.12/site-packages:/root/csci_420_robotics_labs/lab6_ws/install/simple_control/lib/python3.12/site-packages:/root/csci_420_robotics_labs/lab6_ws/install/sensor_simulation/lib/python3.12/site-packages:/opt/ros/kilted/lib/python3.12/site-packages /usr/bin/cmake --build /root/csci_420_robotics_labs/lab6_ws/build/keyboard -- -j8 -l8
[17.209s] DEBUG:colcon.colcon_core.event_handler.log_command:Invoked command in '/root/csci_420_robotics_labs/lab6_ws/build/flightgoggles_uav_dynamics' returned '0': CMAKE_PREFIX_PATH=${CMAKE_PREFIX_PATH}:/root/csci_420_robotics_labs/lab6_ws/install/simple_sim:/root/csci_420_robotics_labs/lab6_ws/install/simple_control:/opt/ros/kilted /usr/bin/cmake --build /root/csci_420_robotics_labs/lab6_ws/build/flightgoggles_uav_dynamics -- -j8 -l8
[17.211s] DEBUG:colcon.colcon_core.event_handler.log_command:Invoking command in '/root/csci_420_robotics_labs/lab6_ws/build/flightgoggles_uav_dynamics': CMAKE_PREFIX_PATH=${CMAKE_PREFIX_PATH}:/root/csci_420_robotics_labs/lab6_ws/install/simple_sim:/root/csci_420_robotics_labs/lab6_ws/install/simple_control:/opt/ros/kilted /usr/bin/cmake --install /root/csci_420_robotics_labs/lab6_ws/build/flightgoggles_uav_dynamics
[17.312s] Level 1:colcon.colcon_core.environment:create_environment_scripts_only(flightgoggles_uav_dynamics)
[17.312s] Level 1:colcon.colcon_core.environment:checking '/root/csci_420_robotics_labs/lab6_ws/install/flightgoggles_uav_dynamics' for CMake module files
[17.312s] DEBUG:colcon.colcon_core.event_handler.log_command:Invoked command in '/root/csci_420_robotics_labs/lab6_ws/build/flightgoggles_uav_dynamics' returned '0': CMAKE_PREFIX_PATH=${CMAKE_PREFIX_PATH}:/root/csci_420_robotics_labs/lab6_ws/install/simple_sim:/root/csci_420_robotics_labs/lab6_ws/install/simple_control:/opt/ros/kilted /usr/bin/cmake --install /root/csci_420_robotics_labs/lab6_ws/build/flightgoggles_uav_dynamics
[17.313s] Level 1:colcon.colcon_core.environment:checking '/root/csci_420_robotics_labs/lab6_ws/install/flightgoggles_uav_dynamics' for CMake config files
[17.314s] Level 1:colcon.colcon_core.shell:create_environment_hook('flightgoggles_uav_dynamics', 'cmake_prefix_path')
[17.314s] INFO:colcon.colcon_core.shell:Creating environment hook '/root/csci_420_robotics_labs/lab6_ws/install/flightgoggles_uav_dynamics/share/flightgoggles_uav_dynamics/hook/cmake_prefix_path.ps1'
[17.315s] INFO:colcon.colcon_core.shell:Creating environment descriptor '/root/csci_420_robotics_labs/lab6_ws/install/flightgoggles_uav_dynamics/share/flightgoggles_uav_dynamics/hook/cmake_prefix_path.dsv'
[17.316s] INFO:colcon.colcon_core.shell:Creating environment hook '/root/csci_420_robotics_labs/lab6_ws/install/flightgoggles_uav_dynamics/share/flightgoggles_uav_dynamics/hook/cmake_prefix_path.sh'
[17.316s] Level 1:colcon.colcon_core.environment:checking '/root/csci_420_robotics_labs/lab6_ws/install/flightgoggles_uav_dynamics/lib'
[17.316s] Level 1:colcon.colcon_core.environment:checking '/root/csci_420_robotics_labs/lab6_ws/install/flightgoggles_uav_dynamics/bin'
[17.316s] Level 1:colcon.colcon_core.environment:checking '/root/csci_420_robotics_labs/lab6_ws/install/flightgoggles_uav_dynamics/lib/pkgconfig/flightgoggles_uav_dynamics.pc'
[17.317s] Level 1:colcon.colcon_core.environment:checking '/root/csci_420_robotics_labs/lab6_ws/install/flightgoggles_uav_dynamics/lib/python3.12/site-packages'
[17.317s] Level 1:colcon.colcon_core.environment:checking '/root/csci_420_robotics_labs/lab6_ws/install/flightgoggles_uav_dynamics/bin'
[17.317s] INFO:colcon.colcon_core.shell:Creating package script '/root/csci_420_robotics_labs/lab6_ws/install/flightgoggles_uav_dynamics/share/flightgoggles_uav_dynamics/package.ps1'
[17.318s] INFO:colcon.colcon_core.shell:Creating package descriptor '/root/csci_420_robotics_labs/lab6_ws/install/flightgoggles_uav_dynamics/share/flightgoggles_uav_dynamics/package.dsv'
[17.318s] INFO:colcon.colcon_core.shell:Creating package script '/root/csci_420_robotics_labs/lab6_ws/install/flightgoggles_uav_dynamics/share/flightgoggles_uav_dynamics/package.sh'
[17.318s] INFO:colcon.colcon_core.shell:Creating package script '/root/csci_420_robotics_labs/lab6_ws/install/flightgoggles_uav_dynamics/share/flightgoggles_uav_dynamics/package.bash'
[17.319s] INFO:colcon.colcon_core.shell:Creating package script '/root/csci_420_robotics_labs/lab6_ws/install/flightgoggles_uav_dynamics/share/flightgoggles_uav_dynamics/package.zsh'
[17.320s] Level 1:colcon.colcon_core.environment:create_file_with_runtime_dependencies(/root/csci_420_robotics_labs/lab6_ws/install/flightgoggles_uav_dynamics/share/colcon-core/packages/flightgoggles_uav_dynamics)
[17.321s] Level 1:colcon.colcon_core.environment:create_environment_scripts_only(flightgoggles_uav_dynamics)
[17.321s] Level 1:colcon.colcon_core.environment:checking '/root/csci_420_robotics_labs/lab6_ws/install/flightgoggles_uav_dynamics' for CMake module files
[17.322s] Level 1:colcon.colcon_core.environment:checking '/root/csci_420_robotics_labs/lab6_ws/install/flightgoggles_uav_dynamics' for CMake config files
[17.323s] Level 1:colcon.colcon_core.shell:create_environment_hook('flightgoggles_uav_dynamics', 'cmake_prefix_path')
[17.323s] INFO:colcon.colcon_core.shell:Creating environment hook '/root/csci_420_robotics_labs/lab6_ws/install/flightgoggles_uav_dynamics/share/flightgoggles_uav_dynamics/hook/cmake_prefix_path.ps1'
[17.323s] INFO:colcon.colcon_core.shell:Creating environment descriptor '/root/csci_420_robotics_labs/lab6_ws/install/flightgoggles_uav_dynamics/share/flightgoggles_uav_dynamics/hook/cmake_prefix_path.dsv'
[17.323s] INFO:colcon.colcon_core.shell:Creating environment hook '/root/csci_420_robotics_labs/lab6_ws/install/flightgoggles_uav_dynamics/share/flightgoggles_uav_dynamics/hook/cmake_prefix_path.sh'
[17.324s] Level 1:colcon.colcon_core.environment:checking '/root/csci_420_robotics_labs/lab6_ws/install/flightgoggles_uav_dynamics/lib'
[17.324s] Level 1:colcon.colcon_core.environment:checking '/root/csci_420_robotics_labs/lab6_ws/install/flightgoggles_uav_dynamics/bin'
[17.324s] Level 1:colcon.colcon_core.environment:checking '/root/csci_420_robotics_labs/lab6_ws/install/flightgoggles_uav_dynamics/lib/pkgconfig/flightgoggles_uav_dynamics.pc'
[17.324s] Level 1:colcon.colcon_core.environment:checking '/root/csci_420_robotics_labs/lab6_ws/install/flightgoggles_uav_dynamics/lib/python3.12/site-packages'
[17.325s] Level 1:colcon.colcon_core.environment:checking '/root/csci_420_robotics_labs/lab6_ws/install/flightgoggles_uav_dynamics/bin'
[17.325s] INFO:colcon.colcon_core.shell:Creating package script '/root/csci_420_robotics_labs/lab6_ws/install/flightgoggles_uav_dynamics/share/flightgoggles_uav_dynamics/package.ps1'
[17.325s] INFO:colcon.colcon_core.shell:Creating package descriptor '/root/csci_420_robotics_labs/lab6_ws/install/flightgoggles_uav_dynamics/share/flightgoggles_uav_dynamics/package.dsv'
[17.325s] INFO:colcon.colcon_core.shell:Creating package script '/root/csci_420_robotics_labs/lab6_ws/install/flightgoggles_uav_dynamics/share/flightgoggles_uav_dynamics/package.sh'
[17.326s] INFO:colcon.colcon_core.shell:Creating package script '/root/csci_420_robotics_labs/lab6_ws/install/flightgoggles_uav_dynamics/share/flightgoggles_uav_dynamics/package.bash'
[17.326s] INFO:colcon.colcon_core.shell:Creating package script '/root/csci_420_robotics_labs/lab6_ws/install/flightgoggles_uav_dynamics/share/flightgoggles_uav_dynamics/package.zsh'
[17.326s] Level 1:colcon.colcon_core.environment:create_file_with_runtime_dependencies(/root/csci_420_robotics_labs/lab6_ws/install/flightgoggles_uav_dynamics/share/colcon-core/packages/flightgoggles_uav_dynamics)
[20.042s] DEBUG:colcon.colcon_core.event_handler.log_command:Invoked command in '/root/csci_420_robotics_labs/lab6_ws/build/keyboard' returned '0': CMAKE_PREFIX_PATH=/root/csci_420_robotics_labs/lab6_ws/install/keyboard_msgs:/root/csci_420_robotics_labs/lab6_ws/install/visualizer:/root/csci_420_robotics_labs/lab6_ws/install/sensor_simulation:/root/csci_420_robotics_labs/lab6_ws/install/keyboard:/root/csci_420_robotics_labs/lab6_ws/install/flightgoggles_uav_dynamics:/root/csci_420_robotics_labs/lab6_ws/install/flightgoggles:/root/csci_420_robotics_labs/lab6_ws/install/flightcontroller:/opt/ros/kilted/opt/gz_sim_vendor:/opt/ros/kilted/opt/gz_sensors_vendor:/opt/ros/kilted/opt/gz_physics_vendor:/opt/ros/kilted/opt/sdformat_vendor:/opt/ros/kilted/opt/gz_gui_vendor:/opt/ros/kilted/opt/gz_transport_vendor:/opt/ros/kilted/opt/gz_rendering_vendor:/opt/ros/kilted/opt/gz_plugin_vendor:/opt/ros/kilted/opt/gz_fuel_tools_vendor:/opt/ros/kilted/opt/gz_msgs_vendor:/opt/ros/kilted/opt/gz_common_vendor:/opt/ros/kilted/opt/gz_math_vendor:/opt/ros/kilted/opt/gz_utils_vendor:/opt/ros/kilted/opt/gz_tools_vendor:/opt/ros/kilted/opt/gz_ogre_next_vendor:/opt/ros/kilted/opt/gz_dartsim_vendor:/opt/ros/kilted/opt/gz_cmake_vendor:/root/csci_420_robotics_labs/lab6_ws/install/simple_sim:/root/csci_420_robotics_labs/lab6_ws/install/simple_control:/opt/ros/kilted PYTHONPATH=/root/csci_420_robotics_labs/lab6_ws/install/keyboard_msgs/lib/python3.12/site-packages:/root/csci_420_robotics_labs/lab6_ws/install/visualizer/lib/python3.12/site-packages:/root/csci_420_robotics_labs/lab6_ws/install/simple_sim/lib/python3.12/site-packages:/root/csci_420_robotics_labs/lab6_ws/install/simple_control/lib/python3.12/site-packages:/root/csci_420_robotics_labs/lab6_ws/install/sensor_simulation/lib/python3.12/site-packages:/opt/ros/kilted/lib/python3.12/site-packages /usr/bin/cmake --build /root/csci_420_robotics_labs/lab6_ws/build/keyboard -- -j8 -l8
[20.070s] DEBUG:colcon.colcon_core.event_handler.log_command:Invoking command in '/root/csci_420_robotics_labs/lab6_ws/build/keyboard': CMAKE_PREFIX_PATH=/root/csci_420_robotics_labs/lab6_ws/install/keyboard_msgs:/root/csci_420_robotics_labs/lab6_ws/install/visualizer:/root/csci_420_robotics_labs/lab6_ws/install/sensor_simulation:/root/csci_420_robotics_labs/lab6_ws/install/keyboard:/root/csci_420_robotics_labs/lab6_ws/install/flightgoggles_uav_dynamics:/root/csci_420_robotics_labs/lab6_ws/install/flightgoggles:/root/csci_420_robotics_labs/lab6_ws/install/flightcontroller:/opt/ros/kilted/opt/gz_sim_vendor:/opt/ros/kilted/opt/gz_sensors_vendor:/opt/ros/kilted/opt/gz_physics_vendor:/opt/ros/kilted/opt/sdformat_vendor:/opt/ros/kilted/opt/gz_gui_vendor:/opt/ros/kilted/opt/gz_transport_vendor:/opt/ros/kilted/opt/gz_rendering_vendor:/opt/ros/kilted/opt/gz_plugin_vendor:/opt/ros/kilted/opt/gz_fuel_tools_vendor:/opt/ros/kilted/opt/gz_msgs_vendor:/opt/ros/kilted/opt/gz_common_vendor:/opt/ros/kilted/opt/gz_math_vendor:/opt/ros/kilted/opt/gz_utils_vendor:/opt/ros/kilted/opt/gz_tools_vendor:/opt/ros/kilted/opt/gz_ogre_next_vendor:/opt/ros/kilted/opt/gz_dartsim_vendor:/opt/ros/kilted/opt/gz_cmake_vendor:/root/csci_420_robotics_labs/lab6_ws/install/simple_sim:/root/csci_420_robotics_labs/lab6_ws/install/simple_control:/opt/ros/kilted PYTHONPATH=/root/csci_420_robotics_labs/lab6_ws/install/keyboard_msgs/lib/python3.12/site-packages:/root/csci_420_robotics_labs/lab6_ws/install/visualizer/lib/python3.12/site-packages:/root/csci_420_robotics_labs/lab6_ws/install/simple_sim/lib/python3.12/site-packages:/root/csci_420_robotics_labs/lab6_ws/install/simple_control/lib/python3.12/site-packages:/root/csci_420_robotics_labs/lab6_ws/install/sensor_simulation/lib/python3.12/site-packages:/opt/ros/kilted/lib/python3.12/site-packages /usr/bin/cmake --install /root/csci_420_robotics_labs/lab6_ws/build/keyboard
[20.106s] Level 1:colcon.colcon_core.environment:create_environment_scripts_only(keyboard)
[20.106s] Level 1:colcon.colcon_core.environment:checking '/root/csci_420_robotics_labs/lab6_ws/install/keyboard' for CMake module files
[20.106s] DEBUG:colcon.colcon_core.event_handler.log_command:Invoked command in '/root/csci_420_robotics_labs/lab6_ws/build/keyboard' returned '0': CMAKE_PREFIX_PATH=/root/csci_420_robotics_labs/lab6_ws/install/keyboard_msgs:/root/csci_420_robotics_labs/lab6_ws/install/visualizer:/root/csci_420_robotics_labs/lab6_ws/install/sensor_simulation:/root/csci_420_robotics_labs/lab6_ws/install/keyboard:/root/csci_420_robotics_labs/lab6_ws/install/flightgoggles_uav_dynamics:/root/csci_420_robotics_labs/lab6_ws/install/flightgoggles:/root/csci_420_robotics_labs/lab6_ws/install/flightcontroller:/opt/ros/kilted/opt/gz_sim_vendor:/opt/ros/kilted/opt/gz_sensors_vendor:/opt/ros/kilted/opt/gz_physics_vendor:/opt/ros/kilted/opt/sdformat_vendor:/opt/ros/kilted/opt/gz_gui_vendor:/opt/ros/kilted/opt/gz_transport_vendor:/opt/ros/kilted/opt/gz_rendering_vendor:/opt/ros/kilted/opt/gz_plugin_vendor:/opt/ros/kilted/opt/gz_fuel_tools_vendor:/opt/ros/kilted/opt/gz_msgs_vendor:/opt/ros/kilted/opt/gz_common_vendor:/opt/ros/kilted/opt/gz_math_vendor:/opt/ros/kilted/opt/gz_utils_vendor:/opt/ros/kilted/opt/gz_tools_vendor:/opt/ros/kilted/opt/gz_ogre_next_vendor:/opt/ros/kilted/opt/gz_dartsim_vendor:/opt/ros/kilted/opt/gz_cmake_vendor:/root/csci_420_robotics_labs/lab6_ws/install/simple_sim:/root/csci_420_robotics_labs/lab6_ws/install/simple_control:/opt/ros/kilted PYTHONPATH=/root/csci_420_robotics_labs/lab6_ws/install/keyboard_msgs/lib/python3.12/site-packages:/root/csci_420_robotics_labs/lab6_ws/install/visualizer/lib/python3.12/site-packages:/root/csci_420_robotics_labs/lab6_ws/install/simple_sim/lib/python3.12/site-packages:/root/csci_420_robotics_labs/lab6_ws/install/simple_control/lib/python3.12/site-packages:/root/csci_420_robotics_labs/lab6_ws/install/sensor_simulation/lib/python3.12/site-packages:/opt/ros/kilted/lib/python3.12/site-packages /usr/bin/cmake --install /root/csci_420_robotics_labs/lab6_ws/build/keyboard
[20.108s] Level 1:colcon.colcon_core.environment:checking '/root/csci_420_robotics_labs/lab6_ws/install/keyboard' for CMake config files
[20.109s] Level 1:colcon.colcon_core.shell:create_environment_hook('keyboard', 'cmake_prefix_path')
[20.109s] INFO:colcon.colcon_core.shell:Creating environment hook '/root/csci_420_robotics_labs/lab6_ws/install/keyboard/share/keyboard/hook/cmake_prefix_path.ps1'
[20.110s] INFO:colcon.colcon_core.shell:Creating environment descriptor '/root/csci_420_robotics_labs/lab6_ws/install/keyboard/share/keyboard/hook/cmake_prefix_path.dsv'
[20.111s] INFO:colcon.colcon_core.shell:Creating environment hook '/root/csci_420_robotics_labs/lab6_ws/install/keyboard/share/keyboard/hook/cmake_prefix_path.sh'
[20.112s] Level 1:colcon.colcon_core.environment:checking '/root/csci_420_robotics_labs/lab6_ws/install/keyboard/lib'
[20.112s] Level 1:colcon.colcon_core.environment:checking '/root/csci_420_robotics_labs/lab6_ws/install/keyboard/bin'
[20.112s] Level 1:colcon.colcon_core.environment:checking '/root/csci_420_robotics_labs/lab6_ws/install/keyboard/lib/pkgconfig/keyboard.pc'
[20.112s] Level 1:colcon.colcon_core.environment:checking '/root/csci_420_robotics_labs/lab6_ws/install/keyboard/lib/python3.12/site-packages'
[20.112s] Level 1:colcon.colcon_core.environment:checking '/root/csci_420_robotics_labs/lab6_ws/install/keyboard/bin'
[20.113s] INFO:colcon.colcon_core.shell:Creating package script '/root/csci_420_robotics_labs/lab6_ws/install/keyboard/share/keyboard/package.ps1'
[20.113s] INFO:colcon.colcon_core.shell:Creating package descriptor '/root/csci_420_robotics_labs/lab6_ws/install/keyboard/share/keyboard/package.dsv'
[20.113s] INFO:colcon.colcon_core.shell:Creating package script '/root/csci_420_robotics_labs/lab6_ws/install/keyboard/share/keyboard/package.sh'
[20.114s] INFO:colcon.colcon_core.shell:Creating package script '/root/csci_420_robotics_labs/lab6_ws/install/keyboard/share/keyboard/package.bash'
[20.114s] INFO:colcon.colcon_core.shell:Creating package script '/root/csci_420_robotics_labs/lab6_ws/install/keyboard/share/keyboard/package.zsh'
[20.115s] Level 1:colcon.colcon_core.environment:create_file_with_runtime_dependencies(/root/csci_420_robotics_labs/lab6_ws/install/keyboard/share/colcon-core/packages/keyboard)
[20.116s] Level 1:colcon.colcon_core.environment:create_environment_scripts_only(keyboard)
[20.116s] Level 1:colcon.colcon_core.environment:checking '/root/csci_420_robotics_labs/lab6_ws/install/keyboard' for CMake module files
[20.117s] Level 1:colcon.colcon_core.environment:checking '/root/csci_420_robotics_labs/lab6_ws/install/keyboard' for CMake config files
[20.118s] Level 1:colcon.colcon_core.shell:create_environment_hook('keyboard', 'cmake_prefix_path')
[20.118s] INFO:colcon.colcon_core.shell:Creating environment hook '/root/csci_420_robotics_labs/lab6_ws/install/keyboard/share/keyboard/hook/cmake_prefix_path.ps1'
[20.119s] INFO:colcon.colcon_core.shell:Creating environment descriptor '/root/csci_420_robotics_labs/lab6_ws/install/keyboard/share/keyboard/hook/cmake_prefix_path.dsv'
[20.119s] INFO:colcon.colcon_core.shell:Creating environment hook '/root/csci_420_robotics_labs/lab6_ws/install/keyboard/share/keyboard/hook/cmake_prefix_path.sh'
[20.120s] Level 1:colcon.colcon_core.environment:checking '/root/csci_420_robotics_labs/lab6_ws/install/keyboard/lib'
[20.120s] Level 1:colcon.colcon_core.environment:checking '/root/csci_420_robotics_labs/lab6_ws/install/keyboard/bin'
[20.120s] Level 1:colcon.colcon_core.environment:checking '/root/csci_420_robotics_labs/lab6_ws/install/keyboard/lib/pkgconfig/keyboard.pc'
[20.120s] Level 1:colcon.colcon_core.environment:checking '/root/csci_420_robotics_labs/lab6_ws/install/keyboard/lib/python3.12/site-packages'
[20.120s] Level 1:colcon.colcon_core.environment:checking '/root/csci_420_robotics_labs/lab6_ws/install/keyboard/bin'
[20.120s] INFO:colcon.colcon_core.shell:Creating package script '/root/csci_420_robotics_labs/lab6_ws/install/keyboard/share/keyboard/package.ps1'
[20.121s] INFO:colcon.colcon_core.shell:Creating package descriptor '/root/csci_420_robotics_labs/lab6_ws/install/keyboard/share/keyboard/package.dsv'
[20.121s] INFO:colcon.colcon_core.shell:Creating package script '/root/csci_420_robotics_labs/lab6_ws/install/keyboard/share/keyboard/package.sh'
[20.121s] INFO:colcon.colcon_core.shell:Creating package script '/root/csci_420_robotics_labs/lab6_ws/install/keyboard/share/keyboard/package.bash'
[20.121s] INFO:colcon.colcon_core.shell:Creating package script '/root/csci_420_robotics_labs/lab6_ws/install/keyboard/share/keyboard/package.zsh'
[20.122s] Level 1:colcon.colcon_core.environment:create_file_with_runtime_dependencies(/root/csci_420_robotics_labs/lab6_ws/install/keyboard/share/colcon-core/packages/keyboard)
[20.122s] DEBUG:colcon.colcon_parallel_executor.executor.parallel:closing loop
[20.123s] DEBUG:colcon.colcon_parallel_executor.executor.parallel:loop closed
[20.123s] DEBUG:colcon.colcon_parallel_executor.executor.parallel:run_until_complete finished with '0'
[20.123s] DEBUG:colcon.colcon_core.event_reactor:joining thread
[20.183s] INFO:colcon.colcon_core.plugin_system:Skipping extension 'colcon_notification.desktop_notification.notify_send': Could not find 'notify-send'
[20.183s] INFO:colcon.colcon_core.plugin_system:Skipping extension 'colcon_notification.desktop_notification.terminal_notifier': Not used on non-Darwin systems
[20.183s] INFO:colcon.colcon_core.plugin_system:Skipping extension 'colcon_notification.desktop_notification.win32': Not used on non-Windows systems
[20.183s] INFO:colcon.colcon_notification.desktop_notification:Sending desktop notification using 'notify2'
[20.185s] DEBUG:colcon.colcon_notification.desktop_notification.notify2:Failed to initialize notify2: org.freedesktop.DBus.Error.Spawn.ExecFailed: /usr/bin/dbus-launch terminated abnormally without any error message
[20.185s] DEBUG:colcon.colcon_core.event_reactor:joined thread
[20.186s] INFO:colcon.colcon_core.shell:Creating prefix script '/root/csci_420_robotics_labs/lab6_ws/install/local_setup.ps1'
[20.186s] INFO:colcon.colcon_core.shell:Creating prefix util module '/root/csci_420_robotics_labs/lab6_ws/install/_local_setup_util_ps1.py'
[20.187s] INFO:colcon.colcon_core.shell:Creating prefix chain script '/root/csci_420_robotics_labs/lab6_ws/install/setup.ps1'
[20.190s] INFO:colcon.colcon_core.shell:Creating prefix script '/root/csci_420_robotics_labs/lab6_ws/install/local_setup.sh'
[20.191s] INFO:colcon.colcon_core.shell:Creating prefix util module '/root/csci_420_robotics_labs/lab6_ws/install/_local_setup_util_sh.py'
[20.191s] INFO:colcon.colcon_core.shell:Creating prefix chain script '/root/csci_420_robotics_labs/lab6_ws/install/setup.sh'
[20.194s] INFO:colcon.colcon_core.shell:Creating prefix script '/root/csci_420_robotics_labs/lab6_ws/install/local_setup.bash'
[20.195s] INFO:colcon.colcon_core.shell:Creating prefix chain script '/root/csci_420_robotics_labs/lab6_ws/install/setup.bash'
[20.197s] INFO:colcon.colcon_core.shell:Creating prefix script '/root/csci_420_robotics_labs/lab6_ws/install/local_setup.zsh'
[20.198s] INFO:colcon.colcon_core.shell:Creating prefix chain script '/root/csci_420_robotics_labs/lab6_ws/install/setup.zsh'
