[0.227s] DEBUG:colcon:Command line arguments: ['/usr/bin/colcon', 'build']
[0.227s] DEBUG:colcon:Parsed command line arguments: Namespace(log_base=None, log_level=None, verb_name='build', build_base='build', install_base='install', merge_install=False, symlink_install=False, test_result_base=None, continue_on_error=False, executor='parallel', parallel_workers=8, event_handlers=None, ignore_user_meta=False, metas=['./colcon.meta'], base_paths=['.'], packages_ignore=None, packages_ignore_regex=None, paths=None, packages_up_to=None, packages_up_to_regex=None, packages_above=None, packages_above_and_dependencies=None, packages_above_depth=None, packages_select_by_dep=None, packages_skip_by_dep=None, packages_skip_up_to=None, packages_select_build_failed=False, packages_skip_build_finished=False, packages_select_test_failures=False, packages_skip_test_passed=False, packages_select=None, packages_skip=None, packages_select_regex=None, packages_skip_regex=None, packages_start=None, packages_end=None, allow_overriding=[], cmake_args=None, cmake_target=None, cmake_target_skip_unavailable=False, cmake_clean_cache=False, cmake_clean_first=False, cmake_force_configure=False, ament_cmake_args=None, catkin_cmake_args=None, catkin_skip_building_tests=False, verb_parser=<colcon_defaults.argument_parser.defaults.DefaultArgumentsDecorator object at 0xffffa9a61580>, verb_extension=<colcon_core.verb.build.BuildVerb object at 0xffffa9a61370>, main=<bound method BuildVerb.main of <colcon_core.verb.build.BuildVerb object at 0xffffa9a61370>>)
[0.265s] Level 1:colcon.colcon_core.package_discovery:discover_packages(colcon_meta) check parameters
[0.265s] Level 1:colcon.colcon_core.package_discovery:discover_packages(recursive) check parameters
[0.265s] Level 1:colcon.colcon_core.package_discovery:discover_packages(ignore) check parameters
[0.265s] Level 1:colcon.colcon_core.package_discovery:discover_packages(path) check parameters
[0.265s] Level 1:colcon.colcon_core.package_discovery:discover_packages(colcon_meta) discover
[0.265s] Level 1:colcon.colcon_core.package_discovery:discover_packages(recursive) discover
[0.265s] INFO:colcon.colcon_core.package_discovery:Crawling recursively for packages in '/root/csci_420_robotics_labs/lab6_ws'
[0.265s] Level 1:colcon.colcon_core.package_identification:_identify(.) by extensions ['ignore', 'ignore_ament_install']
[0.265s] Level 1:colcon.colcon_core.package_identification:_identify(.) by extension 'ignore'
[0.265s] Level 1:colcon.colcon_core.package_identification:_identify(.) by extension 'ignore_ament_install'
[0.265s] Level 1:colcon.colcon_core.package_identification:_identify(.) by extensions ['colcon_pkg']
[0.265s] Level 1:colcon.colcon_core.package_identification:_identify(.) by extension 'colcon_pkg'
[0.265s] Level 1:colcon.colcon_core.package_identification:_identify(.) by extensions ['colcon_meta']
[0.266s] Level 1:colcon.colcon_core.package_identification:_identify(.) by extension 'colcon_meta'
[0.266s] Level 1:colcon.colcon_core.package_identification:_identify(.) by extensions ['ros']
[0.266s] Level 1:colcon.colcon_core.package_identification:_identify(.) by extension 'ros'
[0.288s] Level 1:colcon.colcon_core.package_identification:_identify(.) by extensions ['cmake', 'python']
[0.288s] Level 1:colcon.colcon_core.package_identification:_identify(.) by extension 'cmake'
[0.288s] Level 1:colcon.colcon_core.package_identification:_identify(.) by extension 'python'
[0.288s] Level 1:colcon.colcon_core.package_identification:_identify(.) by extensions ['python_setup_py']
[0.288s] Level 1:colcon.colcon_core.package_identification:_identify(.) by extension 'python_setup_py'
[0.289s] Level 1:colcon.colcon_core.package_identification:_identify(build) by extensions ['ignore', 'ignore_ament_install']
[0.289s] Level 1:colcon.colcon_core.package_identification:_identify(build) by extension 'ignore'
[0.289s] Level 1:colcon.colcon_core.package_identification:_identify(build) ignored
[0.290s] Level 1:colcon.colcon_core.package_identification:_identify(install) by extensions ['ignore', 'ignore_ament_install']
[0.290s] Level 1:colcon.colcon_core.package_identification:_identify(install) by extension 'ignore'
[0.290s] Level 1:colcon.colcon_core.package_identification:_identify(install) ignored
[0.290s] Level 1:colcon.colcon_core.package_identification:_identify(log) by extensions ['ignore', 'ignore_ament_install']
[0.290s] Level 1:colcon.colcon_core.package_identification:_identify(log) by extension 'ignore'
[0.290s] Level 1:colcon.colcon_core.package_identification:_identify(log) ignored
[0.290s] Level 1:colcon.colcon_core.package_identification:_identify(src) by extensions ['ignore', 'ignore_ament_install']
[0.290s] Level 1:colcon.colcon_core.package_identification:_identify(src) by extension 'ignore'
[0.290s] Level 1:colcon.colcon_core.package_identification:_identify(src) by extension 'ignore_ament_install'
[0.291s] Level 1:colcon.colcon_core.package_identification:_identify(src) by extensions ['colcon_pkg']
[0.291s] Level 1:colcon.colcon_core.package_identification:_identify(src) by extension 'colcon_pkg'
[0.291s] Level 1:colcon.colcon_core.package_identification:_identify(src) by extensions ['colcon_meta']
[0.291s] Level 1:colcon.colcon_core.package_identification:_identify(src) by extension 'colcon_meta'
[0.291s] Level 1:colcon.colcon_core.package_identification:_identify(src) by extensions ['ros']
[0.291s] Level 1:colcon.colcon_core.package_identification:_identify(src) by extension 'ros'
[0.291s] Level 1:colcon.colcon_core.package_identification:_identify(src) by extensions ['cmake', 'python']
[0.291s] Level 1:colcon.colcon_core.package_identification:_identify(src) by extension 'cmake'
[0.291s] Level 1:colcon.colcon_core.package_identification:_identify(src) by extension 'python'
[0.291s] Level 1:colcon.colcon_core.package_identification:_identify(src) by extensions ['python_setup_py']
[0.291s] Level 1:colcon.colcon_core.package_identification:_identify(src) by extension 'python_setup_py'
[0.291s] Level 1:colcon.colcon_core.package_identification:_identify(src/flightcontroller) by extensions ['ignore', 'ignore_ament_install']
[0.291s] Level 1:colcon.colcon_core.package_identification:_identify(src/flightcontroller) by extension 'ignore'
[0.291s] Level 1:colcon.colcon_core.package_identification:_identify(src/flightcontroller) by extension 'ignore_ament_install'
[0.291s] Level 1:colcon.colcon_core.package_identification:_identify(src/flightcontroller) by extensions ['colcon_pkg']
[0.292s] Level 1:colcon.colcon_core.package_identification:_identify(src/flightcontroller) by extension 'colcon_pkg'
[0.292s] Level 1:colcon.colcon_core.package_identification:_identify(src/flightcontroller) by extensions ['colcon_meta']
[0.292s] Level 1:colcon.colcon_core.package_identification:_identify(src/flightcontroller) by extension 'colcon_meta'
[0.292s] Level 1:colcon.colcon_core.package_identification:_identify(src/flightcontroller) by extensions ['ros']
[0.292s] Level 1:colcon.colcon_core.package_identification:_identify(src/flightcontroller) by extension 'ros'
[0.294s] DEBUG:colcon.colcon_core.package_identification:Package 'src/flightcontroller' with type 'ros.ament_cmake' and name 'flightcontroller'
[0.294s] Level 1:colcon.colcon_core.package_identification:_identify(src/flightgoggles) by extensions ['ignore', 'ignore_ament_install']
[0.294s] Level 1:colcon.colcon_core.package_identification:_identify(src/flightgoggles) by extension 'ignore'
[0.294s] Level 1:colcon.colcon_core.package_identification:_identify(src/flightgoggles) by extension 'ignore_ament_install'
[0.294s] Level 1:colcon.colcon_core.package_identification:_identify(src/flightgoggles) by extensions ['colcon_pkg']
[0.294s] Level 1:colcon.colcon_core.package_identification:_identify(src/flightgoggles) by extension 'colcon_pkg'
[0.294s] Level 1:colcon.colcon_core.package_identification:_identify(src/flightgoggles) by extensions ['colcon_meta']
[0.294s] Level 1:colcon.colcon_core.package_identification:_identify(src/flightgoggles) by extension 'colcon_meta'
[0.294s] Level 1:colcon.colcon_core.package_identification:_identify(src/flightgoggles) by extensions ['ros']
[0.294s] Level 1:colcon.colcon_core.package_identification:_identify(src/flightgoggles) by extension 'ros'
[0.294s] Level 1:colcon.colcon_core.package_identification:_identify(src/flightgoggles) by extensions ['cmake', 'python']
[0.294s] Level 1:colcon.colcon_core.package_identification:_identify(src/flightgoggles) by extension 'cmake'
[0.295s] Level 1:colcon.colcon_core.package_identification:_identify(src/flightgoggles) by extension 'python'
[0.295s] Level 1:colcon.colcon_core.package_identification:_identify(src/flightgoggles) by extensions ['python_setup_py']
[0.295s] Level 1:colcon.colcon_core.package_identification:_identify(src/flightgoggles) by extension 'python_setup_py'
[0.295s] Level 1:colcon.colcon_core.package_identification:_identify(src/flightgoggles/flightgoggles) by extensions ['ignore', 'ignore_ament_install']
[0.295s] Level 1:colcon.colcon_core.package_identification:_identify(src/flightgoggles/flightgoggles) by extension 'ignore'
[0.295s] Level 1:colcon.colcon_core.package_identification:_identify(src/flightgoggles/flightgoggles) by extension 'ignore_ament_install'
[0.295s] Level 1:colcon.colcon_core.package_identification:_identify(src/flightgoggles/flightgoggles) by extensions ['colcon_pkg']
[0.295s] Level 1:colcon.colcon_core.package_identification:_identify(src/flightgoggles/flightgoggles) by extension 'colcon_pkg'
[0.295s] Level 1:colcon.colcon_core.package_identification:_identify(src/flightgoggles/flightgoggles) by extensions ['colcon_meta']
[0.295s] Level 1:colcon.colcon_core.package_identification:_identify(src/flightgoggles/flightgoggles) by extension 'colcon_meta'
[0.295s] Level 1:colcon.colcon_core.package_identification:_identify(src/flightgoggles/flightgoggles) by extensions ['ros']
[0.295s] Level 1:colcon.colcon_core.package_identification:_identify(src/flightgoggles/flightgoggles) by extension 'ros'
[0.296s] DEBUG:colcon.colcon_core.package_identification:Package 'src/flightgoggles/flightgoggles' with type 'ros.ament_cmake' and name 'flightgoggles'
[0.296s] Level 1:colcon.colcon_core.package_identification:_identify(src/flightgoggles/flightgoggles_uav_dynamics) by extensions ['ignore', 'ignore_ament_install']
[0.296s] Level 1:colcon.colcon_core.package_identification:_identify(src/flightgoggles/flightgoggles_uav_dynamics) by extension 'ignore'
[0.296s] Level 1:colcon.colcon_core.package_identification:_identify(src/flightgoggles/flightgoggles_uav_dynamics) by extension 'ignore_ament_install'
[0.296s] Level 1:colcon.colcon_core.package_identification:_identify(src/flightgoggles/flightgoggles_uav_dynamics) by extensions ['colcon_pkg']
[0.296s] Level 1:colcon.colcon_core.package_identification:_identify(src/flightgoggles/flightgoggles_uav_dynamics) by extension 'colcon_pkg'
[0.297s] Level 1:colcon.colcon_core.package_identification:_identify(src/flightgoggles/flightgoggles_uav_dynamics) by extensions ['colcon_meta']
[0.297s] Level 1:colcon.colcon_core.package_identification:_identify(src/flightgoggles/flightgoggles_uav_dynamics) by extension 'colcon_meta'
[0.297s] Level 1:colcon.colcon_core.package_identification:_identify(src/flightgoggles/flightgoggles_uav_dynamics) by extensions ['ros']
[0.297s] Level 1:colcon.colcon_core.package_identification:_identify(src/flightgoggles/flightgoggles_uav_dynamics) by extension 'ros'
[0.297s] DEBUG:colcon.colcon_core.package_identification:Package 'src/flightgoggles/flightgoggles_uav_dynamics' with type 'ros.ament_cmake' and name 'flightgoggles_uav_dynamics'
[0.298s] Level 1:colcon.colcon_core.package_identification:_identify(src/ros2-keyboard) by extensions ['ignore', 'ignore_ament_install']
[0.298s] Level 1:colcon.colcon_core.package_identification:_identify(src/ros2-keyboard) by extension 'ignore'
[0.298s] Level 1:colcon.colcon_core.package_identification:_identify(src/ros2-keyboard) by extension 'ignore_ament_install'
[0.298s] Level 1:colcon.colcon_core.package_identification:_identify(src/ros2-keyboard) by extensions ['colcon_pkg']
[0.298s] Level 1:colcon.colcon_core.package_identification:_identify(src/ros2-keyboard) by extension 'colcon_pkg'
[0.298s] Level 1:colcon.colcon_core.package_identification:_identify(src/ros2-keyboard) by extensions ['colcon_meta']
[0.298s] Level 1:colcon.colcon_core.package_identification:_identify(src/ros2-keyboard) by extension 'colcon_meta'
[0.298s] Level 1:colcon.colcon_core.package_identification:_identify(src/ros2-keyboard) by extensions ['ros']
[0.298s] Level 1:colcon.colcon_core.package_identification:_identify(src/ros2-keyboard) by extension 'ros'
[0.298s] Level 1:colcon.colcon_core.package_identification:_identify(src/ros2-keyboard) by extensions ['cmake', 'python']
[0.298s] Level 1:colcon.colcon_core.package_identification:_identify(src/ros2-keyboard) by extension 'cmake'
[0.298s] Level 1:colcon.colcon_core.package_identification:_identify(src/ros2-keyboard) by extension 'python'
[0.298s] Level 1:colcon.colcon_core.package_identification:_identify(src/ros2-keyboard) by extensions ['python_setup_py']
[0.298s] Level 1:colcon.colcon_core.package_identification:_identify(src/ros2-keyboard) by extension 'python_setup_py'
[0.298s] Level 1:colcon.colcon_core.package_identification:_identify(src/ros2-keyboard/keyboard) by extensions ['ignore', 'ignore_ament_install']
[0.299s] Level 1:colcon.colcon_core.package_identification:_identify(src/ros2-keyboard/keyboard) by extension 'ignore'
[0.299s] Level 1:colcon.colcon_core.package_identification:_identify(src/ros2-keyboard/keyboard) by extension 'ignore_ament_install'
[0.299s] Level 1:colcon.colcon_core.package_identification:_identify(src/ros2-keyboard/keyboard) by extensions ['colcon_pkg']
[0.299s] Level 1:colcon.colcon_core.package_identification:_identify(src/ros2-keyboard/keyboard) by extension 'colcon_pkg'
[0.299s] Level 1:colcon.colcon_core.package_identification:_identify(src/ros2-keyboard/keyboard) by extensions ['colcon_meta']
[0.299s] Level 1:colcon.colcon_core.package_identification:_identify(src/ros2-keyboard/keyboard) by extension 'colcon_meta'
[0.299s] Level 1:colcon.colcon_core.package_identification:_identify(src/ros2-keyboard/keyboard) by extensions ['ros']
[0.299s] Level 1:colcon.colcon_core.package_identification:_identify(src/ros2-keyboard/keyboard) by extension 'ros'
[0.299s] DEBUG:colcon.colcon_core.package_identification:Package 'src/ros2-keyboard/keyboard' with type 'ros.ament_cmake' and name 'keyboard'
[0.300s] Level 1:colcon.colcon_core.package_identification:_identify(src/ros2-keyboard/keyboard_msgs) by extensions ['ignore', 'ignore_ament_install']
[0.300s] Level 1:colcon.colcon_core.package_identification:_identify(src/ros2-keyboard/keyboard_msgs) by extension 'ignore'
[0.300s] Level 1:colcon.colcon_core.package_identification:_identify(src/ros2-keyboard/keyboard_msgs) by extension 'ignore_ament_install'
[0.300s] Level 1:colcon.colcon_core.package_identification:_identify(src/ros2-keyboard/keyboard_msgs) by extensions ['colcon_pkg']
[0.300s] Level 1:colcon.colcon_core.package_identification:_identify(src/ros2-keyboard/keyboard_msgs) by extension 'colcon_pkg'
[0.300s] Level 1:colcon.colcon_core.package_identification:_identify(src/ros2-keyboard/keyboard_msgs) by extensions ['colcon_meta']
[0.300s] Level 1:colcon.colcon_core.package_identification:_identify(src/ros2-keyboard/keyboard_msgs) by extension 'colcon_meta'
[0.300s] Level 1:colcon.colcon_core.package_identification:_identify(src/ros2-keyboard/keyboard_msgs) by extensions ['ros']
[0.300s] Level 1:colcon.colcon_core.package_identification:_identify(src/ros2-keyboard/keyboard_msgs) by extension 'ros'
[0.300s] DEBUG:colcon.colcon_core.package_identification:Package 'src/ros2-keyboard/keyboard_msgs' with type 'ros.ament_cmake' and name 'keyboard_msgs'
[0.301s] Level 1:colcon.colcon_core.package_identification:_identify(src/sensor_simulation) by extensions ['ignore', 'ignore_ament_install']
[0.301s] Level 1:colcon.colcon_core.package_identification:_identify(src/sensor_simulation) by extension 'ignore'
[0.301s] Level 1:colcon.colcon_core.package_identification:_identify(src/sensor_simulation) by extension 'ignore_ament_install'
[0.301s] Level 1:colcon.colcon_core.package_identification:_identify(src/sensor_simulation) by extensions ['colcon_pkg']
[0.301s] Level 1:colcon.colcon_core.package_identification:_identify(src/sensor_simulation) by extension 'colcon_pkg'
[0.301s] Level 1:colcon.colcon_core.package_identification:_identify(src/sensor_simulation) by extensions ['colcon_meta']
[0.301s] Level 1:colcon.colcon_core.package_identification:_identify(src/sensor_simulation) by extension 'colcon_meta'
[0.301s] Level 1:colcon.colcon_core.package_identification:_identify(src/sensor_simulation) by extensions ['ros']
[0.301s] Level 1:colcon.colcon_core.package_identification:_identify(src/sensor_simulation) by extension 'ros'
[0.302s] DEBUG:colcon.colcon_core.package_identification:Package 'src/sensor_simulation' with type 'ros.ament_cmake' and name 'sensor_simulation'
[0.302s] Level 1:colcon.colcon_core.package_identification:_identify(src/simple_control) by extensions ['ignore', 'ignore_ament_install']
[0.302s] Level 1:colcon.colcon_core.package_identification:_identify(src/simple_control) by extension 'ignore'
[0.302s] Level 1:colcon.colcon_core.package_identification:_identify(src/simple_control) by extension 'ignore_ament_install'
[0.302s] Level 1:colcon.colcon_core.package_identification:_identify(src/simple_control) by extensions ['colcon_pkg']
[0.302s] Level 1:colcon.colcon_core.package_identification:_identify(src/simple_control) by extension 'colcon_pkg'
[0.302s] Level 1:colcon.colcon_core.package_identification:_identify(src/simple_control) by extensions ['colcon_meta']
[0.302s] Level 1:colcon.colcon_core.package_identification:_identify(src/simple_control) by extension 'colcon_meta'
[0.302s] Level 1:colcon.colcon_core.package_identification:_identify(src/simple_control) by extensions ['ros']
[0.303s] Level 1:colcon.colcon_core.package_identification:_identify(src/simple_control) by extension 'ros'
[0.303s] DEBUG:colcon.colcon_core.package_identification:Package 'src/simple_control' with type 'ros.ament_python' and name 'simple_control'
[0.303s] Level 1:colcon.colcon_core.package_identification:_identify(src/simple_sim) by extensions ['ignore', 'ignore_ament_install']
[0.303s] Level 1:colcon.colcon_core.package_identification:_identify(src/simple_sim) by extension 'ignore'
[0.303s] Level 1:colcon.colcon_core.package_identification:_identify(src/simple_sim) by extension 'ignore_ament_install'
[0.303s] Level 1:colcon.colcon_core.package_identification:_identify(src/simple_sim) by extensions ['colcon_pkg']
[0.303s] Level 1:colcon.colcon_core.package_identification:_identify(src/simple_sim) by extension 'colcon_pkg'
[0.303s] Level 1:colcon.colcon_core.package_identification:_identify(src/simple_sim) by extensions ['colcon_meta']
[0.304s] Level 1:colcon.colcon_core.package_identification:_identify(src/simple_sim) by extension 'colcon_meta'
[0.304s] Level 1:colcon.colcon_core.package_identification:_identify(src/simple_sim) by extensions ['ros']
[0.304s] Level 1:colcon.colcon_core.package_identification:_identify(src/simple_sim) by extension 'ros'
[0.304s] DEBUG:colcon.colcon_core.package_identification:Package 'src/simple_sim' with type 'ros.ament_python' and name 'simple_sim'
[0.304s] Level 1:colcon.colcon_core.package_identification:_identify(src/visualizer) by extensions ['ignore', 'ignore_ament_install']
[0.304s] Level 1:colcon.colcon_core.package_identification:_identify(src/visualizer) by extension 'ignore'
[0.304s] Level 1:colcon.colcon_core.package_identification:_identify(src/visualizer) by extension 'ignore_ament_install'
[0.304s] Level 1:colcon.colcon_core.package_identification:_identify(src/visualizer) by extensions ['colcon_pkg']
[0.304s] Level 1:colcon.colcon_core.package_identification:_identify(src/visualizer) by extension 'colcon_pkg'
[0.304s] Level 1:colcon.colcon_core.package_identification:_identify(src/visualizer) by extensions ['colcon_meta']
[0.305s] Level 1:colcon.colcon_core.package_identification:_identify(src/visualizer) by extension 'colcon_meta'
[0.305s] Level 1:colcon.colcon_core.package_identification:_identify(src/visualizer) by extensions ['ros']
[0.305s] Level 1:colcon.colcon_core.package_identification:_identify(src/visualizer) by extension 'ros'
[0.305s] DEBUG:colcon.colcon_core.package_identification:Package 'src/visualizer' with type 'ros.ament_cmake' and name 'visualizer'
[0.305s] Level 1:colcon.colcon_core.package_discovery:discover_packages(recursive) using defaults
[0.305s] Level 1:colcon.colcon_core.package_discovery:discover_packages(ignore) discover
[0.305s] Level 1:colcon.colcon_core.package_discovery:discover_packages(ignore) using defaults
[0.305s] Level 1:colcon.colcon_core.package_discovery:discover_packages(path) discover
[0.305s] Level 1:colcon.colcon_core.package_discovery:discover_packages(path) using defaults
[0.322s] Level 1:colcon.colcon_core.package_discovery:discover_packages(prefix_path) check parameters
[0.322s] Level 1:colcon.colcon_core.package_discovery:discover_packages(prefix_path) discover
[0.324s] DEBUG:colcon.colcon_installed_package_information.package_discovery:Found 401 installed packages in /opt/ros/kilted
[0.325s] Level 1:colcon.colcon_core.package_discovery:discover_packages(prefix_path) using defaults
[0.352s] Level 5:colcon.colcon_core.verb:set package 'flightcontroller' build argument 'cmake_args' from command line to 'None'
[0.352s] Level 5:colcon.colcon_core.verb:set package 'flightcontroller' build argument 'cmake_target' from command line to 'None'
[0.352s] Level 5:colcon.colcon_core.verb:set package 'flightcontroller' build argument 'cmake_target_skip_unavailable' from command line to 'False'
[0.352s] Level 5:colcon.colcon_core.verb:set package 'flightcontroller' build argument 'cmake_clean_cache' from command line to 'False'
[0.352s] Level 5:colcon.colcon_core.verb:set package 'flightcontroller' build argument 'cmake_clean_first' from command line to 'False'
[0.352s] Level 5:colcon.colcon_core.verb:set package 'flightcontroller' build argument 'cmake_force_configure' from command line to 'False'
[0.352s] Level 5:colcon.colcon_core.verb:set package 'flightcontroller' build argument 'ament_cmake_args' from command line to 'None'
[0.352s] Level 5:colcon.colcon_core.verb:set package 'flightcontroller' build argument 'catkin_cmake_args' from command line to 'None'
[0.352s] Level 5:colcon.colcon_core.verb:set package 'flightcontroller' build argument 'catkin_skip_building_tests' from command line to 'False'
[0.352s] DEBUG:colcon.colcon_core.verb:Building package 'flightcontroller' with the following arguments: {'ament_cmake_args': None, 'build_base': '/root/csci_420_robotics_labs/lab6_ws/build/flightcontroller', 'catkin_cmake_args': None, 'catkin_skip_building_tests': False, 'cmake_args': None, 'cmake_clean_cache': False, 'cmake_clean_first': False, 'cmake_force_configure': False, 'cmake_target': None, 'cmake_target_skip_unavailable': False, 'install_base': '/root/csci_420_robotics_labs/lab6_ws/install/flightcontroller', 'merge_install': False, 'path': '/root/csci_420_robotics_labs/lab6_ws/src/flightcontroller', 'symlink_install': False, 'test_result_base': None}
[0.353s] Level 5:colcon.colcon_core.verb:set package 'flightgoggles' build argument 'cmake_args' from command line to 'None'
[0.353s] Level 5:colcon.colcon_core.verb:set package 'flightgoggles' build argument 'cmake_target' from command line to 'None'
[0.353s] Level 5:colcon.colcon_core.verb:set package 'flightgoggles' build argument 'cmake_target_skip_unavailable' from command line to 'False'
[0.353s] Level 5:colcon.colcon_core.verb:set package 'flightgoggles' build argument 'cmake_clean_cache' from command line to 'False'
[0.353s] Level 5:colcon.colcon_core.verb:set package 'flightgoggles' build argument 'cmake_clean_first' from command line to 'False'
[0.353s] Level 5:colcon.colcon_core.verb:set package 'flightgoggles' build argument 'cmake_force_configure' from command line to 'False'
[0.353s] Level 5:colcon.colcon_core.verb:set package 'flightgoggles' build argument 'ament_cmake_args' from command line to 'None'
[0.353s] Level 5:colcon.colcon_core.verb:set package 'flightgoggles' build argument 'catkin_cmake_args' from command line to 'None'
[0.353s] Level 5:colcon.colcon_core.verb:set package 'flightgoggles' build argument 'catkin_skip_building_tests' from command line to 'False'
[0.353s] DEBUG:colcon.colcon_core.verb:Building package 'flightgoggles' with the following arguments: {'ament_cmake_args': None, 'build_base': '/root/csci_420_robotics_labs/lab6_ws/build/flightgoggles', 'catkin_cmake_args': None, 'catkin_skip_building_tests': False, 'cmake_args': None, 'cmake_clean_cache': False, 'cmake_clean_first': False, 'cmake_force_configure': False, 'cmake_target': None, 'cmake_target_skip_unavailable': False, 'install_base': '/root/csci_420_robotics_labs/lab6_ws/install/flightgoggles', 'merge_install': False, 'path': '/root/csci_420_robotics_labs/lab6_ws/src/flightgoggles/flightgoggles', 'symlink_install': False, 'test_result_base': None}
[0.353s] Level 5:colcon.colcon_core.verb:set package 'flightgoggles_uav_dynamics' build argument 'cmake_args' from command line to 'None'
[0.353s] Level 5:colcon.colcon_core.verb:set package 'flightgoggles_uav_dynamics' build argument 'cmake_target' from command line to 'None'
[0.353s] Level 5:colcon.colcon_core.verb:set package 'flightgoggles_uav_dynamics' build argument 'cmake_target_skip_unavailable' from command line to 'False'
[0.353s] Level 5:colcon.colcon_core.verb:set package 'flightgoggles_uav_dynamics' build argument 'cmake_clean_cache' from command line to 'False'
[0.353s] Level 5:colcon.colcon_core.verb:set package 'flightgoggles_uav_dynamics' build argument 'cmake_clean_first' from command line to 'False'
[0.353s] Level 5:colcon.colcon_core.verb:set package 'flightgoggles_uav_dynamics' build argument 'cmake_force_configure' from command line to 'False'
[0.353s] Level 5:colcon.colcon_core.verb:set package 'flightgoggles_uav_dynamics' build argument 'ament_cmake_args' from command line to 'None'
[0.354s] Level 5:colcon.colcon_core.verb:set package 'flightgoggles_uav_dynamics' build argument 'catkin_cmake_args' from command line to 'None'
[0.354s] Level 5:colcon.colcon_core.verb:set package 'flightgoggles_uav_dynamics' build argument 'catkin_skip_building_tests' from command line to 'False'
[0.354s] DEBUG:colcon.colcon_core.verb:Building package 'flightgoggles_uav_dynamics' with the following arguments: {'ament_cmake_args': None, 'build_base': '/root/csci_420_robotics_labs/lab6_ws/build/flightgoggles_uav_dynamics', 'catkin_cmake_args': None, 'catkin_skip_building_tests': False, 'cmake_args': None, 'cmake_clean_cache': False, 'cmake_clean_first': False, 'cmake_force_configure': False, 'cmake_target': None, 'cmake_target_skip_unavailable': False, 'install_base': '/root/csci_420_robotics_labs/lab6_ws/install/flightgoggles_uav_dynamics', 'merge_install': False, 'path': '/root/csci_420_robotics_labs/lab6_ws/src/flightgoggles/flightgoggles_uav_dynamics', 'symlink_install': False, 'test_result_base': None}
[0.354s] Level 5:colcon.colcon_core.verb:set package 'keyboard_msgs' build argument 'cmake_args' from command line to 'None'
[0.354s] Level 5:colcon.colcon_core.verb:set package 'keyboard_msgs' build argument 'cmake_target' from command line to 'None'
[0.354s] Level 5:colcon.colcon_core.verb:set package 'keyboard_msgs' build argument 'cmake_target_skip_unavailable' from command line to 'False'
[0.354s] Level 5:colcon.colcon_core.verb:set package 'keyboard_msgs' build argument 'cmake_clean_cache' from command line to 'False'
[0.354s] Level 5:colcon.colcon_core.verb:set package 'keyboard_msgs' build argument 'cmake_clean_first' from command line to 'False'
[0.354s] Level 5:colcon.colcon_core.verb:set package 'keyboard_msgs' build argument 'cmake_force_configure' from command line to 'False'
[0.354s] Level 5:colcon.colcon_core.verb:set package 'keyboard_msgs' build argument 'ament_cmake_args' from command line to 'None'
[0.354s] Level 5:colcon.colcon_core.verb:set package 'keyboard_msgs' build argument 'catkin_cmake_args' from command line to 'None'
[0.354s] Level 5:colcon.colcon_core.verb:set package 'keyboard_msgs' build argument 'catkin_skip_building_tests' from command line to 'False'
[0.354s] DEBUG:colcon.colcon_core.verb:Building package 'keyboard_msgs' with the following arguments: {'ament_cmake_args': None, 'build_base': '/root/csci_420_robotics_labs/lab6_ws/build/keyboard_msgs', 'catkin_cmake_args': None, 'catkin_skip_building_tests': False, 'cmake_args': None, 'cmake_clean_cache': False, 'cmake_clean_first': False, 'cmake_force_configure': False, 'cmake_target': None, 'cmake_target_skip_unavailable': False, 'install_base': '/root/csci_420_robotics_labs/lab6_ws/install/keyboard_msgs', 'merge_install': False, 'path': '/root/csci_420_robotics_labs/lab6_ws/src/ros2-keyboard/keyboard_msgs', 'symlink_install': False, 'test_result_base': None}
[0.354s] Level 5:colcon.colcon_core.verb:set package 'sensor_simulation' build argument 'cmake_args' from command line to 'None'
[0.354s] Level 5:colcon.colcon_core.verb:set package 'sensor_simulation' build argument 'cmake_target' from command line to 'None'
[0.354s] Level 5:colcon.colcon_core.verb:set package 'sensor_simulation' build argument 'cmake_target_skip_unavailable' from command line to 'False'
[0.354s] Level 5:colcon.colcon_core.verb:set package 'sensor_simulation' build argument 'cmake_clean_cache' from command line to 'False'
[0.354s] Level 5:colcon.colcon_core.verb:set package 'sensor_simulation' build argument 'cmake_clean_first' from command line to 'False'
[0.354s] Level 5:colcon.colcon_core.verb:set package 'sensor_simulation' build argument 'cmake_force_configure' from command line to 'False'
[0.355s] Level 5:colcon.colcon_core.verb:set package 'sensor_simulation' build argument 'ament_cmake_args' from command line to 'None'
[0.355s] Level 5:colcon.colcon_core.verb:set package 'sensor_simulation' build argument 'catkin_cmake_args' from command line to 'None'
[0.355s] Level 5:colcon.colcon_core.verb:set package 'sensor_simulation' build argument 'catkin_skip_building_tests' from command line to 'False'
[0.355s] DEBUG:colcon.colcon_core.verb:Building package 'sensor_simulation' with the following arguments: {'ament_cmake_args': None, 'build_base': '/root/csci_420_robotics_labs/lab6_ws/build/sensor_simulation', 'catkin_cmake_args': None, 'catkin_skip_building_tests': False, 'cmake_args': None, 'cmake_clean_cache': False, 'cmake_clean_first': False, 'cmake_force_configure': False, 'cmake_target': None, 'cmake_target_skip_unavailable': False, 'install_base': '/root/csci_420_robotics_labs/lab6_ws/install/sensor_simulation', 'merge_install': False, 'path': '/root/csci_420_robotics_labs/lab6_ws/src/sensor_simulation', 'symlink_install': False, 'test_result_base': None}
[0.355s] Level 5:colcon.colcon_core.verb:set package 'simple_control' build argument 'cmake_args' from command line to 'None'
[0.355s] Level 5:colcon.colcon_core.verb:set package 'simple_control' build argument 'cmake_target' from command line to 'None'
[0.355s] Level 5:colcon.colcon_core.verb:set package 'simple_control' build argument 'cmake_target_skip_unavailable' from command line to 'False'
[0.355s] Level 5:colcon.colcon_core.verb:set package 'simple_control' build argument 'cmake_clean_cache' from command line to 'False'
[0.355s] Level 5:colcon.colcon_core.verb:set package 'simple_control' build argument 'cmake_clean_first' from command line to 'False'
[0.355s] Level 5:colcon.colcon_core.verb:set package 'simple_control' build argument 'cmake_force_configure' from command line to 'False'
[0.355s] Level 5:colcon.colcon_core.verb:set package 'simple_control' build argument 'ament_cmake_args' from command line to 'None'
[0.355s] Level 5:colcon.colcon_core.verb:set package 'simple_control' build argument 'catkin_cmake_args' from command line to 'None'
[0.355s] Level 5:colcon.colcon_core.verb:set package 'simple_control' build argument 'catkin_skip_building_tests' from command line to 'False'
[0.355s] DEBUG:colcon.colcon_core.verb:Building package 'simple_control' with the following arguments: {'ament_cmake_args': None, 'build_base': '/root/csci_420_robotics_labs/lab6_ws/build/simple_control', 'catkin_cmake_args': None, 'catkin_skip_building_tests': False, 'cmake_args': None, 'cmake_clean_cache': False, 'cmake_clean_first': False, 'cmake_force_configure': False, 'cmake_target': None, 'cmake_target_skip_unavailable': False, 'install_base': '/root/csci_420_robotics_labs/lab6_ws/install/simple_control', 'merge_install': False, 'path': '/root/csci_420_robotics_labs/lab6_ws/src/simple_control', 'symlink_install': False, 'test_result_base': None}
[0.355s] Level 5:colcon.colcon_core.verb:set package 'simple_sim' build argument 'cmake_args' from command line to 'None'
[0.355s] Level 5:colcon.colcon_core.verb:set package 'simple_sim' build argument 'cmake_target' from command line to 'None'
[0.355s] Level 5:colcon.colcon_core.verb:set package 'simple_sim' build argument 'cmake_target_skip_unavailable' from command line to 'False'
[0.355s] Level 5:colcon.colcon_core.verb:set package 'simple_sim' build argument 'cmake_clean_cache' from command line to 'False'
[0.355s] Level 5:colcon.colcon_core.verb:set package 'simple_sim' build argument 'cmake_clean_first' from command line to 'False'
[0.355s] Level 5:colcon.colcon_core.verb:set package 'simple_sim' build argument 'cmake_force_configure' from command line to 'False'
[0.356s] Level 5:colcon.colcon_core.verb:set package 'simple_sim' build argument 'ament_cmake_args' from command line to 'None'
[0.356s] Level 5:colcon.colcon_core.verb:set package 'simple_sim' build argument 'catkin_cmake_args' from command line to 'None'
[0.356s] Level 5:colcon.colcon_core.verb:set package 'simple_sim' build argument 'catkin_skip_building_tests' from command line to 'False'
[0.356s] DEBUG:colcon.colcon_core.verb:Building package 'simple_sim' with the following arguments: {'ament_cmake_args': None, 'build_base': '/root/csci_420_robotics_labs/lab6_ws/build/simple_sim', 'catkin_cmake_args': None, 'catkin_skip_building_tests': False, 'cmake_args': None, 'cmake_clean_cache': False, 'cmake_clean_first': False, 'cmake_force_configure': False, 'cmake_target': None, 'cmake_target_skip_unavailable': False, 'install_base': '/root/csci_420_robotics_labs/lab6_ws/install/simple_sim', 'merge_install': False, 'path': '/root/csci_420_robotics_labs/lab6_ws/src/simple_sim', 'symlink_install': False, 'test_result_base': None}
[0.356s] Level 5:colcon.colcon_core.verb:set package 'visualizer' build argument 'cmake_args' from command line to 'None'
[0.356s] Level 5:colcon.colcon_core.verb:set package 'visualizer' build argument 'cmake_target' from command line to 'None'
[0.356s] Level 5:colcon.colcon_core.verb:set package 'visualizer' build argument 'cmake_target_skip_unavailable' from command line to 'False'
[0.356s] Level 5:colcon.colcon_core.verb:set package 'visualizer' build argument 'cmake_clean_cache' from command line to 'False'
[0.356s] Level 5:colcon.colcon_core.verb:set package 'visualizer' build argument 'cmake_clean_first' from command line to 'False'
[0.356s] Level 5:colcon.colcon_core.verb:set package 'visualizer' build argument 'cmake_force_configure' from command line to 'False'
[0.356s] Level 5:colcon.colcon_core.verb:set package 'visualizer' build argument 'ament_cmake_args' from command line to 'None'
[0.356s] Level 5:colcon.colcon_core.verb:set package 'visualizer' build argument 'catkin_cmake_args' from command line to 'None'
[0.356s] Level 5:colcon.colcon_core.verb:set package 'visualizer' build argument 'catkin_skip_building_tests' from command line to 'False'
[0.356s] DEBUG:colcon.colcon_core.verb:Building package 'visualizer' with the following arguments: {'ament_cmake_args': None, 'build_base': '/root/csci_420_robotics_labs/lab6_ws/build/visualizer', 'catkin_cmake_args': None, 'catkin_skip_building_tests': False, 'cmake_args': None, 'cmake_clean_cache': False, 'cmake_clean_first': False, 'cmake_force_configure': False, 'cmake_target': None, 'cmake_target_skip_unavailable': False, 'install_base': '/root/csci_420_robotics_labs/lab6_ws/install/visualizer', 'merge_install': False, 'path': '/root/csci_420_robotics_labs/lab6_ws/src/visualizer', 'symlink_install': False, 'test_result_base': None}
[0.356s] Level 5:colcon.colcon_core.verb:set package 'keyboard' build argument 'cmake_args' from command line to 'None'
[0.356s] Level 5:colcon.colcon_core.verb:set package 'keyboard' build argument 'cmake_target' from command line to 'None'
[0.356s] Level 5:colcon.colcon_core.verb:set package 'keyboard' build argument 'cmake_target_skip_unavailable' from command line to 'False'
[0.356s] Level 5:colcon.colcon_core.verb:set package 'keyboard' build argument 'cmake_clean_cache' from command line to 'False'
[0.356s] Level 5:colcon.colcon_core.verb:set package 'keyboard' build argument 'cmake_clean_first' from command line to 'False'
[0.357s] Level 5:colcon.colcon_core.verb:set package 'keyboard' build argument 'cmake_force_configure' from command line to 'False'
[0.357s] Level 5:colcon.colcon_core.verb:set package 'keyboard' build argument 'ament_cmake_args' from command line to 'None'
[0.357s] Level 5:colcon.colcon_core.verb:set package 'keyboard' build argument 'catkin_cmake_args' from command line to 'None'
[0.357s] Level 5:colcon.colcon_core.verb:set package 'keyboard' build argument 'catkin_skip_building_tests' from command line to 'False'
[0.357s] DEBUG:colcon.colcon_core.verb:Building package 'keyboard' with the following arguments: {'ament_cmake_args': None, 'build_base': '/root/csci_420_robotics_labs/lab6_ws/build/keyboard', 'catkin_cmake_args': None, 'catkin_skip_building_tests': False, 'cmake_args': None, 'cmake_clean_cache': False, 'cmake_clean_first': False, 'cmake_force_configure': False, 'cmake_target': None, 'cmake_target_skip_unavailable': False, 'install_base': '/root/csci_420_robotics_labs/lab6_ws/install/keyboard', 'merge_install': False, 'path': '/root/csci_420_robotics_labs/lab6_ws/src/ros2-keyboard/keyboard', 'symlink_install': False, 'test_result_base': None}
[0.357s] INFO:colcon.colcon_core.executor:Executing jobs using 'parallel' executor
[0.357s] DEBUG:colcon.colcon_parallel_executor.executor.parallel:run_until_complete
[0.358s] INFO:colcon.colcon_ros.task.ament_cmake.build:Building ROS package in '/root/csci_420_robotics_labs/lab6_ws/src/ros2-keyboard/keyboard_msgs' with build type 'ament_cmake'
[0.358s] INFO:colcon.colcon_cmake.task.cmake.build:Building CMake package in '/root/csci_420_robotics_labs/lab6_ws/src/ros2-keyboard/keyboard_msgs'
[0.361s] INFO:colcon.colcon_core.plugin_system:Skipping extension 'colcon_core.shell.bat': Not used on non-Windows systems
[0.361s] INFO:colcon.colcon_core.shell:Skip shell extension 'powershell' for command environment: Not usable outside of PowerShell
[0.361s] DEBUG:colcon.colcon_core.shell:Skip shell extension 'dsv' for command environment
[0.363s] INFO:colcon.colcon_ros.task.ament_cmake.build:Building ROS package in '/root/csci_420_robotics_labs/lab6_ws/src/flightcontroller' with build type 'ament_cmake'
[0.364s] INFO:colcon.colcon_cmake.task.cmake.build:Building CMake package in '/root/csci_420_robotics_labs/lab6_ws/src/flightcontroller'
[0.364s] INFO:colcon.colcon_core.shell:Skip shell extension 'powershell' for command environment: Not usable outside of PowerShell
[0.364s] DEBUG:colcon.colcon_core.shell:Skip shell extension 'dsv' for command environment
[0.366s] INFO:colcon.colcon_ros.task.ament_cmake.build:Building ROS package in '/root/csci_420_robotics_labs/lab6_ws/src/flightgoggles/flightgoggles' with build type 'ament_cmake'
[0.366s] INFO:colcon.colcon_cmake.task.cmake.build:Building CMake package in '/root/csci_420_robotics_labs/lab6_ws/src/flightgoggles/flightgoggles'
[0.366s] INFO:colcon.colcon_core.shell:Skip shell extension 'powershell' for command environment: Not usable outside of PowerShell
[0.366s] DEBUG:colcon.colcon_core.shell:Skip shell extension 'dsv' for command environment
[0.368s] INFO:colcon.colcon_ros.task.ament_cmake.build:Building ROS package in '/root/csci_420_robotics_labs/lab6_ws/src/flightgoggles/flightgoggles_uav_dynamics' with build type 'ament_cmake'
[0.368s] INFO:colcon.colcon_cmake.task.cmake.build:Building CMake package in '/root/csci_420_robotics_labs/lab6_ws/src/flightgoggles/flightgoggles_uav_dynamics'
[0.368s] INFO:colcon.colcon_core.shell:Skip shell extension 'powershell' for command environment: Not usable outside of PowerShell
[0.368s] DEBUG:colcon.colcon_core.shell:Skip shell extension 'dsv' for command environment
[0.370s] INFO:colcon.colcon_ros.task.ament_cmake.build:Building ROS package in '/root/csci_420_robotics_labs/lab6_ws/src/sensor_simulation' with build type 'ament_cmake'
[0.371s] INFO:colcon.colcon_cmake.task.cmake.build:Building CMake package in '/root/csci_420_robotics_labs/lab6_ws/src/sensor_simulation'
[0.371s] INFO:colcon.colcon_core.shell:Skip shell extension 'powershell' for command environment: Not usable outside of PowerShell
[0.371s] DEBUG:colcon.colcon_core.shell:Skip shell extension 'dsv' for command environment
[0.373s] INFO:colcon.colcon_ros.task.ament_python.build:Building ROS package in '/root/csci_420_robotics_labs/lab6_ws/src/simple_control' with build type 'ament_python'
[0.373s] Level 1:colcon.colcon_core.shell:create_environment_hook('simple_control', 'ament_prefix_path')
[0.374s] INFO:colcon.colcon_core.shell:Creating environment hook '/root/csci_420_robotics_labs/lab6_ws/install/simple_control/share/simple_control/hook/ament_prefix_path.ps1'
[0.375s] INFO:colcon.colcon_core.shell:Creating environment descriptor '/root/csci_420_robotics_labs/lab6_ws/install/simple_control/share/simple_control/hook/ament_prefix_path.dsv'
[0.375s] INFO:colcon.colcon_core.shell:Creating environment hook '/root/csci_420_robotics_labs/lab6_ws/install/simple_control/share/simple_control/hook/ament_prefix_path.sh'
[0.376s] INFO:colcon.colcon_core.shell:Skip shell extension 'powershell' for command environment: Not usable outside of PowerShell
[0.376s] DEBUG:colcon.colcon_core.shell:Skip shell extension 'dsv' for command environment
[0.378s] INFO:colcon.colcon_ros.task.ament_python.build:Building ROS package in '/root/csci_420_robotics_labs/lab6_ws/src/simple_sim' with build type 'ament_python'
[0.378s] Level 1:colcon.colcon_core.shell:create_environment_hook('simple_sim', 'ament_prefix_path')
[0.378s] INFO:colcon.colcon_core.shell:Creating environment hook '/root/csci_420_robotics_labs/lab6_ws/install/simple_sim/share/simple_sim/hook/ament_prefix_path.ps1'
[0.379s] INFO:colcon.colcon_core.shell:Creating environment descriptor '/root/csci_420_robotics_labs/lab6_ws/install/simple_sim/share/simple_sim/hook/ament_prefix_path.dsv'
[0.379s] INFO:colcon.colcon_core.shell:Creating environment hook '/root/csci_420_robotics_labs/lab6_ws/install/simple_sim/share/simple_sim/hook/ament_prefix_path.sh'
[0.379s] INFO:colcon.colcon_core.shell:Skip shell extension 'powershell' for command environment: Not usable outside of PowerShell
[0.379s] DEBUG:colcon.colcon_core.shell:Skip shell extension 'dsv' for command environment
[0.381s] INFO:colcon.colcon_ros.task.ament_cmake.build:Building ROS package in '/root/csci_420_robotics_labs/lab6_ws/src/visualizer' with build type 'ament_cmake'
[0.381s] INFO:colcon.colcon_cmake.task.cmake.build:Building CMake package in '/root/csci_420_robotics_labs/lab6_ws/src/visualizer'
[0.382s] INFO:colcon.colcon_core.shell:Skip shell extension 'powershell' for command environment: Not usable outside of PowerShell
[0.382s] DEBUG:colcon.colcon_core.shell:Skip shell extension 'dsv' for command environment
[0.389s] DEBUG:colcon.colcon_core.event_handler.log_command:Invoking command in '/root/csci_420_robotics_labs/lab6_ws/build/keyboard_msgs': CMAKE_PREFIX_PATH=${CMAKE_PREFIX_PATH}:/opt/ros/kilted /usr/bin/cmake --build /root/csci_420_robotics_labs/lab6_ws/build/keyboard_msgs -- -j8 -l8
[0.393s] DEBUG:colcon.colcon_core.event_handler.log_command:Invoking command in '/root/csci_420_robotics_labs/lab6_ws/build/flightcontroller': CMAKE_PREFIX_PATH=${CMAKE_PREFIX_PATH}:/opt/ros/kilted /usr/bin/cmake --build /root/csci_420_robotics_labs/lab6_ws/build/flightcontroller -- -j8 -l8
[0.396s] DEBUG:colcon.colcon_core.event_handler.log_command:Invoking command in '/root/csci_420_robotics_labs/lab6_ws/build/flightgoggles': CMAKE_PREFIX_PATH=${CMAKE_PREFIX_PATH}:/opt/ros/kilted /usr/bin/cmake --build /root/csci_420_robotics_labs/lab6_ws/build/flightgoggles -- -j8 -l8
[0.400s] DEBUG:colcon.colcon_core.event_handler.log_command:Invoking command in '/root/csci_420_robotics_labs/lab6_ws/build/flightgoggles_uav_dynamics': CMAKE_PREFIX_PATH=${CMAKE_PREFIX_PATH}:/opt/ros/kilted /usr/bin/cmake --build /root/csci_420_robotics_labs/lab6_ws/build/flightgoggles_uav_dynamics -- -j8 -l8
[0.403s] DEBUG:colcon.colcon_core.event_handler.log_command:Invoking command in '/root/csci_420_robotics_labs/lab6_ws/build/sensor_simulation': CMAKE_PREFIX_PATH=${CMAKE_PREFIX_PATH}:/opt/ros/kilted /usr/bin/cmake --build /root/csci_420_robotics_labs/lab6_ws/build/sensor_simulation -- -j8 -l8
[0.560s] INFO:colcon.colcon_core.task.python.build:Building Python package in '/root/csci_420_robotics_labs/lab6_ws/src/simple_control'
[0.561s] INFO:colcon.colcon_core.shell:Skip shell extension 'powershell' for command environment: Not usable outside of PowerShell
[0.561s] DEBUG:colcon.colcon_core.shell:Skip shell extension 'dsv' for command environment
[0.720s] INFO:colcon.colcon_core.task.python.build:Building Python package in '/root/csci_420_robotics_labs/lab6_ws/src/simple_sim'
[0.720s] INFO:colcon.colcon_core.shell:Skip shell extension 'powershell' for command environment: Not usable outside of PowerShell
[0.720s] DEBUG:colcon.colcon_core.shell:Skip shell extension 'dsv' for command environment
[0.747s] DEBUG:colcon.colcon_core.event_handler.log_command:Invoked command in '/root/csci_420_robotics_labs/lab6_ws/build/flightcontroller' returned '0': CMAKE_PREFIX_PATH=${CMAKE_PREFIX_PATH}:/opt/ros/kilted /usr/bin/cmake --build /root/csci_420_robotics_labs/lab6_ws/build/flightcontroller -- -j8 -l8
[0.749s] DEBUG:colcon.colcon_core.event_handler.log_command:Invoking command in '/root/csci_420_robotics_labs/lab6_ws/build/flightcontroller': CMAKE_PREFIX_PATH=${CMAKE_PREFIX_PATH}:/opt/ros/kilted /usr/bin/cmake --install /root/csci_420_robotics_labs/lab6_ws/build/flightcontroller
[0.750s] DEBUG:colcon.colcon_core.event_handler.log_command:Invoked command in '/root/csci_420_robotics_labs/lab6_ws/build/flightgoggles' returned '0': CMAKE_PREFIX_PATH=${CMAKE_PREFIX_PATH}:/opt/ros/kilted /usr/bin/cmake --build /root/csci_420_robotics_labs/lab6_ws/build/flightgoggles -- -j8 -l8
[0.756s] DEBUG:colcon.colcon_core.event_handler.log_command:Invoking command in '/root/csci_420_robotics_labs/lab6_ws/build/flightgoggles': CMAKE_PREFIX_PATH=${CMAKE_PREFIX_PATH}:/opt/ros/kilted /usr/bin/cmake --install /root/csci_420_robotics_labs/lab6_ws/build/flightgoggles
[0.760s] DEBUG:colcon.colcon_core.event_handler.log_command:Invoked command in '/root/csci_420_robotics_labs/lab6_ws/build/flightgoggles_uav_dynamics' returned '0': CMAKE_PREFIX_PATH=${CMAKE_PREFIX_PATH}:/opt/ros/kilted /usr/bin/cmake --build /root/csci_420_robotics_labs/lab6_ws/build/flightgoggles_uav_dynamics -- -j8 -l8
[0.770s] DEBUG:colcon.colcon_core.event_handler.log_command:Invoking command in '/root/csci_420_robotics_labs/lab6_ws/build/flightgoggles_uav_dynamics': CMAKE_PREFIX_PATH=${CMAKE_PREFIX_PATH}:/opt/ros/kilted /usr/bin/cmake --install /root/csci_420_robotics_labs/lab6_ws/build/flightgoggles_uav_dynamics
[0.782s] DEBUG:colcon.colcon_core.event_handler.log_command:Invoking command in '/root/csci_420_robotics_labs/lab6_ws/build/visualizer': CMAKE_PREFIX_PATH=${CMAKE_PREFIX_PATH}:/opt/ros/kilted /usr/bin/cmake --build /root/csci_420_robotics_labs/lab6_ws/build/visualizer -- -j8 -l8
[0.808s] Level 1:colcon.colcon_core.environment:create_environment_scripts_only(flightcontroller)
[0.812s] Level 1:colcon.colcon_core.environment:checking '/root/csci_420_robotics_labs/lab6_ws/install/flightcontroller' for CMake module files
[0.824s] Level 1:colcon.colcon_core.environment:checking '/root/csci_420_robotics_labs/lab6_ws/install/flightcontroller' for CMake config files
[0.829s] Level 1:colcon.colcon_core.shell:create_environment_hook('flightcontroller', 'cmake_prefix_path')
[0.829s] INFO:colcon.colcon_core.shell:Creating environment hook '/root/csci_420_robotics_labs/lab6_ws/install/flightcontroller/share/flightcontroller/hook/cmake_prefix_path.ps1'
[0.830s] INFO:colcon.colcon_core.shell:Creating environment descriptor '/root/csci_420_robotics_labs/lab6_ws/install/flightcontroller/share/flightcontroller/hook/cmake_prefix_path.dsv'
[0.833s] INFO:colcon.colcon_core.shell:Creating environment hook '/root/csci_420_robotics_labs/lab6_ws/install/flightcontroller/share/flightcontroller/hook/cmake_prefix_path.sh'
[0.835s] Level 1:colcon.colcon_core.environment:checking '/root/csci_420_robotics_labs/lab6_ws/install/flightcontroller/lib'
[0.837s] Level 1:colcon.colcon_core.environment:checking '/root/csci_420_robotics_labs/lab6_ws/install/flightcontroller/bin'
[0.838s] Level 1:colcon.colcon_core.environment:checking '/root/csci_420_robotics_labs/lab6_ws/install/flightcontroller/lib/pkgconfig/flightcontroller.pc'
[0.838s] Level 1:colcon.colcon_core.environment:checking '/root/csci_420_robotics_labs/lab6_ws/install/flightcontroller/lib/python3.12/site-packages'
[0.839s] Level 1:colcon.colcon_core.environment:checking '/root/csci_420_robotics_labs/lab6_ws/install/flightcontroller/bin'
[0.839s] INFO:colcon.colcon_core.shell:Creating package script '/root/csci_420_robotics_labs/lab6_ws/install/flightcontroller/share/flightcontroller/package.ps1'
[0.840s] INFO:colcon.colcon_core.shell:Creating package descriptor '/root/csci_420_robotics_labs/lab6_ws/install/flightcontroller/share/flightcontroller/package.dsv'
[0.842s] INFO:colcon.colcon_core.shell:Creating package script '/root/csci_420_robotics_labs/lab6_ws/install/flightcontroller/share/flightcontroller/package.sh'
[0.843s] INFO:colcon.colcon_core.shell:Creating package script '/root/csci_420_robotics_labs/lab6_ws/install/flightcontroller/share/flightcontroller/package.bash'
[0.844s] INFO:colcon.colcon_core.shell:Creating package script '/root/csci_420_robotics_labs/lab6_ws/install/flightcontroller/share/flightcontroller/package.zsh'
[0.846s] Level 1:colcon.colcon_core.environment:create_file_with_runtime_dependencies(/root/csci_420_robotics_labs/lab6_ws/install/flightcontroller/share/colcon-core/packages/flightcontroller)
[0.849s] DEBUG:colcon.colcon_core.event_handler.log_command:Invoked command in '/root/csci_420_robotics_labs/lab6_ws/build/flightcontroller' returned '0': CMAKE_PREFIX_PATH=${CMAKE_PREFIX_PATH}:/opt/ros/kilted /usr/bin/cmake --install /root/csci_420_robotics_labs/lab6_ws/build/flightcontroller
[0.849s] Level 1:colcon.colcon_core.environment:create_environment_scripts_only(flightcontroller)
[0.849s] Level 1:colcon.colcon_core.environment:checking '/root/csci_420_robotics_labs/lab6_ws/install/flightcontroller' for CMake module files
[0.851s] Level 1:colcon.colcon_core.environment:checking '/root/csci_420_robotics_labs/lab6_ws/install/flightcontroller' for CMake config files
[0.853s] Level 1:colcon.colcon_core.shell:create_environment_hook('flightcontroller', 'cmake_prefix_path')
[0.853s] INFO:colcon.colcon_core.shell:Creating environment hook '/root/csci_420_robotics_labs/lab6_ws/install/flightcontroller/share/flightcontroller/hook/cmake_prefix_path.ps1'
[0.854s] INFO:colcon.colcon_core.shell:Creating environment descriptor '/root/csci_420_robotics_labs/lab6_ws/install/flightcontroller/share/flightcontroller/hook/cmake_prefix_path.dsv'
[0.855s] INFO:colcon.colcon_core.shell:Creating environment hook '/root/csci_420_robotics_labs/lab6_ws/install/flightcontroller/share/flightcontroller/hook/cmake_prefix_path.sh'
[0.855s] Level 1:colcon.colcon_core.environment:checking '/root/csci_420_robotics_labs/lab6_ws/install/flightcontroller/lib'
[0.856s] Level 1:colcon.colcon_core.environment:checking '/root/csci_420_robotics_labs/lab6_ws/install/flightcontroller/bin'
[0.856s] Level 1:colcon.colcon_core.environment:checking '/root/csci_420_robotics_labs/lab6_ws/install/flightcontroller/lib/pkgconfig/flightcontroller.pc'
[0.856s] Level 1:colcon.colcon_core.environment:checking '/root/csci_420_robotics_labs/lab6_ws/install/flightcontroller/lib/python3.12/site-packages'
[0.856s] Level 1:colcon.colcon_core.environment:checking '/root/csci_420_robotics_labs/lab6_ws/install/flightcontroller/bin'
[0.856s] INFO:colcon.colcon_core.shell:Creating package script '/root/csci_420_robotics_labs/lab6_ws/install/flightcontroller/share/flightcontroller/package.ps1'
[0.857s] INFO:colcon.colcon_core.shell:Creating package descriptor '/root/csci_420_robotics_labs/lab6_ws/install/flightcontroller/share/flightcontroller/package.dsv'
[0.858s] INFO:colcon.colcon_core.shell:Creating package script '/root/csci_420_robotics_labs/lab6_ws/install/flightcontroller/share/flightcontroller/package.sh'
[0.858s] INFO:colcon.colcon_core.shell:Creating package script '/root/csci_420_robotics_labs/lab6_ws/install/flightcontroller/share/flightcontroller/package.bash'
[0.859s] INFO:colcon.colcon_core.shell:Creating package script '/root/csci_420_robotics_labs/lab6_ws/install/flightcontroller/share/flightcontroller/package.zsh'
[0.859s] Level 1:colcon.colcon_core.environment:create_file_with_runtime_dependencies(/root/csci_420_robotics_labs/lab6_ws/install/flightcontroller/share/colcon-core/packages/flightcontroller)
[0.860s] Level 1:colcon.colcon_core.environment:create_environment_scripts_only(flightgoggles)
[0.860s] Level 1:colcon.colcon_core.environment:checking '/root/csci_420_robotics_labs/lab6_ws/install/flightgoggles' for CMake module files
[0.863s] DEBUG:colcon.colcon_core.event_handler.log_command:Invoked command in '/root/csci_420_robotics_labs/lab6_ws/build/flightgoggles' returned '0': CMAKE_PREFIX_PATH=${CMAKE_PREFIX_PATH}:/opt/ros/kilted /usr/bin/cmake --install /root/csci_420_robotics_labs/lab6_ws/build/flightgoggles
[0.865s] Level 1:colcon.colcon_core.environment:checking '/root/csci_420_robotics_labs/lab6_ws/install/flightgoggles' for CMake config files
[0.869s] Level 1:colcon.colcon_core.shell:create_environment_hook('flightgoggles', 'cmake_prefix_path')
[0.870s] INFO:colcon.colcon_core.shell:Creating environment hook '/root/csci_420_robotics_labs/lab6_ws/install/flightgoggles/share/flightgoggles/hook/cmake_prefix_path.ps1'
[0.870s] INFO:colcon.colcon_core.shell:Creating environment descriptor '/root/csci_420_robotics_labs/lab6_ws/install/flightgoggles/share/flightgoggles/hook/cmake_prefix_path.dsv'
[0.871s] INFO:colcon.colcon_core.shell:Creating environment hook '/root/csci_420_robotics_labs/lab6_ws/install/flightgoggles/share/flightgoggles/hook/cmake_prefix_path.sh'
[0.872s] Level 1:colcon.colcon_core.environment:checking '/root/csci_420_robotics_labs/lab6_ws/install/flightgoggles/bin'
[0.872s] Level 1:colcon.colcon_core.environment:checking '/root/csci_420_robotics_labs/lab6_ws/install/flightgoggles/lib/pkgconfig/flightgoggles.pc'
[0.872s] Level 1:colcon.colcon_core.environment:checking '/root/csci_420_robotics_labs/lab6_ws/install/flightgoggles/lib/python3.12/site-packages'
[0.872s] Level 1:colcon.colcon_core.environment:checking '/root/csci_420_robotics_labs/lab6_ws/install/flightgoggles/bin'
[0.872s] INFO:colcon.colcon_core.shell:Creating package script '/root/csci_420_robotics_labs/lab6_ws/install/flightgoggles/share/flightgoggles/package.ps1'
[0.873s] INFO:colcon.colcon_core.shell:Creating package descriptor '/root/csci_420_robotics_labs/lab6_ws/install/flightgoggles/share/flightgoggles/package.dsv'
[0.873s] INFO:colcon.colcon_core.shell:Creating package script '/root/csci_420_robotics_labs/lab6_ws/install/flightgoggles/share/flightgoggles/package.sh'
[0.873s] INFO:colcon.colcon_core.shell:Creating package script '/root/csci_420_robotics_labs/lab6_ws/install/flightgoggles/share/flightgoggles/package.bash'
[0.874s] INFO:colcon.colcon_core.shell:Creating package script '/root/csci_420_robotics_labs/lab6_ws/install/flightgoggles/share/flightgoggles/package.zsh'
[0.874s] Level 1:colcon.colcon_core.environment:create_file_with_runtime_dependencies(/root/csci_420_robotics_labs/lab6_ws/install/flightgoggles/share/colcon-core/packages/flightgoggles)
[0.876s] Level 1:colcon.colcon_core.environment:create_environment_scripts_only(flightgoggles)
[0.876s] Level 1:colcon.colcon_core.environment:checking '/root/csci_420_robotics_labs/lab6_ws/install/flightgoggles' for CMake module files
[0.878s] Level 1:colcon.colcon_core.environment:checking '/root/csci_420_robotics_labs/lab6_ws/install/flightgoggles' for CMake config files
[0.888s] Level 1:colcon.colcon_core.shell:create_environment_hook('flightgoggles', 'cmake_prefix_path')
[0.889s] INFO:colcon.colcon_core.shell:Creating environment hook '/root/csci_420_robotics_labs/lab6_ws/install/flightgoggles/share/flightgoggles/hook/cmake_prefix_path.ps1'
[0.891s] INFO:colcon.colcon_core.shell:Creating environment descriptor '/root/csci_420_robotics_labs/lab6_ws/install/flightgoggles/share/flightgoggles/hook/cmake_prefix_path.dsv'
[0.892s] INFO:colcon.colcon_core.shell:Creating environment hook '/root/csci_420_robotics_labs/lab6_ws/install/flightgoggles/share/flightgoggles/hook/cmake_prefix_path.sh'
[0.895s] Level 1:colcon.colcon_core.environment:checking '/root/csci_420_robotics_labs/lab6_ws/install/flightgoggles/bin'
[0.895s] Level 1:colcon.colcon_core.environment:checking '/root/csci_420_robotics_labs/lab6_ws/install/flightgoggles/lib/pkgconfig/flightgoggles.pc'
[0.896s] Level 1:colcon.colcon_core.environment:checking '/root/csci_420_robotics_labs/lab6_ws/install/flightgoggles/lib/python3.12/site-packages'
[0.897s] Level 1:colcon.colcon_core.environment:checking '/root/csci_420_robotics_labs/lab6_ws/install/flightgoggles/bin'
[0.899s] INFO:colcon.colcon_core.shell:Creating package script '/root/csci_420_robotics_labs/lab6_ws/install/flightgoggles/share/flightgoggles/package.ps1'
[0.903s] INFO:colcon.colcon_core.shell:Creating package descriptor '/root/csci_420_robotics_labs/lab6_ws/install/flightgoggles/share/flightgoggles/package.dsv'
[0.903s] INFO:colcon.colcon_core.shell:Creating package script '/root/csci_420_robotics_labs/lab6_ws/install/flightgoggles/share/flightgoggles/package.sh'
[0.904s] INFO:colcon.colcon_core.shell:Creating package script '/root/csci_420_robotics_labs/lab6_ws/install/flightgoggles/share/flightgoggles/package.bash'
[0.904s] INFO:colcon.colcon_core.shell:Creating package script '/root/csci_420_robotics_labs/lab6_ws/install/flightgoggles/share/flightgoggles/package.zsh'
[0.904s] Level 1:colcon.colcon_core.environment:create_file_with_runtime_dependencies(/root/csci_420_robotics_labs/lab6_ws/install/flightgoggles/share/colcon-core/packages/flightgoggles)
[0.907s] DEBUG:colcon.colcon_core.event_handler.log_command:Invoked command in '/root/csci_420_robotics_labs/lab6_ws/build/sensor_simulation' returned '0': CMAKE_PREFIX_PATH=${CMAKE_PREFIX_PATH}:/opt/ros/kilted /usr/bin/cmake --build /root/csci_420_robotics_labs/lab6_ws/build/sensor_simulation -- -j8 -l8
[0.911s] DEBUG:colcon.colcon_core.event_handler.log_command:Invoking command in '/root/csci_420_robotics_labs/lab6_ws/build/sensor_simulation': CMAKE_PREFIX_PATH=${CMAKE_PREFIX_PATH}:/opt/ros/kilted /usr/bin/cmake --install /root/csci_420_robotics_labs/lab6_ws/build/sensor_simulation
[0.911s] Level 1:colcon.colcon_core.environment:create_environment_scripts_only(flightgoggles_uav_dynamics)
[0.912s] Level 1:colcon.colcon_core.environment:checking '/root/csci_420_robotics_labs/lab6_ws/install/flightgoggles_uav_dynamics' for CMake module files
[0.912s] DEBUG:colcon.colcon_core.event_handler.log_command:Invoked command in '/root/csci_420_robotics_labs/lab6_ws/build/flightgoggles_uav_dynamics' returned '0': CMAKE_PREFIX_PATH=${CMAKE_PREFIX_PATH}:/opt/ros/kilted /usr/bin/cmake --install /root/csci_420_robotics_labs/lab6_ws/build/flightgoggles_uav_dynamics
[0.918s] Level 1:colcon.colcon_core.environment:checking '/root/csci_420_robotics_labs/lab6_ws/install/flightgoggles_uav_dynamics' for CMake config files
[0.923s] Level 1:colcon.colcon_core.shell:create_environment_hook('flightgoggles_uav_dynamics', 'cmake_prefix_path')
[0.923s] INFO:colcon.colcon_core.shell:Creating environment hook '/root/csci_420_robotics_labs/lab6_ws/install/flightgoggles_uav_dynamics/share/flightgoggles_uav_dynamics/hook/cmake_prefix_path.ps1'
[0.924s] INFO:colcon.colcon_core.shell:Creating environment descriptor '/root/csci_420_robotics_labs/lab6_ws/install/flightgoggles_uav_dynamics/share/flightgoggles_uav_dynamics/hook/cmake_prefix_path.dsv'
[0.925s] INFO:colcon.colcon_core.shell:Creating environment hook '/root/csci_420_robotics_labs/lab6_ws/install/flightgoggles_uav_dynamics/share/flightgoggles_uav_dynamics/hook/cmake_prefix_path.sh'
[0.928s] Level 1:colcon.colcon_core.environment:checking '/root/csci_420_robotics_labs/lab6_ws/install/flightgoggles_uav_dynamics/lib'
[0.928s] Level 1:colcon.colcon_core.environment:checking '/root/csci_420_robotics_labs/lab6_ws/install/flightgoggles_uav_dynamics/bin'
[0.928s] Level 1:colcon.colcon_core.environment:checking '/root/csci_420_robotics_labs/lab6_ws/install/flightgoggles_uav_dynamics/lib/pkgconfig/flightgoggles_uav_dynamics.pc'
[0.929s] Level 1:colcon.colcon_core.environment:checking '/root/csci_420_robotics_labs/lab6_ws/install/flightgoggles_uav_dynamics/lib/python3.12/site-packages'
[0.929s] Level 1:colcon.colcon_core.environment:checking '/root/csci_420_robotics_labs/lab6_ws/install/flightgoggles_uav_dynamics/bin'
[0.930s] INFO:colcon.colcon_core.shell:Creating package script '/root/csci_420_robotics_labs/lab6_ws/install/flightgoggles_uav_dynamics/share/flightgoggles_uav_dynamics/package.ps1'
[0.934s] INFO:colcon.colcon_core.shell:Creating package descriptor '/root/csci_420_robotics_labs/lab6_ws/install/flightgoggles_uav_dynamics/share/flightgoggles_uav_dynamics/package.dsv'
[0.934s] INFO:colcon.colcon_core.shell:Creating package script '/root/csci_420_robotics_labs/lab6_ws/install/flightgoggles_uav_dynamics/share/flightgoggles_uav_dynamics/package.sh'
[0.935s] INFO:colcon.colcon_core.shell:Creating package script '/root/csci_420_robotics_labs/lab6_ws/install/flightgoggles_uav_dynamics/share/flightgoggles_uav_dynamics/package.bash'
[0.936s] INFO:colcon.colcon_core.shell:Creating package script '/root/csci_420_robotics_labs/lab6_ws/install/flightgoggles_uav_dynamics/share/flightgoggles_uav_dynamics/package.zsh'
[0.937s] Level 1:colcon.colcon_core.environment:create_file_with_runtime_dependencies(/root/csci_420_robotics_labs/lab6_ws/install/flightgoggles_uav_dynamics/share/colcon-core/packages/flightgoggles_uav_dynamics)
[0.939s] Level 1:colcon.colcon_core.environment:create_environment_scripts_only(flightgoggles_uav_dynamics)
[0.940s] Level 1:colcon.colcon_core.environment:checking '/root/csci_420_robotics_labs/lab6_ws/install/flightgoggles_uav_dynamics' for CMake module files
[0.943s] Level 1:colcon.colcon_core.environment:checking '/root/csci_420_robotics_labs/lab6_ws/install/flightgoggles_uav_dynamics' for CMake config files
[0.944s] Level 1:colcon.colcon_core.shell:create_environment_hook('flightgoggles_uav_dynamics', 'cmake_prefix_path')
[0.944s] INFO:colcon.colcon_core.shell:Creating environment hook '/root/csci_420_robotics_labs/lab6_ws/install/flightgoggles_uav_dynamics/share/flightgoggles_uav_dynamics/hook/cmake_prefix_path.ps1'
[0.945s] INFO:colcon.colcon_core.shell:Creating environment descriptor '/root/csci_420_robotics_labs/lab6_ws/install/flightgoggles_uav_dynamics/share/flightgoggles_uav_dynamics/hook/cmake_prefix_path.dsv'
[0.945s] INFO:colcon.colcon_core.shell:Creating environment hook '/root/csci_420_robotics_labs/lab6_ws/install/flightgoggles_uav_dynamics/share/flightgoggles_uav_dynamics/hook/cmake_prefix_path.sh'
[0.946s] Level 1:colcon.colcon_core.environment:checking '/root/csci_420_robotics_labs/lab6_ws/install/flightgoggles_uav_dynamics/lib'
[0.947s] Level 1:colcon.colcon_core.environment:checking '/root/csci_420_robotics_labs/lab6_ws/install/flightgoggles_uav_dynamics/bin'
[0.947s] Level 1:colcon.colcon_core.environment:checking '/root/csci_420_robotics_labs/lab6_ws/install/flightgoggles_uav_dynamics/lib/pkgconfig/flightgoggles_uav_dynamics.pc'
[0.947s] Level 1:colcon.colcon_core.environment:checking '/root/csci_420_robotics_labs/lab6_ws/install/flightgoggles_uav_dynamics/lib/python3.12/site-packages'
[0.947s] Level 1:colcon.colcon_core.environment:checking '/root/csci_420_robotics_labs/lab6_ws/install/flightgoggles_uav_dynamics/bin'
[0.947s] INFO:colcon.colcon_core.shell:Creating package script '/root/csci_420_robotics_labs/lab6_ws/install/flightgoggles_uav_dynamics/share/flightgoggles_uav_dynamics/package.ps1'
[0.948s] INFO:colcon.colcon_core.shell:Creating package descriptor '/root/csci_420_robotics_labs/lab6_ws/install/flightgoggles_uav_dynamics/share/flightgoggles_uav_dynamics/package.dsv'
[0.948s] INFO:colcon.colcon_core.shell:Creating package script '/root/csci_420_robotics_labs/lab6_ws/install/flightgoggles_uav_dynamics/share/flightgoggles_uav_dynamics/package.sh'
[0.949s] INFO:colcon.colcon_core.shell:Creating package script '/root/csci_420_robotics_labs/lab6_ws/install/flightgoggles_uav_dynamics/share/flightgoggles_uav_dynamics/package.bash'
[0.950s] INFO:colcon.colcon_core.shell:Creating package script '/root/csci_420_robotics_labs/lab6_ws/install/flightgoggles_uav_dynamics/share/flightgoggles_uav_dynamics/package.zsh'
[0.951s] Level 1:colcon.colcon_core.environment:create_file_with_runtime_dependencies(/root/csci_420_robotics_labs/lab6_ws/install/flightgoggles_uav_dynamics/share/colcon-core/packages/flightgoggles_uav_dynamics)
[0.955s] DEBUG:colcon.colcon_core.event_handler.log_command:Invoked command in '/root/csci_420_robotics_labs/lab6_ws/build/keyboard_msgs' returned '0': CMAKE_PREFIX_PATH=${CMAKE_PREFIX_PATH}:/opt/ros/kilted /usr/bin/cmake --build /root/csci_420_robotics_labs/lab6_ws/build/keyboard_msgs -- -j8 -l8
[0.960s] DEBUG:colcon.colcon_core.event_handler.log_command:Invoking command in '/root/csci_420_robotics_labs/lab6_ws/build/keyboard_msgs': CMAKE_PREFIX_PATH=${CMAKE_PREFIX_PATH}:/opt/ros/kilted /usr/bin/cmake --install /root/csci_420_robotics_labs/lab6_ws/build/keyboard_msgs
[0.988s] Level 1:colcon.colcon_core.environment:create_environment_scripts_only(sensor_simulation)
[0.989s] Level 1:colcon.colcon_core.environment:checking '/root/csci_420_robotics_labs/lab6_ws/install/sensor_simulation' for CMake module files
[0.992s] DEBUG:colcon.colcon_core.event_handler.log_command:Invoked command in '/root/csci_420_robotics_labs/lab6_ws/build/sensor_simulation' returned '0': CMAKE_PREFIX_PATH=${CMAKE_PREFIX_PATH}:/opt/ros/kilted /usr/bin/cmake --install /root/csci_420_robotics_labs/lab6_ws/build/sensor_simulation
[0.994s] Level 1:colcon.colcon_core.environment:checking '/root/csci_420_robotics_labs/lab6_ws/install/sensor_simulation' for CMake config files
[0.998s] Level 1:colcon.colcon_core.shell:create_environment_hook('sensor_simulation', 'cmake_prefix_path')
[0.998s] INFO:colcon.colcon_core.shell:Creating environment hook '/root/csci_420_robotics_labs/lab6_ws/install/sensor_simulation/share/sensor_simulation/hook/cmake_prefix_path.ps1'
[1.000s] INFO:colcon.colcon_core.shell:Creating environment descriptor '/root/csci_420_robotics_labs/lab6_ws/install/sensor_simulation/share/sensor_simulation/hook/cmake_prefix_path.dsv'
[1.001s] INFO:colcon.colcon_core.shell:Creating environment hook '/root/csci_420_robotics_labs/lab6_ws/install/sensor_simulation/share/sensor_simulation/hook/cmake_prefix_path.sh'
[1.002s] Level 1:colcon.colcon_core.environment:checking '/root/csci_420_robotics_labs/lab6_ws/install/sensor_simulation/lib'
[1.003s] Level 1:colcon.colcon_core.environment:checking '/root/csci_420_robotics_labs/lab6_ws/install/sensor_simulation/bin'
[1.003s] Level 1:colcon.colcon_core.environment:checking '/root/csci_420_robotics_labs/lab6_ws/install/sensor_simulation/lib/pkgconfig/sensor_simulation.pc'
[1.004s] Level 1:colcon.colcon_core.environment:checking '/root/csci_420_robotics_labs/lab6_ws/install/sensor_simulation/lib/python3.12/site-packages'
[1.004s] Level 1:colcon.colcon_core.shell:create_environment_hook('sensor_simulation', 'pythonpath')
[1.004s] INFO:colcon.colcon_core.shell:Creating environment hook '/root/csci_420_robotics_labs/lab6_ws/install/sensor_simulation/share/sensor_simulation/hook/pythonpath.ps1'
[1.005s] INFO:colcon.colcon_core.shell:Creating environment descriptor '/root/csci_420_robotics_labs/lab6_ws/install/sensor_simulation/share/sensor_simulation/hook/pythonpath.dsv'
[1.006s] INFO:colcon.colcon_core.shell:Creating environment hook '/root/csci_420_robotics_labs/lab6_ws/install/sensor_simulation/share/sensor_simulation/hook/pythonpath.sh'
[1.007s] Level 1:colcon.colcon_core.environment:checking '/root/csci_420_robotics_labs/lab6_ws/install/sensor_simulation/bin'
[1.008s] INFO:colcon.colcon_core.shell:Creating package script '/root/csci_420_robotics_labs/lab6_ws/install/sensor_simulation/share/sensor_simulation/package.ps1'
[1.009s] INFO:colcon.colcon_core.shell:Creating package descriptor '/root/csci_420_robotics_labs/lab6_ws/install/sensor_simulation/share/sensor_simulation/package.dsv'
[1.010s] INFO:colcon.colcon_core.shell:Creating package script '/root/csci_420_robotics_labs/lab6_ws/install/sensor_simulation/share/sensor_simulation/package.sh'
[1.011s] INFO:colcon.colcon_core.shell:Creating package script '/root/csci_420_robotics_labs/lab6_ws/install/sensor_simulation/share/sensor_simulation/package.bash'
[1.012s] INFO:colcon.colcon_core.shell:Creating package script '/root/csci_420_robotics_labs/lab6_ws/install/sensor_simulation/share/sensor_simulation/package.zsh'
[1.012s] Level 1:colcon.colcon_core.environment:create_file_with_runtime_dependencies(/root/csci_420_robotics_labs/lab6_ws/install/sensor_simulation/share/colcon-core/packages/sensor_simulation)
[1.014s] Level 1:colcon.colcon_core.environment:create_environment_scripts_only(sensor_simulation)
[1.015s] Level 1:colcon.colcon_core.environment:checking '/root/csci_420_robotics_labs/lab6_ws/install/sensor_simulation' for CMake module files
[1.019s] Level 1:colcon.colcon_core.environment:checking '/root/csci_420_robotics_labs/lab6_ws/install/sensor_simulation' for CMake config files
[1.026s] Level 1:colcon.colcon_core.shell:create_environment_hook('sensor_simulation', 'cmake_prefix_path')
[1.027s] INFO:colcon.colcon_core.shell:Creating environment hook '/root/csci_420_robotics_labs/lab6_ws/install/sensor_simulation/share/sensor_simulation/hook/cmake_prefix_path.ps1'
[1.029s] INFO:colcon.colcon_core.shell:Creating environment descriptor '/root/csci_420_robotics_labs/lab6_ws/install/sensor_simulation/share/sensor_simulation/hook/cmake_prefix_path.dsv'
[1.030s] INFO:colcon.colcon_core.shell:Creating environment hook '/root/csci_420_robotics_labs/lab6_ws/install/sensor_simulation/share/sensor_simulation/hook/cmake_prefix_path.sh'
[1.033s] Level 1:colcon.colcon_core.environment:checking '/root/csci_420_robotics_labs/lab6_ws/install/sensor_simulation/lib'
[1.033s] Level 1:colcon.colcon_core.environment:checking '/root/csci_420_robotics_labs/lab6_ws/install/sensor_simulation/bin'
[1.033s] Level 1:colcon.colcon_core.environment:checking '/root/csci_420_robotics_labs/lab6_ws/install/sensor_simulation/lib/pkgconfig/sensor_simulation.pc'
[1.034s] Level 1:colcon.colcon_core.environment:checking '/root/csci_420_robotics_labs/lab6_ws/install/sensor_simulation/lib/python3.12/site-packages'
[1.034s] Level 1:colcon.colcon_core.shell:create_environment_hook('sensor_simulation', 'pythonpath')
[1.035s] INFO:colcon.colcon_core.shell:Creating environment hook '/root/csci_420_robotics_labs/lab6_ws/install/sensor_simulation/share/sensor_simulation/hook/pythonpath.ps1'
[1.036s] INFO:colcon.colcon_core.shell:Creating environment descriptor '/root/csci_420_robotics_labs/lab6_ws/install/sensor_simulation/share/sensor_simulation/hook/pythonpath.dsv'
[1.038s] INFO:colcon.colcon_core.shell:Creating environment hook '/root/csci_420_robotics_labs/lab6_ws/install/sensor_simulation/share/sensor_simulation/hook/pythonpath.sh'
[1.040s] Level 1:colcon.colcon_core.environment:checking '/root/csci_420_robotics_labs/lab6_ws/install/sensor_simulation/bin'
[1.040s] INFO:colcon.colcon_core.shell:Creating package script '/root/csci_420_robotics_labs/lab6_ws/install/sensor_simulation/share/sensor_simulation/package.ps1'
[1.042s] INFO:colcon.colcon_core.shell:Creating package descriptor '/root/csci_420_robotics_labs/lab6_ws/install/sensor_simulation/share/sensor_simulation/package.dsv'
[1.044s] INFO:colcon.colcon_core.shell:Creating package script '/root/csci_420_robotics_labs/lab6_ws/install/sensor_simulation/share/sensor_simulation/package.sh'
[1.046s] INFO:colcon.colcon_core.shell:Creating package script '/root/csci_420_robotics_labs/lab6_ws/install/sensor_simulation/share/sensor_simulation/package.bash'
[1.046s] INFO:colcon.colcon_core.shell:Creating package script '/root/csci_420_robotics_labs/lab6_ws/install/sensor_simulation/share/sensor_simulation/package.zsh'
[1.048s] Level 1:colcon.colcon_core.environment:create_file_with_runtime_dependencies(/root/csci_420_robotics_labs/lab6_ws/install/sensor_simulation/share/colcon-core/packages/sensor_simulation)
[1.059s] DEBUG:colcon.colcon_core.event_handler.log_command:Invoked command in '/root/csci_420_robotics_labs/lab6_ws/build/visualizer' returned '0': CMAKE_PREFIX_PATH=${CMAKE_PREFIX_PATH}:/opt/ros/kilted /usr/bin/cmake --build /root/csci_420_robotics_labs/lab6_ws/build/visualizer -- -j8 -l8
[1.061s] DEBUG:colcon.colcon_core.event_handler.log_command:Invoking command in '/root/csci_420_robotics_labs/lab6_ws/build/visualizer': CMAKE_PREFIX_PATH=${CMAKE_PREFIX_PATH}:/opt/ros/kilted /usr/bin/cmake --install /root/csci_420_robotics_labs/lab6_ws/build/visualizer
[1.100s] Level 1:colcon.colcon_core.environment:create_environment_scripts_only(keyboard_msgs)
[1.100s] Level 1:colcon.colcon_core.environment:checking '/root/csci_420_robotics_labs/lab6_ws/install/keyboard_msgs' for CMake module files
[1.100s] DEBUG:colcon.colcon_core.event_handler.log_command:Invoked command in '/root/csci_420_robotics_labs/lab6_ws/build/keyboard_msgs' returned '0': CMAKE_PREFIX_PATH=${CMAKE_PREFIX_PATH}:/opt/ros/kilted /usr/bin/cmake --install /root/csci_420_robotics_labs/lab6_ws/build/keyboard_msgs
[1.109s] Level 1:colcon.colcon_core.environment:checking '/root/csci_420_robotics_labs/lab6_ws/install/keyboard_msgs' for CMake config files
[1.117s] Level 1:colcon.colcon_core.shell:create_environment_hook('keyboard_msgs', 'cmake_prefix_path')
[1.117s] INFO:colcon.colcon_core.shell:Creating environment hook '/root/csci_420_robotics_labs/lab6_ws/install/keyboard_msgs/share/keyboard_msgs/hook/cmake_prefix_path.ps1'
[1.118s] INFO:colcon.colcon_core.shell:Creating environment descriptor '/root/csci_420_robotics_labs/lab6_ws/install/keyboard_msgs/share/keyboard_msgs/hook/cmake_prefix_path.dsv'
[1.119s] INFO:colcon.colcon_core.shell:Creating environment hook '/root/csci_420_robotics_labs/lab6_ws/install/keyboard_msgs/share/keyboard_msgs/hook/cmake_prefix_path.sh'
[1.119s] Level 1:colcon.colcon_core.environment:checking '/root/csci_420_robotics_labs/lab6_ws/install/keyboard_msgs/lib'
[1.120s] Level 1:colcon.colcon_core.shell:create_environment_hook('keyboard_msgs', 'ld_library_path_lib')
[1.120s] INFO:colcon.colcon_core.shell:Creating environment hook '/root/csci_420_robotics_labs/lab6_ws/install/keyboard_msgs/share/keyboard_msgs/hook/ld_library_path_lib.ps1'
[1.120s] INFO:colcon.colcon_core.shell:Creating environment descriptor '/root/csci_420_robotics_labs/lab6_ws/install/keyboard_msgs/share/keyboard_msgs/hook/ld_library_path_lib.dsv'
[1.121s] INFO:colcon.colcon_core.shell:Creating environment hook '/root/csci_420_robotics_labs/lab6_ws/install/keyboard_msgs/share/keyboard_msgs/hook/ld_library_path_lib.sh'
[1.121s] Level 1:colcon.colcon_core.environment:checking '/root/csci_420_robotics_labs/lab6_ws/install/keyboard_msgs/bin'
[1.121s] Level 1:colcon.colcon_core.environment:checking '/root/csci_420_robotics_labs/lab6_ws/install/keyboard_msgs/lib/pkgconfig/keyboard_msgs.pc'
[1.121s] Level 1:colcon.colcon_core.environment:checking '/root/csci_420_robotics_labs/lab6_ws/install/keyboard_msgs/lib/python3.12/site-packages'
[1.121s] Level 1:colcon.colcon_core.shell:create_environment_hook('keyboard_msgs', 'pythonpath')
[1.122s] INFO:colcon.colcon_core.shell:Creating environment hook '/root/csci_420_robotics_labs/lab6_ws/install/keyboard_msgs/share/keyboard_msgs/hook/pythonpath.ps1'
[1.122s] INFO:colcon.colcon_core.shell:Creating environment descriptor '/root/csci_420_robotics_labs/lab6_ws/install/keyboard_msgs/share/keyboard_msgs/hook/pythonpath.dsv'
[1.122s] INFO:colcon.colcon_core.shell:Creating environment hook '/root/csci_420_robotics_labs/lab6_ws/install/keyboard_msgs/share/keyboard_msgs/hook/pythonpath.sh'
[1.123s] Level 1:colcon.colcon_core.environment:checking '/root/csci_420_robotics_labs/lab6_ws/install/keyboard_msgs/bin'
[1.123s] INFO:colcon.colcon_core.shell:Creating package script '/root/csci_420_robotics_labs/lab6_ws/install/keyboard_msgs/share/keyboard_msgs/package.ps1'
[1.123s] INFO:colcon.colcon_core.shell:Creating package descriptor '/root/csci_420_robotics_labs/lab6_ws/install/keyboard_msgs/share/keyboard_msgs/package.dsv'
[1.124s] INFO:colcon.colcon_core.shell:Creating package script '/root/csci_420_robotics_labs/lab6_ws/install/keyboard_msgs/share/keyboard_msgs/package.sh'
[1.125s] INFO:colcon.colcon_core.shell:Creating package script '/root/csci_420_robotics_labs/lab6_ws/install/keyboard_msgs/share/keyboard_msgs/package.bash'
[1.125s] INFO:colcon.colcon_core.shell:Creating package script '/root/csci_420_robotics_labs/lab6_ws/install/keyboard_msgs/share/keyboard_msgs/package.zsh'
[1.126s] Level 1:colcon.colcon_core.environment:create_file_with_runtime_dependencies(/root/csci_420_robotics_labs/lab6_ws/install/keyboard_msgs/share/colcon-core/packages/keyboard_msgs)
[1.127s] Level 1:colcon.colcon_core.environment:create_environment_scripts_only(keyboard_msgs)
[1.128s] Level 1:colcon.colcon_core.environment:checking '/root/csci_420_robotics_labs/lab6_ws/install/keyboard_msgs' for CMake module files
[1.129s] Level 1:colcon.colcon_core.environment:checking '/root/csci_420_robotics_labs/lab6_ws/install/keyboard_msgs' for CMake config files
[1.133s] Level 1:colcon.colcon_core.shell:create_environment_hook('keyboard_msgs', 'cmake_prefix_path')
[1.133s] INFO:colcon.colcon_core.shell:Creating environment hook '/root/csci_420_robotics_labs/lab6_ws/install/keyboard_msgs/share/keyboard_msgs/hook/cmake_prefix_path.ps1'
[1.134s] INFO:colcon.colcon_core.shell:Creating environment descriptor '/root/csci_420_robotics_labs/lab6_ws/install/keyboard_msgs/share/keyboard_msgs/hook/cmake_prefix_path.dsv'
[1.134s] INFO:colcon.colcon_core.shell:Creating environment hook '/root/csci_420_robotics_labs/lab6_ws/install/keyboard_msgs/share/keyboard_msgs/hook/cmake_prefix_path.sh'
[1.134s] Level 1:colcon.colcon_core.environment:checking '/root/csci_420_robotics_labs/lab6_ws/install/keyboard_msgs/lib'
[1.135s] Level 1:colcon.colcon_core.shell:create_environment_hook('keyboard_msgs', 'ld_library_path_lib')
[1.135s] INFO:colcon.colcon_core.shell:Creating environment hook '/root/csci_420_robotics_labs/lab6_ws/install/keyboard_msgs/share/keyboard_msgs/hook/ld_library_path_lib.ps1'
[1.137s] INFO:colcon.colcon_core.shell:Creating environment descriptor '/root/csci_420_robotics_labs/lab6_ws/install/keyboard_msgs/share/keyboard_msgs/hook/ld_library_path_lib.dsv'
[1.138s] INFO:colcon.colcon_core.shell:Creating environment hook '/root/csci_420_robotics_labs/lab6_ws/install/keyboard_msgs/share/keyboard_msgs/hook/ld_library_path_lib.sh'
[1.138s] Level 1:colcon.colcon_core.environment:checking '/root/csci_420_robotics_labs/lab6_ws/install/keyboard_msgs/bin'
[1.138s] Level 1:colcon.colcon_core.environment:checking '/root/csci_420_robotics_labs/lab6_ws/install/keyboard_msgs/lib/pkgconfig/keyboard_msgs.pc'
[1.138s] Level 1:colcon.colcon_core.environment:checking '/root/csci_420_robotics_labs/lab6_ws/install/keyboard_msgs/lib/python3.12/site-packages'
[1.138s] Level 1:colcon.colcon_core.shell:create_environment_hook('keyboard_msgs', 'pythonpath')
[1.138s] INFO:colcon.colcon_core.shell:Creating environment hook '/root/csci_420_robotics_labs/lab6_ws/install/keyboard_msgs/share/keyboard_msgs/hook/pythonpath.ps1'
[1.139s] INFO:colcon.colcon_core.shell:Creating environment descriptor '/root/csci_420_robotics_labs/lab6_ws/install/keyboard_msgs/share/keyboard_msgs/hook/pythonpath.dsv'
[1.139s] INFO:colcon.colcon_core.shell:Creating environment hook '/root/csci_420_robotics_labs/lab6_ws/install/keyboard_msgs/share/keyboard_msgs/hook/pythonpath.sh'
[1.139s] Level 1:colcon.colcon_core.environment:checking '/root/csci_420_robotics_labs/lab6_ws/install/keyboard_msgs/bin'
[1.140s] INFO:colcon.colcon_core.shell:Creating package script '/root/csci_420_robotics_labs/lab6_ws/install/keyboard_msgs/share/keyboard_msgs/package.ps1'
[1.140s] INFO:colcon.colcon_core.shell:Creating package descriptor '/root/csci_420_robotics_labs/lab6_ws/install/keyboard_msgs/share/keyboard_msgs/package.dsv'
[1.141s] INFO:colcon.colcon_core.shell:Creating package script '/root/csci_420_robotics_labs/lab6_ws/install/keyboard_msgs/share/keyboard_msgs/package.sh'
[1.141s] INFO:colcon.colcon_core.shell:Creating package script '/root/csci_420_robotics_labs/lab6_ws/install/keyboard_msgs/share/keyboard_msgs/package.bash'
[1.142s] INFO:colcon.colcon_core.shell:Creating package script '/root/csci_420_robotics_labs/lab6_ws/install/keyboard_msgs/share/keyboard_msgs/package.zsh'
[1.142s] Level 1:colcon.colcon_core.environment:create_file_with_runtime_dependencies(/root/csci_420_robotics_labs/lab6_ws/install/keyboard_msgs/share/colcon-core/packages/keyboard_msgs)
[1.143s] INFO:colcon.colcon_ros.task.ament_cmake.build:Building ROS package in '/root/csci_420_robotics_labs/lab6_ws/src/ros2-keyboard/keyboard' with build type 'ament_cmake'
[1.143s] INFO:colcon.colcon_cmake.task.cmake.build:Building CMake package in '/root/csci_420_robotics_labs/lab6_ws/src/ros2-keyboard/keyboard'
[1.143s] INFO:colcon.colcon_core.shell:Skip shell extension 'powershell' for command environment: Not usable outside of PowerShell
[1.143s] DEBUG:colcon.colcon_core.shell:Skip shell extension 'dsv' for command environment
[1.147s] Level 1:colcon.colcon_core.environment:create_environment_scripts_only(visualizer)
[1.147s] Level 1:colcon.colcon_core.environment:checking '/root/csci_420_robotics_labs/lab6_ws/install/visualizer' for CMake module files
[1.147s] DEBUG:colcon.colcon_core.event_handler.log_command:Invoked command in '/root/csci_420_robotics_labs/lab6_ws/build/visualizer' returned '0': CMAKE_PREFIX_PATH=${CMAKE_PREFIX_PATH}:/opt/ros/kilted /usr/bin/cmake --install /root/csci_420_robotics_labs/lab6_ws/build/visualizer
[1.151s] Level 1:colcon.colcon_core.environment:checking '/root/csci_420_robotics_labs/lab6_ws/install/visualizer' for CMake config files
[1.155s] Level 1:colcon.colcon_core.shell:create_environment_hook('visualizer', 'cmake_prefix_path')
[1.155s] INFO:colcon.colcon_core.shell:Creating environment hook '/root/csci_420_robotics_labs/lab6_ws/install/visualizer/share/visualizer/hook/cmake_prefix_path.ps1'
[1.158s] INFO:colcon.colcon_core.shell:Creating environment descriptor '/root/csci_420_robotics_labs/lab6_ws/install/visualizer/share/visualizer/hook/cmake_prefix_path.dsv'
[1.159s] INFO:colcon.colcon_core.shell:Creating environment hook '/root/csci_420_robotics_labs/lab6_ws/install/visualizer/share/visualizer/hook/cmake_prefix_path.sh'
[1.160s] Level 1:colcon.colcon_core.environment:checking '/root/csci_420_robotics_labs/lab6_ws/install/visualizer/lib'
[1.160s] Level 1:colcon.colcon_core.environment:checking '/root/csci_420_robotics_labs/lab6_ws/install/visualizer/bin'
[1.160s] Level 1:colcon.colcon_core.environment:checking '/root/csci_420_robotics_labs/lab6_ws/install/visualizer/lib/pkgconfig/visualizer.pc'
[1.160s] Level 1:colcon.colcon_core.environment:checking '/root/csci_420_robotics_labs/lab6_ws/install/visualizer/lib/python3.12/site-packages'
[1.161s] Level 1:colcon.colcon_core.shell:create_environment_hook('visualizer', 'pythonpath')
[1.162s] INFO:colcon.colcon_core.shell:Creating environment hook '/root/csci_420_robotics_labs/lab6_ws/install/visualizer/share/visualizer/hook/pythonpath.ps1'
[1.164s] INFO:colcon.colcon_core.shell:Creating environment descriptor '/root/csci_420_robotics_labs/lab6_ws/install/visualizer/share/visualizer/hook/pythonpath.dsv'
[1.164s] INFO:colcon.colcon_core.shell:Creating environment hook '/root/csci_420_robotics_labs/lab6_ws/install/visualizer/share/visualizer/hook/pythonpath.sh'
[1.164s] Level 1:colcon.colcon_core.environment:checking '/root/csci_420_robotics_labs/lab6_ws/install/visualizer/bin'
[1.165s] INFO:colcon.colcon_core.shell:Creating package script '/root/csci_420_robotics_labs/lab6_ws/install/visualizer/share/visualizer/package.ps1'
[1.167s] INFO:colcon.colcon_core.shell:Creating package descriptor '/root/csci_420_robotics_labs/lab6_ws/install/visualizer/share/visualizer/package.dsv'
[1.167s] INFO:colcon.colcon_core.shell:Creating package script '/root/csci_420_robotics_labs/lab6_ws/install/visualizer/share/visualizer/package.sh'
[1.168s] INFO:colcon.colcon_core.shell:Creating package script '/root/csci_420_robotics_labs/lab6_ws/install/visualizer/share/visualizer/package.bash'
[1.169s] INFO:colcon.colcon_core.shell:Creating package script '/root/csci_420_robotics_labs/lab6_ws/install/visualizer/share/visualizer/package.zsh'
[1.171s] Level 1:colcon.colcon_core.environment:create_file_with_runtime_dependencies(/root/csci_420_robotics_labs/lab6_ws/install/visualizer/share/colcon-core/packages/visualizer)
[1.176s] Level 1:colcon.colcon_core.environment:create_environment_scripts_only(visualizer)
[1.177s] Level 1:colcon.colcon_core.environment:checking '/root/csci_420_robotics_labs/lab6_ws/install/visualizer' for CMake module files
[1.181s] Level 1:colcon.colcon_core.environment:checking '/root/csci_420_robotics_labs/lab6_ws/install/visualizer' for CMake config files
[1.185s] Level 1:colcon.colcon_core.shell:create_environment_hook('visualizer', 'cmake_prefix_path')
[1.185s] INFO:colcon.colcon_core.shell:Creating environment hook '/root/csci_420_robotics_labs/lab6_ws/install/visualizer/share/visualizer/hook/cmake_prefix_path.ps1'
[1.185s] INFO:colcon.colcon_core.shell:Creating environment descriptor '/root/csci_420_robotics_labs/lab6_ws/install/visualizer/share/visualizer/hook/cmake_prefix_path.dsv'
[1.186s] INFO:colcon.colcon_core.shell:Creating environment hook '/root/csci_420_robotics_labs/lab6_ws/install/visualizer/share/visualizer/hook/cmake_prefix_path.sh'
[1.187s] Level 1:colcon.colcon_core.environment:checking '/root/csci_420_robotics_labs/lab6_ws/install/visualizer/lib'
[1.187s] Level 1:colcon.colcon_core.environment:checking '/root/csci_420_robotics_labs/lab6_ws/install/visualizer/bin'
[1.187s] Level 1:colcon.colcon_core.environment:checking '/root/csci_420_robotics_labs/lab6_ws/install/visualizer/lib/pkgconfig/visualizer.pc'
[1.187s] Level 1:colcon.colcon_core.environment:checking '/root/csci_420_robotics_labs/lab6_ws/install/visualizer/lib/python3.12/site-packages'
[1.187s] Level 1:colcon.colcon_core.shell:create_environment_hook('visualizer', 'pythonpath')
[1.187s] INFO:colcon.colcon_core.shell:Creating environment hook '/root/csci_420_robotics_labs/lab6_ws/install/visualizer/share/visualizer/hook/pythonpath.ps1'
[1.191s] INFO:colcon.colcon_core.shell:Creating environment descriptor '/root/csci_420_robotics_labs/lab6_ws/install/visualizer/share/visualizer/hook/pythonpath.dsv'
[1.192s] INFO:colcon.colcon_core.shell:Creating environment hook '/root/csci_420_robotics_labs/lab6_ws/install/visualizer/share/visualizer/hook/pythonpath.sh'
[1.192s] Level 1:colcon.colcon_core.environment:checking '/root/csci_420_robotics_labs/lab6_ws/install/visualizer/bin'
[1.192s] INFO:colcon.colcon_core.shell:Creating package script '/root/csci_420_robotics_labs/lab6_ws/install/visualizer/share/visualizer/package.ps1'
[1.193s] INFO:colcon.colcon_core.shell:Creating package descriptor '/root/csci_420_robotics_labs/lab6_ws/install/visualizer/share/visualizer/package.dsv'
[1.193s] INFO:colcon.colcon_core.shell:Creating package script '/root/csci_420_robotics_labs/lab6_ws/install/visualizer/share/visualizer/package.sh'
[1.194s] INFO:colcon.colcon_core.shell:Creating package script '/root/csci_420_robotics_labs/lab6_ws/install/visualizer/share/visualizer/package.bash'
[1.194s] INFO:colcon.colcon_core.shell:Creating package script '/root/csci_420_robotics_labs/lab6_ws/install/visualizer/share/visualizer/package.zsh'
[1.198s] Level 1:colcon.colcon_core.environment:create_file_with_runtime_dependencies(/root/csci_420_robotics_labs/lab6_ws/install/visualizer/share/colcon-core/packages/visualizer)
[1.215s] DEBUG:colcon.colcon_core.event_handler.log_command:Invoking command in '/root/csci_420_robotics_labs/lab6_ws/build/keyboard': AMENT_PREFIX_PATH=/root/csci_420_robotics_labs/lab6_ws/install/keyboard_msgs:${AMENT_PREFIX_PATH} CMAKE_PREFIX_PATH=/root/csci_420_robotics_labs/lab6_ws/install/keyboard_msgs:/opt/ros/kilted/opt/gz_sim_vendor:/opt/ros/kilted/opt/gz_sensors_vendor:/opt/ros/kilted/opt/gz_physics_vendor:/opt/ros/kilted/opt/sdformat_vendor:/opt/ros/kilted/opt/gz_gui_vendor:/opt/ros/kilted/opt/gz_transport_vendor:/opt/ros/kilted/opt/gz_rendering_vendor:/opt/ros/kilted/opt/gz_plugin_vendor:/opt/ros/kilted/opt/gz_fuel_tools_vendor:/opt/ros/kilted/opt/gz_msgs_vendor:/opt/ros/kilted/opt/gz_common_vendor:/opt/ros/kilted/opt/gz_math_vendor:/opt/ros/kilted/opt/gz_utils_vendor:/opt/ros/kilted/opt/gz_tools_vendor:/opt/ros/kilted/opt/gz_ogre_next_vendor:/opt/ros/kilted/opt/gz_dartsim_vendor:/opt/ros/kilted/opt/gz_cmake_vendor:/opt/ros/kilted LD_LIBRARY_PATH=/root/csci_420_robotics_labs/lab6_ws/install/keyboard_msgs/lib:${LD_LIBRARY_PATH} PYTHONPATH=/root/csci_420_robotics_labs/lab6_ws/install/keyboard_msgs/lib/python3.12/site-packages:${PYTHONPATH} /usr/bin/cmake --build /root/csci_420_robotics_labs/lab6_ws/build/keyboard -- -j8 -l8
[1.293s] DEBUG:colcon.colcon_core.event_handler.log_command:Invoked command in '/root/csci_420_robotics_labs/lab6_ws/build/keyboard' returned '0': AMENT_PREFIX_PATH=/root/csci_420_robotics_labs/lab6_ws/install/keyboard_msgs:${AMENT_PREFIX_PATH} CMAKE_PREFIX_PATH=/root/csci_420_robotics_labs/lab6_ws/install/keyboard_msgs:/opt/ros/kilted/opt/gz_sim_vendor:/opt/ros/kilted/opt/gz_sensors_vendor:/opt/ros/kilted/opt/gz_physics_vendor:/opt/ros/kilted/opt/sdformat_vendor:/opt/ros/kilted/opt/gz_gui_vendor:/opt/ros/kilted/opt/gz_transport_vendor:/opt/ros/kilted/opt/gz_rendering_vendor:/opt/ros/kilted/opt/gz_plugin_vendor:/opt/ros/kilted/opt/gz_fuel_tools_vendor:/opt/ros/kilted/opt/gz_msgs_vendor:/opt/ros/kilted/opt/gz_common_vendor:/opt/ros/kilted/opt/gz_math_vendor:/opt/ros/kilted/opt/gz_utils_vendor:/opt/ros/kilted/opt/gz_tools_vendor:/opt/ros/kilted/opt/gz_ogre_next_vendor:/opt/ros/kilted/opt/gz_dartsim_vendor:/opt/ros/kilted/opt/gz_cmake_vendor:/opt/ros/kilted LD_LIBRARY_PATH=/root/csci_420_robotics_labs/lab6_ws/install/keyboard_msgs/lib:${LD_LIBRARY_PATH} PYTHONPATH=/root/csci_420_robotics_labs/lab6_ws/install/keyboard_msgs/lib/python3.12/site-packages:${PYTHONPATH} /usr/bin/cmake --build /root/csci_420_robotics_labs/lab6_ws/build/keyboard -- -j8 -l8
[1.297s] DEBUG:colcon.colcon_core.event_handler.log_command:Invoking command in '/root/csci_420_robotics_labs/lab6_ws/build/keyboard': AMENT_PREFIX_PATH=/root/csci_420_robotics_labs/lab6_ws/install/keyboard_msgs:${AMENT_PREFIX_PATH} CMAKE_PREFIX_PATH=/root/csci_420_robotics_labs/lab6_ws/install/keyboard_msgs:/opt/ros/kilted/opt/gz_sim_vendor:/opt/ros/kilted/opt/gz_sensors_vendor:/opt/ros/kilted/opt/gz_physics_vendor:/opt/ros/kilted/opt/sdformat_vendor:/opt/ros/kilted/opt/gz_gui_vendor:/opt/ros/kilted/opt/gz_transport_vendor:/opt/ros/kilted/opt/gz_rendering_vendor:/opt/ros/kilted/opt/gz_plugin_vendor:/opt/ros/kilted/opt/gz_fuel_tools_vendor:/opt/ros/kilted/opt/gz_msgs_vendor:/opt/ros/kilted/opt/gz_common_vendor:/opt/ros/kilted/opt/gz_math_vendor:/opt/ros/kilted/opt/gz_utils_vendor:/opt/ros/kilted/opt/gz_tools_vendor:/opt/ros/kilted/opt/gz_ogre_next_vendor:/opt/ros/kilted/opt/gz_dartsim_vendor:/opt/ros/kilted/opt/gz_cmake_vendor:/opt/ros/kilted LD_LIBRARY_PATH=/root/csci_420_robotics_labs/lab6_ws/install/keyboard_msgs/lib:${LD_LIBRARY_PATH} PYTHONPATH=/root/csci_420_robotics_labs/lab6_ws/install/keyboard_msgs/lib/python3.12/site-packages:${PYTHONPATH} /usr/bin/cmake --install /root/csci_420_robotics_labs/lab6_ws/build/keyboard
[1.311s] DEBUG:colcon.colcon_core.event_handler.log_command:Invoking command in '/root/csci_420_robotics_labs/lab6_ws/src/simple_control': PYTHONPATH=/root/csci_420_robotics_labs/lab6_ws/build/simple_control/prefix_override:/usr/lib/python3/dist-packages/colcon_core/task/python/colcon_distutils_commands:/root/csci_420_robotics_labs/lab6_ws/install/simple_control/lib/python3.12/site-packages:${PYTHONPATH} /usr/bin/python3 -W ignore:setup.py install is deprecated -W ignore:easy_install command is deprecated setup.py egg_info --egg-base ../../build/simple_control build --build-base /root/csci_420_robotics_labs/lab6_ws/build/simple_control/build install --record /root/csci_420_robotics_labs/lab6_ws/build/simple_control/install.log --single-version-externally-managed install_data
[1.319s] DEBUG:colcon.colcon_core.event_handler.log_command:Invoking command in '/root/csci_420_robotics_labs/lab6_ws/src/simple_sim': PYTHONPATH=/root/csci_420_robotics_labs/lab6_ws/build/simple_sim/prefix_override:/usr/lib/python3/dist-packages/colcon_core/task/python/colcon_distutils_commands:/root/csci_420_robotics_labs/lab6_ws/install/simple_sim/lib/python3.12/site-packages:${PYTHONPATH} /usr/bin/python3 -W ignore:setup.py install is deprecated -W ignore:easy_install command is deprecated setup.py egg_info --egg-base ../../build/simple_sim build --build-base /root/csci_420_robotics_labs/lab6_ws/build/simple_sim/build install --record /root/csci_420_robotics_labs/lab6_ws/build/simple_sim/install.log --single-version-externally-managed install_data
[1.323s] Level 1:colcon.colcon_core.environment:create_environment_scripts_only(keyboard)
[1.323s] Level 1:colcon.colcon_core.environment:checking '/root/csci_420_robotics_labs/lab6_ws/install/keyboard' for CMake module files
[1.325s] DEBUG:colcon.colcon_core.event_handler.log_command:Invoked command in '/root/csci_420_robotics_labs/lab6_ws/build/keyboard' returned '0': AMENT_PREFIX_PATH=/root/csci_420_robotics_labs/lab6_ws/install/keyboard_msgs:${AMENT_PREFIX_PATH} CMAKE_PREFIX_PATH=/root/csci_420_robotics_labs/lab6_ws/install/keyboard_msgs:/opt/ros/kilted/opt/gz_sim_vendor:/opt/ros/kilted/opt/gz_sensors_vendor:/opt/ros/kilted/opt/gz_physics_vendor:/opt/ros/kilted/opt/sdformat_vendor:/opt/ros/kilted/opt/gz_gui_vendor:/opt/ros/kilted/opt/gz_transport_vendor:/opt/ros/kilted/opt/gz_rendering_vendor:/opt/ros/kilted/opt/gz_plugin_vendor:/opt/ros/kilted/opt/gz_fuel_tools_vendor:/opt/ros/kilted/opt/gz_msgs_vendor:/opt/ros/kilted/opt/gz_common_vendor:/opt/ros/kilted/opt/gz_math_vendor:/opt/ros/kilted/opt/gz_utils_vendor:/opt/ros/kilted/opt/gz_tools_vendor:/opt/ros/kilted/opt/gz_ogre_next_vendor:/opt/ros/kilted/opt/gz_dartsim_vendor:/opt/ros/kilted/opt/gz_cmake_vendor:/opt/ros/kilted LD_LIBRARY_PATH=/root/csci_420_robotics_labs/lab6_ws/install/keyboard_msgs/lib:${LD_LIBRARY_PATH} PYTHONPATH=/root/csci_420_robotics_labs/lab6_ws/install/keyboard_msgs/lib/python3.12/site-packages:${PYTHONPATH} /usr/bin/cmake --install /root/csci_420_robotics_labs/lab6_ws/build/keyboard
[1.327s] Level 1:colcon.colcon_core.environment:checking '/root/csci_420_robotics_labs/lab6_ws/install/keyboard' for CMake config files
[1.332s] Level 1:colcon.colcon_core.shell:create_environment_hook('keyboard', 'cmake_prefix_path')
[1.333s] INFO:colcon.colcon_core.shell:Creating environment hook '/root/csci_420_robotics_labs/lab6_ws/install/keyboard/share/keyboard/hook/cmake_prefix_path.ps1'
[1.337s] INFO:colcon.colcon_core.shell:Creating environment descriptor '/root/csci_420_robotics_labs/lab6_ws/install/keyboard/share/keyboard/hook/cmake_prefix_path.dsv'
[1.337s] INFO:colcon.colcon_core.shell:Creating environment hook '/root/csci_420_robotics_labs/lab6_ws/install/keyboard/share/keyboard/hook/cmake_prefix_path.sh'
[1.338s] Level 1:colcon.colcon_core.environment:checking '/root/csci_420_robotics_labs/lab6_ws/install/keyboard/lib'
[1.338s] Level 1:colcon.colcon_core.environment:checking '/root/csci_420_robotics_labs/lab6_ws/install/keyboard/bin'
[1.338s] Level 1:colcon.colcon_core.environment:checking '/root/csci_420_robotics_labs/lab6_ws/install/keyboard/lib/pkgconfig/keyboard.pc'
[1.338s] Level 1:colcon.colcon_core.environment:checking '/root/csci_420_robotics_labs/lab6_ws/install/keyboard/lib/python3.12/site-packages'
[1.338s] Level 1:colcon.colcon_core.environment:checking '/root/csci_420_robotics_labs/lab6_ws/install/keyboard/bin'
[1.341s] INFO:colcon.colcon_core.shell:Creating package script '/root/csci_420_robotics_labs/lab6_ws/install/keyboard/share/keyboard/package.ps1'
[1.342s] INFO:colcon.colcon_core.shell:Creating package descriptor '/root/csci_420_robotics_labs/lab6_ws/install/keyboard/share/keyboard/package.dsv'
[1.342s] INFO:colcon.colcon_core.shell:Creating package script '/root/csci_420_robotics_labs/lab6_ws/install/keyboard/share/keyboard/package.sh'
[1.343s] INFO:colcon.colcon_core.shell:Creating package script '/root/csci_420_robotics_labs/lab6_ws/install/keyboard/share/keyboard/package.bash'
[1.343s] INFO:colcon.colcon_core.shell:Creating package script '/root/csci_420_robotics_labs/lab6_ws/install/keyboard/share/keyboard/package.zsh'
[1.343s] Level 1:colcon.colcon_core.environment:create_file_with_runtime_dependencies(/root/csci_420_robotics_labs/lab6_ws/install/keyboard/share/colcon-core/packages/keyboard)
[1.344s] Level 1:colcon.colcon_core.environment:create_environment_scripts_only(keyboard)
[1.344s] Level 1:colcon.colcon_core.environment:checking '/root/csci_420_robotics_labs/lab6_ws/install/keyboard' for CMake module files
[1.346s] Level 1:colcon.colcon_core.environment:checking '/root/csci_420_robotics_labs/lab6_ws/install/keyboard' for CMake config files
[1.348s] Level 1:colcon.colcon_core.shell:create_environment_hook('keyboard', 'cmake_prefix_path')
[1.348s] INFO:colcon.colcon_core.shell:Creating environment hook '/root/csci_420_robotics_labs/lab6_ws/install/keyboard/share/keyboard/hook/cmake_prefix_path.ps1'
[1.354s] INFO:colcon.colcon_core.shell:Creating environment descriptor '/root/csci_420_robotics_labs/lab6_ws/install/keyboard/share/keyboard/hook/cmake_prefix_path.dsv'
[1.359s] INFO:colcon.colcon_core.shell:Creating environment hook '/root/csci_420_robotics_labs/lab6_ws/install/keyboard/share/keyboard/hook/cmake_prefix_path.sh'
[1.361s] Level 1:colcon.colcon_core.environment:checking '/root/csci_420_robotics_labs/lab6_ws/install/keyboard/lib'
[1.361s] Level 1:colcon.colcon_core.environment:checking '/root/csci_420_robotics_labs/lab6_ws/install/keyboard/bin'
[1.361s] Level 1:colcon.colcon_core.environment:checking '/root/csci_420_robotics_labs/lab6_ws/install/keyboard/lib/pkgconfig/keyboard.pc'
[1.361s] Level 1:colcon.colcon_core.environment:checking '/root/csci_420_robotics_labs/lab6_ws/install/keyboard/lib/python3.12/site-packages'
[1.361s] Level 1:colcon.colcon_core.environment:checking '/root/csci_420_robotics_labs/lab6_ws/install/keyboard/bin'
[1.361s] INFO:colcon.colcon_core.shell:Creating package script '/root/csci_420_robotics_labs/lab6_ws/install/keyboard/share/keyboard/package.ps1'
[1.364s] INFO:colcon.colcon_core.shell:Creating package descriptor '/root/csci_420_robotics_labs/lab6_ws/install/keyboard/share/keyboard/package.dsv'
[1.365s] INFO:colcon.colcon_core.shell:Creating package script '/root/csci_420_robotics_labs/lab6_ws/install/keyboard/share/keyboard/package.sh'
[1.365s] INFO:colcon.colcon_core.shell:Creating package script '/root/csci_420_robotics_labs/lab6_ws/install/keyboard/share/keyboard/package.bash'
[1.366s] INFO:colcon.colcon_core.shell:Creating package script '/root/csci_420_robotics_labs/lab6_ws/install/keyboard/share/keyboard/package.zsh'
[1.367s] Level 1:colcon.colcon_core.environment:create_file_with_runtime_dependencies(/root/csci_420_robotics_labs/lab6_ws/install/keyboard/share/colcon-core/packages/keyboard)
[1.658s] Level 1:colcon.colcon_core.environment:checking '/root/csci_420_robotics_labs/lab6_ws/install/simple_sim' for CMake module files
[1.658s] DEBUG:colcon.colcon_core.event_handler.log_command:Invoked command in '/root/csci_420_robotics_labs/lab6_ws/src/simple_sim' returned '0': PYTHONPATH=/root/csci_420_robotics_labs/lab6_ws/build/simple_sim/prefix_override:/usr/lib/python3/dist-packages/colcon_core/task/python/colcon_distutils_commands:/root/csci_420_robotics_labs/lab6_ws/install/simple_sim/lib/python3.12/site-packages:${PYTHONPATH} /usr/bin/python3 -W ignore:setup.py install is deprecated -W ignore:easy_install command is deprecated setup.py egg_info --egg-base ../../build/simple_sim build --build-base /root/csci_420_robotics_labs/lab6_ws/build/simple_sim/build install --record /root/csci_420_robotics_labs/lab6_ws/build/simple_sim/install.log --single-version-externally-managed install_data
[1.659s] Level 1:colcon.colcon_core.environment:checking '/root/csci_420_robotics_labs/lab6_ws/install/simple_sim' for CMake config files
[1.662s] Level 1:colcon.colcon_core.environment:checking '/root/csci_420_robotics_labs/lab6_ws/install/simple_sim/lib'
[1.662s] Level 1:colcon.colcon_core.environment:checking '/root/csci_420_robotics_labs/lab6_ws/install/simple_sim/bin'
[1.663s] Level 1:colcon.colcon_core.environment:checking '/root/csci_420_robotics_labs/lab6_ws/install/simple_sim/lib/pkgconfig/simple_sim.pc'
[1.663s] Level 1:colcon.colcon_core.environment:checking '/root/csci_420_robotics_labs/lab6_ws/install/simple_sim/lib/python3.12/site-packages'
[1.663s] Level 1:colcon.colcon_core.shell:create_environment_hook('simple_sim', 'pythonpath')
[1.663s] INFO:colcon.colcon_core.shell:Creating environment hook '/root/csci_420_robotics_labs/lab6_ws/install/simple_sim/share/simple_sim/hook/pythonpath.ps1'
[1.663s] INFO:colcon.colcon_core.shell:Creating environment descriptor '/root/csci_420_robotics_labs/lab6_ws/install/simple_sim/share/simple_sim/hook/pythonpath.dsv'
[1.664s] INFO:colcon.colcon_core.shell:Creating environment hook '/root/csci_420_robotics_labs/lab6_ws/install/simple_sim/share/simple_sim/hook/pythonpath.sh'
[1.664s] Level 1:colcon.colcon_core.environment:checking '/root/csci_420_robotics_labs/lab6_ws/install/simple_sim/bin'
[1.665s] Level 1:colcon.colcon_core.environment:create_environment_scripts_only(simple_sim)
[1.665s] INFO:colcon.colcon_core.shell:Creating package script '/root/csci_420_robotics_labs/lab6_ws/install/simple_sim/share/simple_sim/package.ps1'
[1.665s] INFO:colcon.colcon_core.shell:Creating package descriptor '/root/csci_420_robotics_labs/lab6_ws/install/simple_sim/share/simple_sim/package.dsv'
[1.665s] INFO:colcon.colcon_core.shell:Creating package script '/root/csci_420_robotics_labs/lab6_ws/install/simple_sim/share/simple_sim/package.sh'
[1.666s] INFO:colcon.colcon_core.shell:Creating package script '/root/csci_420_robotics_labs/lab6_ws/install/simple_sim/share/simple_sim/package.bash'
[1.666s] INFO:colcon.colcon_core.shell:Creating package script '/root/csci_420_robotics_labs/lab6_ws/install/simple_sim/share/simple_sim/package.zsh'
[1.666s] Level 1:colcon.colcon_core.environment:create_file_with_runtime_dependencies(/root/csci_420_robotics_labs/lab6_ws/install/simple_sim/share/colcon-core/packages/simple_sim)
[1.667s] Level 1:colcon.colcon_core.environment:checking '/root/csci_420_robotics_labs/lab6_ws/install/simple_control' for CMake module files
[1.669s] DEBUG:colcon.colcon_core.event_handler.log_command:Invoked command in '/root/csci_420_robotics_labs/lab6_ws/src/simple_control' returned '0': PYTHONPATH=/root/csci_420_robotics_labs/lab6_ws/build/simple_control/prefix_override:/usr/lib/python3/dist-packages/colcon_core/task/python/colcon_distutils_commands:/root/csci_420_robotics_labs/lab6_ws/install/simple_control/lib/python3.12/site-packages:${PYTHONPATH} /usr/bin/python3 -W ignore:setup.py install is deprecated -W ignore:easy_install command is deprecated setup.py egg_info --egg-base ../../build/simple_control build --build-base /root/csci_420_robotics_labs/lab6_ws/build/simple_control/build install --record /root/csci_420_robotics_labs/lab6_ws/build/simple_control/install.log --single-version-externally-managed install_data
[1.669s] Level 1:colcon.colcon_core.environment:checking '/root/csci_420_robotics_labs/lab6_ws/install/simple_control' for CMake config files
[1.671s] Level 1:colcon.colcon_core.environment:checking '/root/csci_420_robotics_labs/lab6_ws/install/simple_control/lib'
[1.672s] Level 1:colcon.colcon_core.environment:checking '/root/csci_420_robotics_labs/lab6_ws/install/simple_control/bin'
[1.672s] Level 1:colcon.colcon_core.environment:checking '/root/csci_420_robotics_labs/lab6_ws/install/simple_control/lib/pkgconfig/simple_control.pc'
[1.672s] Level 1:colcon.colcon_core.environment:checking '/root/csci_420_robotics_labs/lab6_ws/install/simple_control/lib/python3.12/site-packages'
[1.672s] Level 1:colcon.colcon_core.shell:create_environment_hook('simple_control', 'pythonpath')
[1.672s] INFO:colcon.colcon_core.shell:Creating environment hook '/root/csci_420_robotics_labs/lab6_ws/install/simple_control/share/simple_control/hook/pythonpath.ps1'
[1.672s] INFO:colcon.colcon_core.shell:Creating environment descriptor '/root/csci_420_robotics_labs/lab6_ws/install/simple_control/share/simple_control/hook/pythonpath.dsv'
[1.672s] INFO:colcon.colcon_core.shell:Creating environment hook '/root/csci_420_robotics_labs/lab6_ws/install/simple_control/share/simple_control/hook/pythonpath.sh'
[1.673s] Level 1:colcon.colcon_core.environment:checking '/root/csci_420_robotics_labs/lab6_ws/install/simple_control/bin'
[1.673s] Level 1:colcon.colcon_core.environment:create_environment_scripts_only(simple_control)
[1.673s] INFO:colcon.colcon_core.shell:Creating package script '/root/csci_420_robotics_labs/lab6_ws/install/simple_control/share/simple_control/package.ps1'
[1.673s] INFO:colcon.colcon_core.shell:Creating package descriptor '/root/csci_420_robotics_labs/lab6_ws/install/simple_control/share/simple_control/package.dsv'
[1.674s] INFO:colcon.colcon_core.shell:Creating package script '/root/csci_420_robotics_labs/lab6_ws/install/simple_control/share/simple_control/package.sh'
[1.674s] INFO:colcon.colcon_core.shell:Creating package script '/root/csci_420_robotics_labs/lab6_ws/install/simple_control/share/simple_control/package.bash'
[1.674s] INFO:colcon.colcon_core.shell:Creating package script '/root/csci_420_robotics_labs/lab6_ws/install/simple_control/share/simple_control/package.zsh'
[1.675s] Level 1:colcon.colcon_core.environment:create_file_with_runtime_dependencies(/root/csci_420_robotics_labs/lab6_ws/install/simple_control/share/colcon-core/packages/simple_control)
[1.675s] DEBUG:colcon.colcon_parallel_executor.executor.parallel:closing loop
[1.675s] DEBUG:colcon.colcon_parallel_executor.executor.parallel:loop closed
[1.675s] DEBUG:colcon.colcon_parallel_executor.executor.parallel:run_until_complete finished with '0'
[1.675s] DEBUG:colcon.colcon_core.event_reactor:joining thread
[1.692s] INFO:colcon.colcon_core.plugin_system:Skipping extension 'colcon_notification.desktop_notification.notify_send': Could not find 'notify-send'
[1.692s] INFO:colcon.colcon_core.plugin_system:Skipping extension 'colcon_notification.desktop_notification.terminal_notifier': Not used on non-Darwin systems
[1.693s] INFO:colcon.colcon_core.plugin_system:Skipping extension 'colcon_notification.desktop_notification.win32': Not used on non-Windows systems
[1.693s] INFO:colcon.colcon_notification.desktop_notification:Sending desktop notification using 'notify2'
[1.697s] DEBUG:colcon.colcon_notification.desktop_notification.notify2:Failed to initialize notify2: org.freedesktop.DBus.Error.Spawn.ExecFailed: /usr/bin/dbus-launch terminated abnormally without any error message
[1.698s] DEBUG:colcon.colcon_core.event_reactor:joined thread
[1.698s] INFO:colcon.colcon_core.shell:Creating prefix script '/root/csci_420_robotics_labs/lab6_ws/install/local_setup.ps1'
[1.698s] INFO:colcon.colcon_core.shell:Creating prefix util module '/root/csci_420_robotics_labs/lab6_ws/install/_local_setup_util_ps1.py'
[1.699s] INFO:colcon.colcon_core.shell:Creating prefix chain script '/root/csci_420_robotics_labs/lab6_ws/install/setup.ps1'
[1.700s] INFO:colcon.colcon_core.shell:Creating prefix script '/root/csci_420_robotics_labs/lab6_ws/install/local_setup.sh'
[1.701s] INFO:colcon.colcon_core.shell:Creating prefix util module '/root/csci_420_robotics_labs/lab6_ws/install/_local_setup_util_sh.py'
[1.701s] INFO:colcon.colcon_core.shell:Creating prefix chain script '/root/csci_420_robotics_labs/lab6_ws/install/setup.sh'
[1.702s] INFO:colcon.colcon_core.shell:Creating prefix script '/root/csci_420_robotics_labs/lab6_ws/install/local_setup.bash'
[1.702s] INFO:colcon.colcon_core.shell:Creating prefix chain script '/root/csci_420_robotics_labs/lab6_ws/install/setup.bash'
[1.703s] INFO:colcon.colcon_core.shell:Creating prefix script '/root/csci_420_robotics_labs/lab6_ws/install/local_setup.zsh'
[1.703s] INFO:colcon.colcon_core.shell:Creating prefix chain script '/root/csci_420_robotics_labs/lab6_ws/install/setup.zsh'
