[0.053s] DEBUG:colcon:Command line arguments: ['/usr/bin/colcon', 'build']
[0.053s] DEBUG:colcon:Parsed command line arguments: Namespace(log_base=None, log_level=None, verb_name='build', build_base='build', install_base='install', merge_install=False, symlink_install=False, test_result_base=None, continue_on_error=False, executor='parallel', parallel_workers=8, event_handlers=None, ignore_user_meta=False, metas=['./colcon.meta'], base_paths=['.'], packages_ignore=None, packages_ignore_regex=None, paths=None, packages_up_to=None, packages_up_to_regex=None, packages_above=None, packages_above_and_dependencies=None, packages_above_depth=None, packages_select_by_dep=None, packages_skip_by_dep=None, packages_skip_up_to=None, packages_select_build_failed=False, packages_skip_build_finished=False, packages_select_test_failures=False, packages_skip_test_passed=False, packages_select=None, packages_skip=None, packages_select_regex=None, packages_skip_regex=None, packages_start=None, packages_end=None, allow_overriding=[], cmake_args=None, cmake_target=None, cmake_target_skip_unavailable=False, cmake_clean_cache=False, cmake_clean_first=False, cmake_force_configure=False, ament_cmake_args=None, catkin_cmake_args=None, catkin_skip_building_tests=False, verb_parser=<colcon_defaults.argument_parser.defaults.DefaultArgumentsDecorator object at 0xffff7e365eb0>, verb_extension=<colcon_core.verb.build.BuildVerb object at 0xffff7e365dc0>, main=<bound method BuildVerb.main of <colcon_core.verb.build.BuildVerb object at 0xffff7e365dc0>>)
[0.071s] Level 1:colcon.colcon_core.package_discovery:discover_packages(colcon_meta) check parameters
[0.071s] Level 1:colcon.colcon_core.package_discovery:discover_packages(recursive) check parameters
[0.071s] Level 1:colcon.colcon_core.package_discovery:discover_packages(ignore) check parameters
[0.071s] Level 1:colcon.colcon_core.package_discovery:discover_packages(path) check parameters
[0.071s] Level 1:colcon.colcon_core.package_discovery:discover_packages(colcon_meta) discover
[0.071s] Level 1:colcon.colcon_core.package_discovery:discover_packages(recursive) discover
[0.071s] INFO:colcon.colcon_core.package_discovery:Crawling recursively for packages in '/root/csci_420_robotics_labs/lab6_ws'
[0.072s] Level 1:colcon.colcon_core.package_identification:_identify(.) by extensions ['ignore', 'ignore_ament_install']
[0.072s] Level 1:colcon.colcon_core.package_identification:_identify(.) by extension 'ignore'
[0.072s] Level 1:colcon.colcon_core.package_identification:_identify(.) by extension 'ignore_ament_install'
[0.072s] Level 1:colcon.colcon_core.package_identification:_identify(.) by extensions ['colcon_pkg']
[0.072s] Level 1:colcon.colcon_core.package_identification:_identify(.) by extension 'colcon_pkg'
[0.072s] Level 1:colcon.colcon_core.package_identification:_identify(.) by extensions ['colcon_meta']
[0.072s] Level 1:colcon.colcon_core.package_identification:_identify(.) by extension 'colcon_meta'
[0.072s] Level 1:colcon.colcon_core.package_identification:_identify(.) by extensions ['ros']
[0.072s] Level 1:colcon.colcon_core.package_identification:_identify(.) by extension 'ros'
[0.085s] Level 1:colcon.colcon_core.package_identification:_identify(.) by extensions ['cmake', 'python']
[0.085s] Level 1:colcon.colcon_core.package_identification:_identify(.) by extension 'cmake'
[0.085s] Level 1:colcon.colcon_core.package_identification:_identify(.) by extension 'python'
[0.086s] Level 1:colcon.colcon_core.package_identification:_identify(.) by extensions ['python_setup_py']
[0.086s] Level 1:colcon.colcon_core.package_identification:_identify(.) by extension 'python_setup_py'
[0.086s] Level 1:colcon.colcon_core.package_identification:_identify(build) by extensions ['ignore', 'ignore_ament_install']
[0.086s] Level 1:colcon.colcon_core.package_identification:_identify(build) by extension 'ignore'
[0.086s] Level 1:colcon.colcon_core.package_identification:_identify(build) ignored
[0.087s] Level 1:colcon.colcon_core.package_identification:_identify(install) by extensions ['ignore', 'ignore_ament_install']
[0.087s] Level 1:colcon.colcon_core.package_identification:_identify(install) by extension 'ignore'
[0.087s] Level 1:colcon.colcon_core.package_identification:_identify(install) ignored
[0.087s] Level 1:colcon.colcon_core.package_identification:_identify(log) by extensions ['ignore', 'ignore_ament_install']
[0.087s] Level 1:colcon.colcon_core.package_identification:_identify(log) by extension 'ignore'
[0.087s] Level 1:colcon.colcon_core.package_identification:_identify(log) ignored
[0.087s] Level 1:colcon.colcon_core.package_identification:_identify(src) by extensions ['ignore', 'ignore_ament_install']
[0.087s] Level 1:colcon.colcon_core.package_identification:_identify(src) by extension 'ignore'
[0.088s] Level 1:colcon.colcon_core.package_identification:_identify(src) by extension 'ignore_ament_install'
[0.088s] Level 1:colcon.colcon_core.package_identification:_identify(src) by extensions ['colcon_pkg']
[0.088s] Level 1:colcon.colcon_core.package_identification:_identify(src) by extension 'colcon_pkg'
[0.088s] Level 1:colcon.colcon_core.package_identification:_identify(src) by extensions ['colcon_meta']
[0.088s] Level 1:colcon.colcon_core.package_identification:_identify(src) by extension 'colcon_meta'
[0.088s] Level 1:colcon.colcon_core.package_identification:_identify(src) by extensions ['ros']
[0.088s] Level 1:colcon.colcon_core.package_identification:_identify(src) by extension 'ros'
[0.088s] Level 1:colcon.colcon_core.package_identification:_identify(src) by extensions ['cmake', 'python']
[0.088s] Level 1:colcon.colcon_core.package_identification:_identify(src) by extension 'cmake'
[0.088s] Level 1:colcon.colcon_core.package_identification:_identify(src) by extension 'python'
[0.088s] Level 1:colcon.colcon_core.package_identification:_identify(src) by extensions ['python_setup_py']
[0.088s] Level 1:colcon.colcon_core.package_identification:_identify(src) by extension 'python_setup_py'
[0.089s] Level 1:colcon.colcon_core.package_identification:_identify(src/flightcontroller) by extensions ['ignore', 'ignore_ament_install']
[0.089s] Level 1:colcon.colcon_core.package_identification:_identify(src/flightcontroller) by extension 'ignore'
[0.089s] Level 1:colcon.colcon_core.package_identification:_identify(src/flightcontroller) by extension 'ignore_ament_install'
[0.089s] Level 1:colcon.colcon_core.package_identification:_identify(src/flightcontroller) by extensions ['colcon_pkg']
[0.089s] Level 1:colcon.colcon_core.package_identification:_identify(src/flightcontroller) by extension 'colcon_pkg'
[0.089s] Level 1:colcon.colcon_core.package_identification:_identify(src/flightcontroller) by extensions ['colcon_meta']
[0.089s] Level 1:colcon.colcon_core.package_identification:_identify(src/flightcontroller) by extension 'colcon_meta'
[0.089s] Level 1:colcon.colcon_core.package_identification:_identify(src/flightcontroller) by extensions ['ros']
[0.089s] Level 1:colcon.colcon_core.package_identification:_identify(src/flightcontroller) by extension 'ros'
[0.091s] DEBUG:colcon.colcon_core.package_identification:Package 'src/flightcontroller' with type 'ros.ament_cmake' and name 'flightcontroller'
[0.091s] Level 1:colcon.colcon_core.package_identification:_identify(src/flightgoggles) by extensions ['ignore', 'ignore_ament_install']
[0.091s] Level 1:colcon.colcon_core.package_identification:_identify(src/flightgoggles) by extension 'ignore'
[0.091s] Level 1:colcon.colcon_core.package_identification:_identify(src/flightgoggles) by extension 'ignore_ament_install'
[0.091s] Level 1:colcon.colcon_core.package_identification:_identify(src/flightgoggles) by extensions ['colcon_pkg']
[0.091s] Level 1:colcon.colcon_core.package_identification:_identify(src/flightgoggles) by extension 'colcon_pkg'
[0.091s] Level 1:colcon.colcon_core.package_identification:_identify(src/flightgoggles) by extensions ['colcon_meta']
[0.091s] Level 1:colcon.colcon_core.package_identification:_identify(src/flightgoggles) by extension 'colcon_meta'
[0.092s] Level 1:colcon.colcon_core.package_identification:_identify(src/flightgoggles) by extensions ['ros']
[0.092s] Level 1:colcon.colcon_core.package_identification:_identify(src/flightgoggles) by extension 'ros'
[0.092s] Level 1:colcon.colcon_core.package_identification:_identify(src/flightgoggles) by extensions ['cmake', 'python']
[0.092s] Level 1:colcon.colcon_core.package_identification:_identify(src/flightgoggles) by extension 'cmake'
[0.092s] Level 1:colcon.colcon_core.package_identification:_identify(src/flightgoggles) by extension 'python'
[0.092s] Level 1:colcon.colcon_core.package_identification:_identify(src/flightgoggles) by extensions ['python_setup_py']
[0.092s] Level 1:colcon.colcon_core.package_identification:_identify(src/flightgoggles) by extension 'python_setup_py'
[0.092s] Level 1:colcon.colcon_core.package_identification:_identify(src/flightgoggles/flightgoggles) by extensions ['ignore', 'ignore_ament_install']
[0.092s] Level 1:colcon.colcon_core.package_identification:_identify(src/flightgoggles/flightgoggles) by extension 'ignore'
[0.092s] Level 1:colcon.colcon_core.package_identification:_identify(src/flightgoggles/flightgoggles) by extension 'ignore_ament_install'
[0.092s] Level 1:colcon.colcon_core.package_identification:_identify(src/flightgoggles/flightgoggles) by extensions ['colcon_pkg']
[0.092s] Level 1:colcon.colcon_core.package_identification:_identify(src/flightgoggles/flightgoggles) by extension 'colcon_pkg'
[0.092s] Level 1:colcon.colcon_core.package_identification:_identify(src/flightgoggles/flightgoggles) by extensions ['colcon_meta']
[0.092s] Level 1:colcon.colcon_core.package_identification:_identify(src/flightgoggles/flightgoggles) by extension 'colcon_meta'
[0.092s] Level 1:colcon.colcon_core.package_identification:_identify(src/flightgoggles/flightgoggles) by extensions ['ros']
[0.092s] Level 1:colcon.colcon_core.package_identification:_identify(src/flightgoggles/flightgoggles) by extension 'ros'
[0.093s] DEBUG:colcon.colcon_core.package_identification:Package 'src/flightgoggles/flightgoggles' with type 'ros.ament_cmake' and name 'flightgoggles'
[0.093s] Level 1:colcon.colcon_core.package_identification:_identify(src/flightgoggles/flightgoggles_uav_dynamics) by extensions ['ignore', 'ignore_ament_install']
[0.093s] Level 1:colcon.colcon_core.package_identification:_identify(src/flightgoggles/flightgoggles_uav_dynamics) by extension 'ignore'
[0.093s] Level 1:colcon.colcon_core.package_identification:_identify(src/flightgoggles/flightgoggles_uav_dynamics) by extension 'ignore_ament_install'
[0.093s] Level 1:colcon.colcon_core.package_identification:_identify(src/flightgoggles/flightgoggles_uav_dynamics) by extensions ['colcon_pkg']
[0.094s] Level 1:colcon.colcon_core.package_identification:_identify(src/flightgoggles/flightgoggles_uav_dynamics) by extension 'colcon_pkg'
[0.094s] Level 1:colcon.colcon_core.package_identification:_identify(src/flightgoggles/flightgoggles_uav_dynamics) by extensions ['colcon_meta']
[0.094s] Level 1:colcon.colcon_core.package_identification:_identify(src/flightgoggles/flightgoggles_uav_dynamics) by extension 'colcon_meta'
[0.094s] Level 1:colcon.colcon_core.package_identification:_identify(src/flightgoggles/flightgoggles_uav_dynamics) by extensions ['ros']
[0.094s] Level 1:colcon.colcon_core.package_identification:_identify(src/flightgoggles/flightgoggles_uav_dynamics) by extension 'ros'
[0.094s] DEBUG:colcon.colcon_core.package_identification:Package 'src/flightgoggles/flightgoggles_uav_dynamics' with type 'ros.ament_cmake' and name 'flightgoggles_uav_dynamics'
[0.095s] Level 1:colcon.colcon_core.package_identification:_identify(src/ros2-keyboard) by extensions ['ignore', 'ignore_ament_install']
[0.095s] Level 1:colcon.colcon_core.package_identification:_identify(src/ros2-keyboard) by extension 'ignore'
[0.095s] Level 1:colcon.colcon_core.package_identification:_identify(src/ros2-keyboard) by extension 'ignore_ament_install'
[0.095s] Level 1:colcon.colcon_core.package_identification:_identify(src/ros2-keyboard) by extensions ['colcon_pkg']
[0.095s] Level 1:colcon.colcon_core.package_identification:_identify(src/ros2-keyboard) by extension 'colcon_pkg'
[0.095s] Level 1:colcon.colcon_core.package_identification:_identify(src/ros2-keyboard) by extensions ['colcon_meta']
[0.095s] Level 1:colcon.colcon_core.package_identification:_identify(src/ros2-keyboard) by extension 'colcon_meta'
[0.095s] Level 1:colcon.colcon_core.package_identification:_identify(src/ros2-keyboard) by extensions ['ros']
[0.095s] Level 1:colcon.colcon_core.package_identification:_identify(src/ros2-keyboard) by extension 'ros'
[0.095s] Level 1:colcon.colcon_core.package_identification:_identify(src/ros2-keyboard) by extensions ['cmake', 'python']
[0.095s] Level 1:colcon.colcon_core.package_identification:_identify(src/ros2-keyboard) by extension 'cmake'
[0.095s] Level 1:colcon.colcon_core.package_identification:_identify(src/ros2-keyboard) by extension 'python'
[0.095s] Level 1:colcon.colcon_core.package_identification:_identify(src/ros2-keyboard) by extensions ['python_setup_py']
[0.095s] Level 1:colcon.colcon_core.package_identification:_identify(src/ros2-keyboard) by extension 'python_setup_py'
[0.095s] Level 1:colcon.colcon_core.package_identification:_identify(src/ros2-keyboard/keyboard) by extensions ['ignore', 'ignore_ament_install']
[0.095s] Level 1:colcon.colcon_core.package_identification:_identify(src/ros2-keyboard/keyboard) by extension 'ignore'
[0.095s] Level 1:colcon.colcon_core.package_identification:_identify(src/ros2-keyboard/keyboard) by extension 'ignore_ament_install'
[0.096s] Level 1:colcon.colcon_core.package_identification:_identify(src/ros2-keyboard/keyboard) by extensions ['colcon_pkg']
[0.096s] Level 1:colcon.colcon_core.package_identification:_identify(src/ros2-keyboard/keyboard) by extension 'colcon_pkg'
[0.096s] Level 1:colcon.colcon_core.package_identification:_identify(src/ros2-keyboard/keyboard) by extensions ['colcon_meta']
[0.096s] Level 1:colcon.colcon_core.package_identification:_identify(src/ros2-keyboard/keyboard) by extension 'colcon_meta'
[0.096s] Level 1:colcon.colcon_core.package_identification:_identify(src/ros2-keyboard/keyboard) by extensions ['ros']
[0.096s] Level 1:colcon.colcon_core.package_identification:_identify(src/ros2-keyboard/keyboard) by extension 'ros'
[0.096s] DEBUG:colcon.colcon_core.package_identification:Package 'src/ros2-keyboard/keyboard' with type 'ros.ament_cmake' and name 'keyboard'
[0.096s] Level 1:colcon.colcon_core.package_identification:_identify(src/ros2-keyboard/keyboard_msgs) by extensions ['ignore', 'ignore_ament_install']
[0.096s] Level 1:colcon.colcon_core.package_identification:_identify(src/ros2-keyboard/keyboard_msgs) by extension 'ignore'
[0.096s] Level 1:colcon.colcon_core.package_identification:_identify(src/ros2-keyboard/keyboard_msgs) by extension 'ignore_ament_install'
[0.097s] Level 1:colcon.colcon_core.package_identification:_identify(src/ros2-keyboard/keyboard_msgs) by extensions ['colcon_pkg']
[0.097s] Level 1:colcon.colcon_core.package_identification:_identify(src/ros2-keyboard/keyboard_msgs) by extension 'colcon_pkg'
[0.097s] Level 1:colcon.colcon_core.package_identification:_identify(src/ros2-keyboard/keyboard_msgs) by extensions ['colcon_meta']
[0.097s] Level 1:colcon.colcon_core.package_identification:_identify(src/ros2-keyboard/keyboard_msgs) by extension 'colcon_meta'
[0.097s] Level 1:colcon.colcon_core.package_identification:_identify(src/ros2-keyboard/keyboard_msgs) by extensions ['ros']
[0.097s] Level 1:colcon.colcon_core.package_identification:_identify(src/ros2-keyboard/keyboard_msgs) by extension 'ros'
[0.097s] DEBUG:colcon.colcon_core.package_identification:Package 'src/ros2-keyboard/keyboard_msgs' with type 'ros.ament_cmake' and name 'keyboard_msgs'
[0.097s] Level 1:colcon.colcon_core.package_identification:_identify(src/sensor_simulation) by extensions ['ignore', 'ignore_ament_install']
[0.097s] Level 1:colcon.colcon_core.package_identification:_identify(src/sensor_simulation) by extension 'ignore'
[0.097s] Level 1:colcon.colcon_core.package_identification:_identify(src/sensor_simulation) by extension 'ignore_ament_install'
[0.098s] Level 1:colcon.colcon_core.package_identification:_identify(src/sensor_simulation) by extensions ['colcon_pkg']
[0.098s] Level 1:colcon.colcon_core.package_identification:_identify(src/sensor_simulation) by extension 'colcon_pkg'
[0.098s] Level 1:colcon.colcon_core.package_identification:_identify(src/sensor_simulation) by extensions ['colcon_meta']
[0.098s] Level 1:colcon.colcon_core.package_identification:_identify(src/sensor_simulation) by extension 'colcon_meta'
[0.098s] Level 1:colcon.colcon_core.package_identification:_identify(src/sensor_simulation) by extensions ['ros']
[0.098s] Level 1:colcon.colcon_core.package_identification:_identify(src/sensor_simulation) by extension 'ros'
[0.098s] DEBUG:colcon.colcon_core.package_identification:Package 'src/sensor_simulation' with type 'ros.ament_cmake' and name 'sensor_simulation'
[0.098s] Level 1:colcon.colcon_core.package_identification:_identify(src/simple_control) by extensions ['ignore', 'ignore_ament_install']
[0.098s] Level 1:colcon.colcon_core.package_identification:_identify(src/simple_control) by extension 'ignore'
[0.099s] Level 1:colcon.colcon_core.package_identification:_identify(src/simple_control) by extension 'ignore_ament_install'
[0.099s] Level 1:colcon.colcon_core.package_identification:_identify(src/simple_control) by extensions ['colcon_pkg']
[0.099s] Level 1:colcon.colcon_core.package_identification:_identify(src/simple_control) by extension 'colcon_pkg'
[0.099s] Level 1:colcon.colcon_core.package_identification:_identify(src/simple_control) by extensions ['colcon_meta']
[0.099s] Level 1:colcon.colcon_core.package_identification:_identify(src/simple_control) by extension 'colcon_meta'
[0.099s] Level 1:colcon.colcon_core.package_identification:_identify(src/simple_control) by extensions ['ros']
[0.099s] Level 1:colcon.colcon_core.package_identification:_identify(src/simple_control) by extension 'ros'
[0.099s] DEBUG:colcon.colcon_core.package_identification:Package 'src/simple_control' with type 'ros.ament_python' and name 'simple_control'
[0.099s] Level 1:colcon.colcon_core.package_identification:_identify(src/simple_sim) by extensions ['ignore', 'ignore_ament_install']
[0.099s] Level 1:colcon.colcon_core.package_identification:_identify(src/simple_sim) by extension 'ignore'
[0.099s] Level 1:colcon.colcon_core.package_identification:_identify(src/simple_sim) by extension 'ignore_ament_install'
[0.100s] Level 1:colcon.colcon_core.package_identification:_identify(src/simple_sim) by extensions ['colcon_pkg']
[0.100s] Level 1:colcon.colcon_core.package_identification:_identify(src/simple_sim) by extension 'colcon_pkg'
[0.100s] Level 1:colcon.colcon_core.package_identification:_identify(src/simple_sim) by extensions ['colcon_meta']
[0.100s] Level 1:colcon.colcon_core.package_identification:_identify(src/simple_sim) by extension 'colcon_meta'
[0.100s] Level 1:colcon.colcon_core.package_identification:_identify(src/simple_sim) by extensions ['ros']
[0.100s] Level 1:colcon.colcon_core.package_identification:_identify(src/simple_sim) by extension 'ros'
[0.100s] DEBUG:colcon.colcon_core.package_identification:Package 'src/simple_sim' with type 'ros.ament_python' and name 'simple_sim'
[0.100s] Level 1:colcon.colcon_core.package_identification:_identify(src/visualizer) by extensions ['ignore', 'ignore_ament_install']
[0.100s] Level 1:colcon.colcon_core.package_identification:_identify(src/visualizer) by extension 'ignore'
[0.100s] Level 1:colcon.colcon_core.package_identification:_identify(src/visualizer) by extension 'ignore_ament_install'
[0.100s] Level 1:colcon.colcon_core.package_identification:_identify(src/visualizer) by extensions ['colcon_pkg']
[0.100s] Level 1:colcon.colcon_core.package_identification:_identify(src/visualizer) by extension 'colcon_pkg'
[0.101s] Level 1:colcon.colcon_core.package_identification:_identify(src/visualizer) by extensions ['colcon_meta']
[0.101s] Level 1:colcon.colcon_core.package_identification:_identify(src/visualizer) by extension 'colcon_meta'
[0.101s] Level 1:colcon.colcon_core.package_identification:_identify(src/visualizer) by extensions ['ros']
[0.101s] Level 1:colcon.colcon_core.package_identification:_identify(src/visualizer) by extension 'ros'
[0.101s] DEBUG:colcon.colcon_core.package_identification:Package 'src/visualizer' with type 'ros.ament_cmake' and name 'visualizer'
[0.101s] Level 1:colcon.colcon_core.package_discovery:discover_packages(recursive) using defaults
[0.101s] Level 1:colcon.colcon_core.package_discovery:discover_packages(ignore) discover
[0.101s] Level 1:colcon.colcon_core.package_discovery:discover_packages(ignore) using defaults
[0.101s] Level 1:colcon.colcon_core.package_discovery:discover_packages(path) discover
[0.101s] Level 1:colcon.colcon_core.package_discovery:discover_packages(path) using defaults
[0.110s] Level 1:colcon.colcon_core.package_discovery:discover_packages(prefix_path) check parameters
[0.110s] Level 1:colcon.colcon_core.package_discovery:discover_packages(prefix_path) discover
[0.114s] DEBUG:colcon.colcon_installed_package_information.package_discovery:Found 9 installed packages in /root/csci_420_robotics_labs/lab6_ws/install
[0.115s] DEBUG:colcon.colcon_installed_package_information.package_discovery:Found 401 installed packages in /opt/ros/kilted
[0.116s] Level 1:colcon.colcon_core.package_discovery:discover_packages(prefix_path) using defaults
[0.144s] Level 5:colcon.colcon_core.verb:set package 'flightcontroller' build argument 'cmake_args' from command line to 'None'
[0.144s] Level 5:colcon.colcon_core.verb:set package 'flightcontroller' build argument 'cmake_target' from command line to 'None'
[0.144s] Level 5:colcon.colcon_core.verb:set package 'flightcontroller' build argument 'cmake_target_skip_unavailable' from command line to 'False'
[0.144s] Level 5:colcon.colcon_core.verb:set package 'flightcontroller' build argument 'cmake_clean_cache' from command line to 'False'
[0.144s] Level 5:colcon.colcon_core.verb:set package 'flightcontroller' build argument 'cmake_clean_first' from command line to 'False'
[0.144s] Level 5:colcon.colcon_core.verb:set package 'flightcontroller' build argument 'cmake_force_configure' from command line to 'False'
[0.144s] Level 5:colcon.colcon_core.verb:set package 'flightcontroller' build argument 'ament_cmake_args' from command line to 'None'
[0.144s] Level 5:colcon.colcon_core.verb:set package 'flightcontroller' build argument 'catkin_cmake_args' from command line to 'None'
[0.144s] Level 5:colcon.colcon_core.verb:set package 'flightcontroller' build argument 'catkin_skip_building_tests' from command line to 'False'
[0.144s] DEBUG:colcon.colcon_core.verb:Building package 'flightcontroller' with the following arguments: {'ament_cmake_args': None, 'build_base': '/root/csci_420_robotics_labs/lab6_ws/build/flightcontroller', 'catkin_cmake_args': None, 'catkin_skip_building_tests': False, 'cmake_args': None, 'cmake_clean_cache': False, 'cmake_clean_first': False, 'cmake_force_configure': False, 'cmake_target': None, 'cmake_target_skip_unavailable': False, 'install_base': '/root/csci_420_robotics_labs/lab6_ws/install/flightcontroller', 'merge_install': False, 'path': '/root/csci_420_robotics_labs/lab6_ws/src/flightcontroller', 'symlink_install': False, 'test_result_base': None}
[0.144s] Level 5:colcon.colcon_core.verb:set package 'flightgoggles' build argument 'cmake_args' from command line to 'None'
[0.144s] Level 5:colcon.colcon_core.verb:set package 'flightgoggles' build argument 'cmake_target' from command line to 'None'
[0.144s] Level 5:colcon.colcon_core.verb:set package 'flightgoggles' build argument 'cmake_target_skip_unavailable' from command line to 'False'
[0.144s] Level 5:colcon.colcon_core.verb:set package 'flightgoggles' build argument 'cmake_clean_cache' from command line to 'False'
[0.144s] Level 5:colcon.colcon_core.verb:set package 'flightgoggles' build argument 'cmake_clean_first' from command line to 'False'
[0.144s] Level 5:colcon.colcon_core.verb:set package 'flightgoggles' build argument 'cmake_force_configure' from command line to 'False'
[0.144s] Level 5:colcon.colcon_core.verb:set package 'flightgoggles' build argument 'ament_cmake_args' from command line to 'None'
[0.144s] Level 5:colcon.colcon_core.verb:set package 'flightgoggles' build argument 'catkin_cmake_args' from command line to 'None'
[0.145s] Level 5:colcon.colcon_core.verb:set package 'flightgoggles' build argument 'catkin_skip_building_tests' from command line to 'False'
[0.145s] DEBUG:colcon.colcon_core.verb:Building package 'flightgoggles' with the following arguments: {'ament_cmake_args': None, 'build_base': '/root/csci_420_robotics_labs/lab6_ws/build/flightgoggles', 'catkin_cmake_args': None, 'catkin_skip_building_tests': False, 'cmake_args': None, 'cmake_clean_cache': False, 'cmake_clean_first': False, 'cmake_force_configure': False, 'cmake_target': None, 'cmake_target_skip_unavailable': False, 'install_base': '/root/csci_420_robotics_labs/lab6_ws/install/flightgoggles', 'merge_install': False, 'path': '/root/csci_420_robotics_labs/lab6_ws/src/flightgoggles/flightgoggles', 'symlink_install': False, 'test_result_base': None}
[0.145s] Level 5:colcon.colcon_core.verb:set package 'flightgoggles_uav_dynamics' build argument 'cmake_args' from command line to 'None'
[0.145s] Level 5:colcon.colcon_core.verb:set package 'flightgoggles_uav_dynamics' build argument 'cmake_target' from command line to 'None'
[0.145s] Level 5:colcon.colcon_core.verb:set package 'flightgoggles_uav_dynamics' build argument 'cmake_target_skip_unavailable' from command line to 'False'
[0.145s] Level 5:colcon.colcon_core.verb:set package 'flightgoggles_uav_dynamics' build argument 'cmake_clean_cache' from command line to 'False'
[0.145s] Level 5:colcon.colcon_core.verb:set package 'flightgoggles_uav_dynamics' build argument 'cmake_clean_first' from command line to 'False'
[0.145s] Level 5:colcon.colcon_core.verb:set package 'flightgoggles_uav_dynamics' build argument 'cmake_force_configure' from command line to 'False'
[0.145s] Level 5:colcon.colcon_core.verb:set package 'flightgoggles_uav_dynamics' build argument 'ament_cmake_args' from command line to 'None'
[0.145s] Level 5:colcon.colcon_core.verb:set package 'flightgoggles_uav_dynamics' build argument 'catkin_cmake_args' from command line to 'None'
[0.145s] Level 5:colcon.colcon_core.verb:set package 'flightgoggles_uav_dynamics' build argument 'catkin_skip_building_tests' from command line to 'False'
[0.145s] DEBUG:colcon.colcon_core.verb:Building package 'flightgoggles_uav_dynamics' with the following arguments: {'ament_cmake_args': None, 'build_base': '/root/csci_420_robotics_labs/lab6_ws/build/flightgoggles_uav_dynamics', 'catkin_cmake_args': None, 'catkin_skip_building_tests': False, 'cmake_args': None, 'cmake_clean_cache': False, 'cmake_clean_first': False, 'cmake_force_configure': False, 'cmake_target': None, 'cmake_target_skip_unavailable': False, 'install_base': '/root/csci_420_robotics_labs/lab6_ws/install/flightgoggles_uav_dynamics', 'merge_install': False, 'path': '/root/csci_420_robotics_labs/lab6_ws/src/flightgoggles/flightgoggles_uav_dynamics', 'symlink_install': False, 'test_result_base': None}
[0.145s] Level 5:colcon.colcon_core.verb:set package 'keyboard_msgs' build argument 'cmake_args' from command line to 'None'
[0.145s] Level 5:colcon.colcon_core.verb:set package 'keyboard_msgs' build argument 'cmake_target' from command line to 'None'
[0.145s] Level 5:colcon.colcon_core.verb:set package 'keyboard_msgs' build argument 'cmake_target_skip_unavailable' from command line to 'False'
[0.145s] Level 5:colcon.colcon_core.verb:set package 'keyboard_msgs' build argument 'cmake_clean_cache' from command line to 'False'
[0.145s] Level 5:colcon.colcon_core.verb:set package 'keyboard_msgs' build argument 'cmake_clean_first' from command line to 'False'
[0.145s] Level 5:colcon.colcon_core.verb:set package 'keyboard_msgs' build argument 'cmake_force_configure' from command line to 'False'
[0.145s] Level 5:colcon.colcon_core.verb:set package 'keyboard_msgs' build argument 'ament_cmake_args' from command line to 'None'
[0.145s] Level 5:colcon.colcon_core.verb:set package 'keyboard_msgs' build argument 'catkin_cmake_args' from command line to 'None'
[0.145s] Level 5:colcon.colcon_core.verb:set package 'keyboard_msgs' build argument 'catkin_skip_building_tests' from command line to 'False'
[0.146s] DEBUG:colcon.colcon_core.verb:Building package 'keyboard_msgs' with the following arguments: {'ament_cmake_args': None, 'build_base': '/root/csci_420_robotics_labs/lab6_ws/build/keyboard_msgs', 'catkin_cmake_args': None, 'catkin_skip_building_tests': False, 'cmake_args': None, 'cmake_clean_cache': False, 'cmake_clean_first': False, 'cmake_force_configure': False, 'cmake_target': None, 'cmake_target_skip_unavailable': False, 'install_base': '/root/csci_420_robotics_labs/lab6_ws/install/keyboard_msgs', 'merge_install': False, 'path': '/root/csci_420_robotics_labs/lab6_ws/src/ros2-keyboard/keyboard_msgs', 'symlink_install': False, 'test_result_base': None}
[0.146s] Level 5:colcon.colcon_core.verb:set package 'sensor_simulation' build argument 'cmake_args' from command line to 'None'
[0.146s] Level 5:colcon.colcon_core.verb:set package 'sensor_simulation' build argument 'cmake_target' from command line to 'None'
[0.146s] Level 5:colcon.colcon_core.verb:set package 'sensor_simulation' build argument 'cmake_target_skip_unavailable' from command line to 'False'
[0.146s] Level 5:colcon.colcon_core.verb:set package 'sensor_simulation' build argument 'cmake_clean_cache' from command line to 'False'
[0.146s] Level 5:colcon.colcon_core.verb:set package 'sensor_simulation' build argument 'cmake_clean_first' from command line to 'False'
[0.146s] Level 5:colcon.colcon_core.verb:set package 'sensor_simulation' build argument 'cmake_force_configure' from command line to 'False'
[0.146s] Level 5:colcon.colcon_core.verb:set package 'sensor_simulation' build argument 'ament_cmake_args' from command line to 'None'
[0.146s] Level 5:colcon.colcon_core.verb:set package 'sensor_simulation' build argument 'catkin_cmake_args' from command line to 'None'
[0.146s] Level 5:colcon.colcon_core.verb:set package 'sensor_simulation' build argument 'catkin_skip_building_tests' from command line to 'False'
[0.146s] DEBUG:colcon.colcon_core.verb:Building package 'sensor_simulation' with the following arguments: {'ament_cmake_args': None, 'build_base': '/root/csci_420_robotics_labs/lab6_ws/build/sensor_simulation', 'catkin_cmake_args': None, 'catkin_skip_building_tests': False, 'cmake_args': None, 'cmake_clean_cache': False, 'cmake_clean_first': False, 'cmake_force_configure': False, 'cmake_target': None, 'cmake_target_skip_unavailable': False, 'install_base': '/root/csci_420_robotics_labs/lab6_ws/install/sensor_simulation', 'merge_install': False, 'path': '/root/csci_420_robotics_labs/lab6_ws/src/sensor_simulation', 'symlink_install': False, 'test_result_base': None}
[0.146s] Level 5:colcon.colcon_core.verb:set package 'simple_control' build argument 'cmake_args' from command line to 'None'
[0.146s] Level 5:colcon.colcon_core.verb:set package 'simple_control' build argument 'cmake_target' from command line to 'None'
[0.146s] Level 5:colcon.colcon_core.verb:set package 'simple_control' build argument 'cmake_target_skip_unavailable' from command line to 'False'
[0.146s] Level 5:colcon.colcon_core.verb:set package 'simple_control' build argument 'cmake_clean_cache' from command line to 'False'
[0.146s] Level 5:colcon.colcon_core.verb:set package 'simple_control' build argument 'cmake_clean_first' from command line to 'False'
[0.146s] Level 5:colcon.colcon_core.verb:set package 'simple_control' build argument 'cmake_force_configure' from command line to 'False'
[0.146s] Level 5:colcon.colcon_core.verb:set package 'simple_control' build argument 'ament_cmake_args' from command line to 'None'
[0.146s] Level 5:colcon.colcon_core.verb:set package 'simple_control' build argument 'catkin_cmake_args' from command line to 'None'
[0.146s] Level 5:colcon.colcon_core.verb:set package 'simple_control' build argument 'catkin_skip_building_tests' from command line to 'False'
[0.146s] DEBUG:colcon.colcon_core.verb:Building package 'simple_control' with the following arguments: {'ament_cmake_args': None, 'build_base': '/root/csci_420_robotics_labs/lab6_ws/build/simple_control', 'catkin_cmake_args': None, 'catkin_skip_building_tests': False, 'cmake_args': None, 'cmake_clean_cache': False, 'cmake_clean_first': False, 'cmake_force_configure': False, 'cmake_target': None, 'cmake_target_skip_unavailable': False, 'install_base': '/root/csci_420_robotics_labs/lab6_ws/install/simple_control', 'merge_install': False, 'path': '/root/csci_420_robotics_labs/lab6_ws/src/simple_control', 'symlink_install': False, 'test_result_base': None}
[0.147s] Level 5:colcon.colcon_core.verb:set package 'simple_sim' build argument 'cmake_args' from command line to 'None'
[0.147s] Level 5:colcon.colcon_core.verb:set package 'simple_sim' build argument 'cmake_target' from command line to 'None'
[0.147s] Level 5:colcon.colcon_core.verb:set package 'simple_sim' build argument 'cmake_target_skip_unavailable' from command line to 'False'
[0.147s] Level 5:colcon.colcon_core.verb:set package 'simple_sim' build argument 'cmake_clean_cache' from command line to 'False'
[0.147s] Level 5:colcon.colcon_core.verb:set package 'simple_sim' build argument 'cmake_clean_first' from command line to 'False'
[0.147s] Level 5:colcon.colcon_core.verb:set package 'simple_sim' build argument 'cmake_force_configure' from command line to 'False'
[0.147s] Level 5:colcon.colcon_core.verb:set package 'simple_sim' build argument 'ament_cmake_args' from command line to 'None'
[0.147s] Level 5:colcon.colcon_core.verb:set package 'simple_sim' build argument 'catkin_cmake_args' from command line to 'None'
[0.147s] Level 5:colcon.colcon_core.verb:set package 'simple_sim' build argument 'catkin_skip_building_tests' from command line to 'False'
[0.147s] DEBUG:colcon.colcon_core.verb:Building package 'simple_sim' with the following arguments: {'ament_cmake_args': None, 'build_base': '/root/csci_420_robotics_labs/lab6_ws/build/simple_sim', 'catkin_cmake_args': None, 'catkin_skip_building_tests': False, 'cmake_args': None, 'cmake_clean_cache': False, 'cmake_clean_first': False, 'cmake_force_configure': False, 'cmake_target': None, 'cmake_target_skip_unavailable': False, 'install_base': '/root/csci_420_robotics_labs/lab6_ws/install/simple_sim', 'merge_install': False, 'path': '/root/csci_420_robotics_labs/lab6_ws/src/simple_sim', 'symlink_install': False, 'test_result_base': None}
[0.147s] Level 5:colcon.colcon_core.verb:set package 'visualizer' build argument 'cmake_args' from command line to 'None'
[0.147s] Level 5:colcon.colcon_core.verb:set package 'visualizer' build argument 'cmake_target' from command line to 'None'
[0.147s] Level 5:colcon.colcon_core.verb:set package 'visualizer' build argument 'cmake_target_skip_unavailable' from command line to 'False'
[0.147s] Level 5:colcon.colcon_core.verb:set package 'visualizer' build argument 'cmake_clean_cache' from command line to 'False'
[0.147s] Level 5:colcon.colcon_core.verb:set package 'visualizer' build argument 'cmake_clean_first' from command line to 'False'
[0.147s] Level 5:colcon.colcon_core.verb:set package 'visualizer' build argument 'cmake_force_configure' from command line to 'False'
[0.147s] Level 5:colcon.colcon_core.verb:set package 'visualizer' build argument 'ament_cmake_args' from command line to 'None'
[0.147s] Level 5:colcon.colcon_core.verb:set package 'visualizer' build argument 'catkin_cmake_args' from command line to 'None'
[0.147s] Level 5:colcon.colcon_core.verb:set package 'visualizer' build argument 'catkin_skip_building_tests' from command line to 'False'
[0.147s] DEBUG:colcon.colcon_core.verb:Building package 'visualizer' with the following arguments: {'ament_cmake_args': None, 'build_base': '/root/csci_420_robotics_labs/lab6_ws/build/visualizer', 'catkin_cmake_args': None, 'catkin_skip_building_tests': False, 'cmake_args': None, 'cmake_clean_cache': False, 'cmake_clean_first': False, 'cmake_force_configure': False, 'cmake_target': None, 'cmake_target_skip_unavailable': False, 'install_base': '/root/csci_420_robotics_labs/lab6_ws/install/visualizer', 'merge_install': False, 'path': '/root/csci_420_robotics_labs/lab6_ws/src/visualizer', 'symlink_install': False, 'test_result_base': None}
[0.148s] Level 5:colcon.colcon_core.verb:set package 'keyboard' build argument 'cmake_args' from command line to 'None'
[0.148s] Level 5:colcon.colcon_core.verb:set package 'keyboard' build argument 'cmake_target' from command line to 'None'
[0.148s] Level 5:colcon.colcon_core.verb:set package 'keyboard' build argument 'cmake_target_skip_unavailable' from command line to 'False'
[0.148s] Level 5:colcon.colcon_core.verb:set package 'keyboard' build argument 'cmake_clean_cache' from command line to 'False'
[0.148s] Level 5:colcon.colcon_core.verb:set package 'keyboard' build argument 'cmake_clean_first' from command line to 'False'
[0.148s] Level 5:colcon.colcon_core.verb:set package 'keyboard' build argument 'cmake_force_configure' from command line to 'False'
[0.148s] Level 5:colcon.colcon_core.verb:set package 'keyboard' build argument 'ament_cmake_args' from command line to 'None'
[0.148s] Level 5:colcon.colcon_core.verb:set package 'keyboard' build argument 'catkin_cmake_args' from command line to 'None'
[0.148s] Level 5:colcon.colcon_core.verb:set package 'keyboard' build argument 'catkin_skip_building_tests' from command line to 'False'
[0.148s] DEBUG:colcon.colcon_core.verb:Building package 'keyboard' with the following arguments: {'ament_cmake_args': None, 'build_base': '/root/csci_420_robotics_labs/lab6_ws/build/keyboard', 'catkin_cmake_args': None, 'catkin_skip_building_tests': False, 'cmake_args': None, 'cmake_clean_cache': False, 'cmake_clean_first': False, 'cmake_force_configure': False, 'cmake_target': None, 'cmake_target_skip_unavailable': False, 'install_base': '/root/csci_420_robotics_labs/lab6_ws/install/keyboard', 'merge_install': False, 'path': '/root/csci_420_robotics_labs/lab6_ws/src/ros2-keyboard/keyboard', 'symlink_install': False, 'test_result_base': None}
[0.148s] INFO:colcon.colcon_core.executor:Executing jobs using 'parallel' executor
[0.148s] DEBUG:colcon.colcon_parallel_executor.executor.parallel:run_until_complete
[0.149s] INFO:colcon.colcon_ros.task.ament_cmake.build:Building ROS package in '/root/csci_420_robotics_labs/lab6_ws/src/ros2-keyboard/keyboard_msgs' with build type 'ament_cmake'
[0.149s] INFO:colcon.colcon_cmake.task.cmake.build:Building CMake package in '/root/csci_420_robotics_labs/lab6_ws/src/ros2-keyboard/keyboard_msgs'
[0.149s] INFO:colcon.colcon_core.plugin_system:Skipping extension 'colcon_core.shell.bat': Not used on non-Windows systems
[0.150s] INFO:colcon.colcon_core.shell:Skip shell extension 'powershell' for command environment: Not usable outside of PowerShell
[0.150s] DEBUG:colcon.colcon_core.shell:Skip shell extension 'dsv' for command environment
[0.156s] INFO:colcon.colcon_ros.task.ament_cmake.build:Building ROS package in '/root/csci_420_robotics_labs/lab6_ws/src/flightcontroller' with build type 'ament_cmake'
[0.156s] INFO:colcon.colcon_cmake.task.cmake.build:Building CMake package in '/root/csci_420_robotics_labs/lab6_ws/src/flightcontroller'
[0.156s] INFO:colcon.colcon_core.shell:Skip shell extension 'powershell' for command environment: Not usable outside of PowerShell
[0.156s] DEBUG:colcon.colcon_core.shell:Skip shell extension 'dsv' for command environment
[0.161s] INFO:colcon.colcon_ros.task.ament_cmake.build:Building ROS package in '/root/csci_420_robotics_labs/lab6_ws/src/flightgoggles/flightgoggles' with build type 'ament_cmake'
[0.161s] INFO:colcon.colcon_cmake.task.cmake.build:Building CMake package in '/root/csci_420_robotics_labs/lab6_ws/src/flightgoggles/flightgoggles'
[0.161s] INFO:colcon.colcon_core.shell:Skip shell extension 'powershell' for command environment: Not usable outside of PowerShell
[0.161s] DEBUG:colcon.colcon_core.shell:Skip shell extension 'dsv' for command environment
[0.165s] INFO:colcon.colcon_ros.task.ament_cmake.build:Building ROS package in '/root/csci_420_robotics_labs/lab6_ws/src/flightgoggles/flightgoggles_uav_dynamics' with build type 'ament_cmake'
[0.165s] INFO:colcon.colcon_cmake.task.cmake.build:Building CMake package in '/root/csci_420_robotics_labs/lab6_ws/src/flightgoggles/flightgoggles_uav_dynamics'
[0.165s] INFO:colcon.colcon_core.shell:Skip shell extension 'powershell' for command environment: Not usable outside of PowerShell
[0.165s] DEBUG:colcon.colcon_core.shell:Skip shell extension 'dsv' for command environment
[0.169s] INFO:colcon.colcon_ros.task.ament_cmake.build:Building ROS package in '/root/csci_420_robotics_labs/lab6_ws/src/sensor_simulation' with build type 'ament_cmake'
[0.169s] INFO:colcon.colcon_cmake.task.cmake.build:Building CMake package in '/root/csci_420_robotics_labs/lab6_ws/src/sensor_simulation'
[0.169s] INFO:colcon.colcon_core.shell:Skip shell extension 'powershell' for command environment: Not usable outside of PowerShell
[0.169s] DEBUG:colcon.colcon_core.shell:Skip shell extension 'dsv' for command environment
[0.173s] INFO:colcon.colcon_ros.task.ament_python.build:Building ROS package in '/root/csci_420_robotics_labs/lab6_ws/src/simple_control' with build type 'ament_python'
[0.173s] Level 1:colcon.colcon_core.shell:create_environment_hook('simple_control', 'ament_prefix_path')
[0.173s] INFO:colcon.colcon_core.shell:Creating environment hook '/root/csci_420_robotics_labs/lab6_ws/install/simple_control/share/simple_control/hook/ament_prefix_path.ps1'
[0.174s] INFO:colcon.colcon_core.shell:Creating environment descriptor '/root/csci_420_robotics_labs/lab6_ws/install/simple_control/share/simple_control/hook/ament_prefix_path.dsv'
[0.174s] INFO:colcon.colcon_core.shell:Creating environment hook '/root/csci_420_robotics_labs/lab6_ws/install/simple_control/share/simple_control/hook/ament_prefix_path.sh'
[0.175s] INFO:colcon.colcon_core.shell:Skip shell extension 'powershell' for command environment: Not usable outside of PowerShell
[0.175s] DEBUG:colcon.colcon_core.shell:Skip shell extension 'dsv' for command environment
[0.179s] INFO:colcon.colcon_ros.task.ament_python.build:Building ROS package in '/root/csci_420_robotics_labs/lab6_ws/src/simple_sim' with build type 'ament_python'
[0.179s] Level 1:colcon.colcon_core.shell:create_environment_hook('simple_sim', 'ament_prefix_path')
[0.179s] INFO:colcon.colcon_core.shell:Creating environment hook '/root/csci_420_robotics_labs/lab6_ws/install/simple_sim/share/simple_sim/hook/ament_prefix_path.ps1'
[0.180s] INFO:colcon.colcon_core.shell:Creating environment descriptor '/root/csci_420_robotics_labs/lab6_ws/install/simple_sim/share/simple_sim/hook/ament_prefix_path.dsv'
[0.180s] INFO:colcon.colcon_core.shell:Creating environment hook '/root/csci_420_robotics_labs/lab6_ws/install/simple_sim/share/simple_sim/hook/ament_prefix_path.sh'
[0.180s] INFO:colcon.colcon_core.shell:Skip shell extension 'powershell' for command environment: Not usable outside of PowerShell
[0.180s] DEBUG:colcon.colcon_core.shell:Skip shell extension 'dsv' for command environment
[0.184s] INFO:colcon.colcon_ros.task.ament_cmake.build:Building ROS package in '/root/csci_420_robotics_labs/lab6_ws/src/visualizer' with build type 'ament_cmake'
[0.184s] INFO:colcon.colcon_cmake.task.cmake.build:Building CMake package in '/root/csci_420_robotics_labs/lab6_ws/src/visualizer'
[0.184s] INFO:colcon.colcon_core.shell:Skip shell extension 'powershell' for command environment: Not usable outside of PowerShell
[0.184s] DEBUG:colcon.colcon_core.shell:Skip shell extension 'dsv' for command environment
[0.194s] DEBUG:colcon.colcon_core.event_handler.log_command:Invoking command in '/root/csci_420_robotics_labs/lab6_ws/build/keyboard_msgs': CMAKE_PREFIX_PATH=${CMAKE_PREFIX_PATH}:/root/csci_420_robotics_labs/lab6_ws/install/simple_sim:/root/csci_420_robotics_labs/lab6_ws/install/simple_control:/opt/ros/kilted /usr/bin/cmake --build /root/csci_420_robotics_labs/lab6_ws/build/keyboard_msgs -- -j8 -l8
[0.197s] DEBUG:colcon.colcon_core.event_handler.log_command:Invoking command in '/root/csci_420_robotics_labs/lab6_ws/build/flightcontroller': CMAKE_PREFIX_PATH=${CMAKE_PREFIX_PATH}:/root/csci_420_robotics_labs/lab6_ws/install/simple_sim:/root/csci_420_robotics_labs/lab6_ws/install/simple_control:/opt/ros/kilted /usr/bin/cmake --build /root/csci_420_robotics_labs/lab6_ws/build/flightcontroller -- -j8 -l8
[0.200s] DEBUG:colcon.colcon_core.event_handler.log_command:Invoking command in '/root/csci_420_robotics_labs/lab6_ws/build/flightgoggles': CMAKE_PREFIX_PATH=${CMAKE_PREFIX_PATH}:/root/csci_420_robotics_labs/lab6_ws/install/simple_sim:/root/csci_420_robotics_labs/lab6_ws/install/simple_control:/opt/ros/kilted /usr/bin/cmake --build /root/csci_420_robotics_labs/lab6_ws/build/flightgoggles -- -j8 -l8
[0.206s] DEBUG:colcon.colcon_core.event_handler.log_command:Invoking command in '/root/csci_420_robotics_labs/lab6_ws/build/flightgoggles_uav_dynamics': CMAKE_PREFIX_PATH=${CMAKE_PREFIX_PATH}:/root/csci_420_robotics_labs/lab6_ws/install/simple_sim:/root/csci_420_robotics_labs/lab6_ws/install/simple_control:/opt/ros/kilted /usr/bin/cmake --build /root/csci_420_robotics_labs/lab6_ws/build/flightgoggles_uav_dynamics -- -j8 -l8
[0.210s] DEBUG:colcon.colcon_core.event_handler.log_command:Invoking command in '/root/csci_420_robotics_labs/lab6_ws/build/sensor_simulation': CMAKE_PREFIX_PATH=${CMAKE_PREFIX_PATH}:/root/csci_420_robotics_labs/lab6_ws/install/simple_sim:/root/csci_420_robotics_labs/lab6_ws/install/simple_control:/opt/ros/kilted /usr/bin/cmake --build /root/csci_420_robotics_labs/lab6_ws/build/sensor_simulation -- -j8 -l8
[0.393s] INFO:colcon.colcon_core.task.python.build:Building Python package in '/root/csci_420_robotics_labs/lab6_ws/src/simple_control'
[0.393s] INFO:colcon.colcon_core.shell:Skip shell extension 'powershell' for command environment: Not usable outside of PowerShell
[0.393s] DEBUG:colcon.colcon_core.shell:Skip shell extension 'dsv' for command environment
[0.548s] INFO:colcon.colcon_core.task.python.build:Building Python package in '/root/csci_420_robotics_labs/lab6_ws/src/simple_sim'
[0.549s] INFO:colcon.colcon_core.shell:Skip shell extension 'powershell' for command environment: Not usable outside of PowerShell
[0.552s] DEBUG:colcon.colcon_core.shell:Skip shell extension 'dsv' for command environment
[0.572s] DEBUG:colcon.colcon_core.event_handler.log_command:Invoked command in '/root/csci_420_robotics_labs/lab6_ws/build/flightcontroller' returned '0': CMAKE_PREFIX_PATH=${CMAKE_PREFIX_PATH}:/root/csci_420_robotics_labs/lab6_ws/install/simple_sim:/root/csci_420_robotics_labs/lab6_ws/install/simple_control:/opt/ros/kilted /usr/bin/cmake --build /root/csci_420_robotics_labs/lab6_ws/build/flightcontroller -- -j8 -l8
[0.577s] DEBUG:colcon.colcon_core.event_handler.log_command:Invoking command in '/root/csci_420_robotics_labs/lab6_ws/build/flightcontroller': CMAKE_PREFIX_PATH=${CMAKE_PREFIX_PATH}:/root/csci_420_robotics_labs/lab6_ws/install/simple_sim:/root/csci_420_robotics_labs/lab6_ws/install/simple_control:/opt/ros/kilted /usr/bin/cmake --install /root/csci_420_robotics_labs/lab6_ws/build/flightcontroller
[0.579s] DEBUG:colcon.colcon_core.event_handler.log_command:Invoked command in '/root/csci_420_robotics_labs/lab6_ws/build/flightgoggles' returned '0': CMAKE_PREFIX_PATH=${CMAKE_PREFIX_PATH}:/root/csci_420_robotics_labs/lab6_ws/install/simple_sim:/root/csci_420_robotics_labs/lab6_ws/install/simple_control:/opt/ros/kilted /usr/bin/cmake --build /root/csci_420_robotics_labs/lab6_ws/build/flightgoggles -- -j8 -l8
[0.581s] DEBUG:colcon.colcon_core.event_handler.log_command:Invoking command in '/root/csci_420_robotics_labs/lab6_ws/build/flightgoggles': CMAKE_PREFIX_PATH=${CMAKE_PREFIX_PATH}:/root/csci_420_robotics_labs/lab6_ws/install/simple_sim:/root/csci_420_robotics_labs/lab6_ws/install/simple_control:/opt/ros/kilted /usr/bin/cmake --install /root/csci_420_robotics_labs/lab6_ws/build/flightgoggles
[0.582s] DEBUG:colcon.colcon_core.event_handler.log_command:Invoked command in '/root/csci_420_robotics_labs/lab6_ws/build/flightgoggles_uav_dynamics' returned '0': CMAKE_PREFIX_PATH=${CMAKE_PREFIX_PATH}:/root/csci_420_robotics_labs/lab6_ws/install/simple_sim:/root/csci_420_robotics_labs/lab6_ws/install/simple_control:/opt/ros/kilted /usr/bin/cmake --build /root/csci_420_robotics_labs/lab6_ws/build/flightgoggles_uav_dynamics -- -j8 -l8
[0.584s] DEBUG:colcon.colcon_core.event_handler.log_command:Invoking command in '/root/csci_420_robotics_labs/lab6_ws/build/flightgoggles_uav_dynamics': CMAKE_PREFIX_PATH=${CMAKE_PREFIX_PATH}:/root/csci_420_robotics_labs/lab6_ws/install/simple_sim:/root/csci_420_robotics_labs/lab6_ws/install/simple_control:/opt/ros/kilted /usr/bin/cmake --install /root/csci_420_robotics_labs/lab6_ws/build/flightgoggles_uav_dynamics
[0.597s] DEBUG:colcon.colcon_core.event_handler.log_command:Invoking command in '/root/csci_420_robotics_labs/lab6_ws/build/visualizer': CMAKE_PREFIX_PATH=${CMAKE_PREFIX_PATH}:/root/csci_420_robotics_labs/lab6_ws/install/simple_sim:/root/csci_420_robotics_labs/lab6_ws/install/simple_control:/opt/ros/kilted /usr/bin/cmake --build /root/csci_420_robotics_labs/lab6_ws/build/visualizer -- -j8 -l8
[0.617s] Level 1:colcon.colcon_core.environment:create_environment_scripts_only(flightgoggles)
[0.620s] Level 1:colcon.colcon_core.environment:checking '/root/csci_420_robotics_labs/lab6_ws/install/flightgoggles' for CMake module files
[0.626s] Level 1:colcon.colcon_core.environment:checking '/root/csci_420_robotics_labs/lab6_ws/install/flightgoggles' for CMake config files
[0.631s] Level 1:colcon.colcon_core.shell:create_environment_hook('flightgoggles', 'cmake_prefix_path')
[0.631s] INFO:colcon.colcon_core.shell:Creating environment hook '/root/csci_420_robotics_labs/lab6_ws/install/flightgoggles/share/flightgoggles/hook/cmake_prefix_path.ps1'
[0.635s] INFO:colcon.colcon_core.shell:Creating environment descriptor '/root/csci_420_robotics_labs/lab6_ws/install/flightgoggles/share/flightgoggles/hook/cmake_prefix_path.dsv'
[0.636s] INFO:colcon.colcon_core.shell:Creating environment hook '/root/csci_420_robotics_labs/lab6_ws/install/flightgoggles/share/flightgoggles/hook/cmake_prefix_path.sh'
[0.640s] Level 1:colcon.colcon_core.environment:checking '/root/csci_420_robotics_labs/lab6_ws/install/flightgoggles/bin'
[0.641s] Level 1:colcon.colcon_core.environment:checking '/root/csci_420_robotics_labs/lab6_ws/install/flightgoggles/lib/pkgconfig/flightgoggles.pc'
[0.641s] Level 1:colcon.colcon_core.environment:checking '/root/csci_420_robotics_labs/lab6_ws/install/flightgoggles/lib/python3.12/site-packages'
[0.642s] Level 1:colcon.colcon_core.environment:checking '/root/csci_420_robotics_labs/lab6_ws/install/flightgoggles/bin'
[0.642s] INFO:colcon.colcon_core.shell:Creating package script '/root/csci_420_robotics_labs/lab6_ws/install/flightgoggles/share/flightgoggles/package.ps1'
[0.644s] INFO:colcon.colcon_core.shell:Creating package descriptor '/root/csci_420_robotics_labs/lab6_ws/install/flightgoggles/share/flightgoggles/package.dsv'
[0.645s] INFO:colcon.colcon_core.shell:Creating package script '/root/csci_420_robotics_labs/lab6_ws/install/flightgoggles/share/flightgoggles/package.sh'
[0.646s] INFO:colcon.colcon_core.shell:Creating package script '/root/csci_420_robotics_labs/lab6_ws/install/flightgoggles/share/flightgoggles/package.bash'
[0.647s] INFO:colcon.colcon_core.shell:Creating package script '/root/csci_420_robotics_labs/lab6_ws/install/flightgoggles/share/flightgoggles/package.zsh'
[0.649s] Level 1:colcon.colcon_core.environment:create_file_with_runtime_dependencies(/root/csci_420_robotics_labs/lab6_ws/install/flightgoggles/share/colcon-core/packages/flightgoggles)
[0.652s] Level 1:colcon.colcon_core.environment:create_environment_scripts_only(flightgoggles)
[0.652s] Level 1:colcon.colcon_core.environment:checking '/root/csci_420_robotics_labs/lab6_ws/install/flightgoggles' for CMake module files
[0.657s] Level 1:colcon.colcon_core.environment:checking '/root/csci_420_robotics_labs/lab6_ws/install/flightgoggles' for CMake config files
[0.658s] DEBUG:colcon.colcon_core.event_handler.log_command:Invoked command in '/root/csci_420_robotics_labs/lab6_ws/build/sensor_simulation' returned '0': CMAKE_PREFIX_PATH=${CMAKE_PREFIX_PATH}:/root/csci_420_robotics_labs/lab6_ws/install/simple_sim:/root/csci_420_robotics_labs/lab6_ws/install/simple_control:/opt/ros/kilted /usr/bin/cmake --build /root/csci_420_robotics_labs/lab6_ws/build/sensor_simulation -- -j8 -l8
[0.659s] DEBUG:colcon.colcon_core.event_handler.log_command:Invoking command in '/root/csci_420_robotics_labs/lab6_ws/build/sensor_simulation': CMAKE_PREFIX_PATH=${CMAKE_PREFIX_PATH}:/root/csci_420_robotics_labs/lab6_ws/install/simple_sim:/root/csci_420_robotics_labs/lab6_ws/install/simple_control:/opt/ros/kilted /usr/bin/cmake --install /root/csci_420_robotics_labs/lab6_ws/build/sensor_simulation
[0.660s] DEBUG:colcon.colcon_core.event_handler.log_command:Invoked command in '/root/csci_420_robotics_labs/lab6_ws/build/flightgoggles' returned '0': CMAKE_PREFIX_PATH=${CMAKE_PREFIX_PATH}:/root/csci_420_robotics_labs/lab6_ws/install/simple_sim:/root/csci_420_robotics_labs/lab6_ws/install/simple_control:/opt/ros/kilted /usr/bin/cmake --install /root/csci_420_robotics_labs/lab6_ws/build/flightgoggles
[0.662s] Level 1:colcon.colcon_core.shell:create_environment_hook('flightgoggles', 'cmake_prefix_path')
[0.662s] INFO:colcon.colcon_core.shell:Creating environment hook '/root/csci_420_robotics_labs/lab6_ws/install/flightgoggles/share/flightgoggles/hook/cmake_prefix_path.ps1'
[0.663s] INFO:colcon.colcon_core.shell:Creating environment descriptor '/root/csci_420_robotics_labs/lab6_ws/install/flightgoggles/share/flightgoggles/hook/cmake_prefix_path.dsv'
[0.664s] INFO:colcon.colcon_core.shell:Creating environment hook '/root/csci_420_robotics_labs/lab6_ws/install/flightgoggles/share/flightgoggles/hook/cmake_prefix_path.sh'
[0.665s] Level 1:colcon.colcon_core.environment:checking '/root/csci_420_robotics_labs/lab6_ws/install/flightgoggles/bin'
[0.665s] Level 1:colcon.colcon_core.environment:checking '/root/csci_420_robotics_labs/lab6_ws/install/flightgoggles/lib/pkgconfig/flightgoggles.pc'
[0.666s] Level 1:colcon.colcon_core.environment:checking '/root/csci_420_robotics_labs/lab6_ws/install/flightgoggles/lib/python3.12/site-packages'
[0.666s] Level 1:colcon.colcon_core.environment:checking '/root/csci_420_robotics_labs/lab6_ws/install/flightgoggles/bin'
[0.666s] INFO:colcon.colcon_core.shell:Creating package script '/root/csci_420_robotics_labs/lab6_ws/install/flightgoggles/share/flightgoggles/package.ps1'
[0.667s] INFO:colcon.colcon_core.shell:Creating package descriptor '/root/csci_420_robotics_labs/lab6_ws/install/flightgoggles/share/flightgoggles/package.dsv'
[0.668s] INFO:colcon.colcon_core.shell:Creating package script '/root/csci_420_robotics_labs/lab6_ws/install/flightgoggles/share/flightgoggles/package.sh'
[0.669s] INFO:colcon.colcon_core.shell:Creating package script '/root/csci_420_robotics_labs/lab6_ws/install/flightgoggles/share/flightgoggles/package.bash'
[0.670s] INFO:colcon.colcon_core.shell:Creating package script '/root/csci_420_robotics_labs/lab6_ws/install/flightgoggles/share/flightgoggles/package.zsh'
[0.671s] Level 1:colcon.colcon_core.environment:create_file_with_runtime_dependencies(/root/csci_420_robotics_labs/lab6_ws/install/flightgoggles/share/colcon-core/packages/flightgoggles)
[0.672s] Level 1:colcon.colcon_core.environment:create_environment_scripts_only(flightgoggles_uav_dynamics)
[0.672s] Level 1:colcon.colcon_core.environment:checking '/root/csci_420_robotics_labs/lab6_ws/install/flightgoggles_uav_dynamics' for CMake module files
[0.675s] DEBUG:colcon.colcon_core.event_handler.log_command:Invoked command in '/root/csci_420_robotics_labs/lab6_ws/build/flightgoggles_uav_dynamics' returned '0': CMAKE_PREFIX_PATH=${CMAKE_PREFIX_PATH}:/root/csci_420_robotics_labs/lab6_ws/install/simple_sim:/root/csci_420_robotics_labs/lab6_ws/install/simple_control:/opt/ros/kilted /usr/bin/cmake --install /root/csci_420_robotics_labs/lab6_ws/build/flightgoggles_uav_dynamics
[0.681s] Level 1:colcon.colcon_core.environment:checking '/root/csci_420_robotics_labs/lab6_ws/install/flightgoggles_uav_dynamics' for CMake config files
[0.683s] Level 1:colcon.colcon_core.shell:create_environment_hook('flightgoggles_uav_dynamics', 'cmake_prefix_path')
[0.684s] INFO:colcon.colcon_core.shell:Creating environment hook '/root/csci_420_robotics_labs/lab6_ws/install/flightgoggles_uav_dynamics/share/flightgoggles_uav_dynamics/hook/cmake_prefix_path.ps1'
[0.687s] INFO:colcon.colcon_core.shell:Creating environment descriptor '/root/csci_420_robotics_labs/lab6_ws/install/flightgoggles_uav_dynamics/share/flightgoggles_uav_dynamics/hook/cmake_prefix_path.dsv'
[0.688s] INFO:colcon.colcon_core.shell:Creating environment hook '/root/csci_420_robotics_labs/lab6_ws/install/flightgoggles_uav_dynamics/share/flightgoggles_uav_dynamics/hook/cmake_prefix_path.sh'
[0.689s] Level 1:colcon.colcon_core.environment:checking '/root/csci_420_robotics_labs/lab6_ws/install/flightgoggles_uav_dynamics/lib'
[0.690s] Level 1:colcon.colcon_core.environment:checking '/root/csci_420_robotics_labs/lab6_ws/install/flightgoggles_uav_dynamics/bin'
[0.690s] Level 1:colcon.colcon_core.environment:checking '/root/csci_420_robotics_labs/lab6_ws/install/flightgoggles_uav_dynamics/lib/pkgconfig/flightgoggles_uav_dynamics.pc'
[0.690s] Level 1:colcon.colcon_core.environment:checking '/root/csci_420_robotics_labs/lab6_ws/install/flightgoggles_uav_dynamics/lib/python3.12/site-packages'
[0.691s] Level 1:colcon.colcon_core.environment:checking '/root/csci_420_robotics_labs/lab6_ws/install/flightgoggles_uav_dynamics/bin'
[0.691s] INFO:colcon.colcon_core.shell:Creating package script '/root/csci_420_robotics_labs/lab6_ws/install/flightgoggles_uav_dynamics/share/flightgoggles_uav_dynamics/package.ps1'
[0.692s] INFO:colcon.colcon_core.shell:Creating package descriptor '/root/csci_420_robotics_labs/lab6_ws/install/flightgoggles_uav_dynamics/share/flightgoggles_uav_dynamics/package.dsv'
[0.693s] INFO:colcon.colcon_core.shell:Creating package script '/root/csci_420_robotics_labs/lab6_ws/install/flightgoggles_uav_dynamics/share/flightgoggles_uav_dynamics/package.sh'
[0.695s] INFO:colcon.colcon_core.shell:Creating package script '/root/csci_420_robotics_labs/lab6_ws/install/flightgoggles_uav_dynamics/share/flightgoggles_uav_dynamics/package.bash'
[0.696s] INFO:colcon.colcon_core.shell:Creating package script '/root/csci_420_robotics_labs/lab6_ws/install/flightgoggles_uav_dynamics/share/flightgoggles_uav_dynamics/package.zsh'
[0.697s] Level 1:colcon.colcon_core.environment:create_file_with_runtime_dependencies(/root/csci_420_robotics_labs/lab6_ws/install/flightgoggles_uav_dynamics/share/colcon-core/packages/flightgoggles_uav_dynamics)
[0.699s] Level 1:colcon.colcon_core.environment:create_environment_scripts_only(flightgoggles_uav_dynamics)
[0.700s] Level 1:colcon.colcon_core.environment:checking '/root/csci_420_robotics_labs/lab6_ws/install/flightgoggles_uav_dynamics' for CMake module files
[0.708s] Level 1:colcon.colcon_core.environment:checking '/root/csci_420_robotics_labs/lab6_ws/install/flightgoggles_uav_dynamics' for CMake config files
[0.710s] Level 1:colcon.colcon_core.shell:create_environment_hook('flightgoggles_uav_dynamics', 'cmake_prefix_path')
[0.710s] INFO:colcon.colcon_core.shell:Creating environment hook '/root/csci_420_robotics_labs/lab6_ws/install/flightgoggles_uav_dynamics/share/flightgoggles_uav_dynamics/hook/cmake_prefix_path.ps1'
[0.712s] INFO:colcon.colcon_core.shell:Creating environment descriptor '/root/csci_420_robotics_labs/lab6_ws/install/flightgoggles_uav_dynamics/share/flightgoggles_uav_dynamics/hook/cmake_prefix_path.dsv'
[0.714s] INFO:colcon.colcon_core.shell:Creating environment hook '/root/csci_420_robotics_labs/lab6_ws/install/flightgoggles_uav_dynamics/share/flightgoggles_uav_dynamics/hook/cmake_prefix_path.sh'
[0.715s] Level 1:colcon.colcon_core.environment:checking '/root/csci_420_robotics_labs/lab6_ws/install/flightgoggles_uav_dynamics/lib'
[0.715s] Level 1:colcon.colcon_core.environment:checking '/root/csci_420_robotics_labs/lab6_ws/install/flightgoggles_uav_dynamics/bin'
[0.715s] Level 1:colcon.colcon_core.environment:checking '/root/csci_420_robotics_labs/lab6_ws/install/flightgoggles_uav_dynamics/lib/pkgconfig/flightgoggles_uav_dynamics.pc'
[0.715s] Level 1:colcon.colcon_core.environment:checking '/root/csci_420_robotics_labs/lab6_ws/install/flightgoggles_uav_dynamics/lib/python3.12/site-packages'
[0.716s] Level 1:colcon.colcon_core.environment:checking '/root/csci_420_robotics_labs/lab6_ws/install/flightgoggles_uav_dynamics/bin'
[0.717s] INFO:colcon.colcon_core.shell:Creating package script '/root/csci_420_robotics_labs/lab6_ws/install/flightgoggles_uav_dynamics/share/flightgoggles_uav_dynamics/package.ps1'
[0.720s] INFO:colcon.colcon_core.shell:Creating package descriptor '/root/csci_420_robotics_labs/lab6_ws/install/flightgoggles_uav_dynamics/share/flightgoggles_uav_dynamics/package.dsv'
[0.720s] INFO:colcon.colcon_core.shell:Creating package script '/root/csci_420_robotics_labs/lab6_ws/install/flightgoggles_uav_dynamics/share/flightgoggles_uav_dynamics/package.sh'
[0.720s] INFO:colcon.colcon_core.shell:Creating package script '/root/csci_420_robotics_labs/lab6_ws/install/flightgoggles_uav_dynamics/share/flightgoggles_uav_dynamics/package.bash'
[0.721s] INFO:colcon.colcon_core.shell:Creating package script '/root/csci_420_robotics_labs/lab6_ws/install/flightgoggles_uav_dynamics/share/flightgoggles_uav_dynamics/package.zsh'
[0.725s] Level 1:colcon.colcon_core.environment:create_file_with_runtime_dependencies(/root/csci_420_robotics_labs/lab6_ws/install/flightgoggles_uav_dynamics/share/colcon-core/packages/flightgoggles_uav_dynamics)
[0.726s] Level 1:colcon.colcon_core.environment:create_environment_scripts_only(flightcontroller)
[0.728s] Level 1:colcon.colcon_core.environment:checking '/root/csci_420_robotics_labs/lab6_ws/install/flightcontroller' for CMake module files
[0.730s] DEBUG:colcon.colcon_core.event_handler.log_command:Invoked command in '/root/csci_420_robotics_labs/lab6_ws/build/flightcontroller' returned '0': CMAKE_PREFIX_PATH=${CMAKE_PREFIX_PATH}:/root/csci_420_robotics_labs/lab6_ws/install/simple_sim:/root/csci_420_robotics_labs/lab6_ws/install/simple_control:/opt/ros/kilted /usr/bin/cmake --install /root/csci_420_robotics_labs/lab6_ws/build/flightcontroller
[0.732s] Level 1:colcon.colcon_core.environment:checking '/root/csci_420_robotics_labs/lab6_ws/install/flightcontroller' for CMake config files
[0.736s] Level 1:colcon.colcon_core.shell:create_environment_hook('flightcontroller', 'cmake_prefix_path')
[0.736s] INFO:colcon.colcon_core.shell:Creating environment hook '/root/csci_420_robotics_labs/lab6_ws/install/flightcontroller/share/flightcontroller/hook/cmake_prefix_path.ps1'
[0.736s] INFO:colcon.colcon_core.shell:Creating environment descriptor '/root/csci_420_robotics_labs/lab6_ws/install/flightcontroller/share/flightcontroller/hook/cmake_prefix_path.dsv'
[0.739s] INFO:colcon.colcon_core.shell:Creating environment hook '/root/csci_420_robotics_labs/lab6_ws/install/flightcontroller/share/flightcontroller/hook/cmake_prefix_path.sh'
[0.740s] Level 1:colcon.colcon_core.environment:checking '/root/csci_420_robotics_labs/lab6_ws/install/flightcontroller/lib'
[0.744s] Level 1:colcon.colcon_core.environment:checking '/root/csci_420_robotics_labs/lab6_ws/install/flightcontroller/bin'
[0.744s] Level 1:colcon.colcon_core.environment:checking '/root/csci_420_robotics_labs/lab6_ws/install/flightcontroller/lib/pkgconfig/flightcontroller.pc'
[0.745s] Level 1:colcon.colcon_core.environment:checking '/root/csci_420_robotics_labs/lab6_ws/install/flightcontroller/lib/python3.12/site-packages'
[0.747s] Level 1:colcon.colcon_core.environment:checking '/root/csci_420_robotics_labs/lab6_ws/install/flightcontroller/bin'
[0.748s] INFO:colcon.colcon_core.shell:Creating package script '/root/csci_420_robotics_labs/lab6_ws/install/flightcontroller/share/flightcontroller/package.ps1'
[0.748s] INFO:colcon.colcon_core.shell:Creating package descriptor '/root/csci_420_robotics_labs/lab6_ws/install/flightcontroller/share/flightcontroller/package.dsv'
[0.749s] INFO:colcon.colcon_core.shell:Creating package script '/root/csci_420_robotics_labs/lab6_ws/install/flightcontroller/share/flightcontroller/package.sh'
[0.753s] INFO:colcon.colcon_core.shell:Creating package script '/root/csci_420_robotics_labs/lab6_ws/install/flightcontroller/share/flightcontroller/package.bash'
[0.753s] INFO:colcon.colcon_core.shell:Creating package script '/root/csci_420_robotics_labs/lab6_ws/install/flightcontroller/share/flightcontroller/package.zsh'
[0.754s] Level 1:colcon.colcon_core.environment:create_file_with_runtime_dependencies(/root/csci_420_robotics_labs/lab6_ws/install/flightcontroller/share/colcon-core/packages/flightcontroller)
[0.754s] Level 1:colcon.colcon_core.environment:create_environment_scripts_only(flightcontroller)
[0.754s] Level 1:colcon.colcon_core.environment:checking '/root/csci_420_robotics_labs/lab6_ws/install/flightcontroller' for CMake module files
[0.758s] Level 1:colcon.colcon_core.environment:checking '/root/csci_420_robotics_labs/lab6_ws/install/flightcontroller' for CMake config files
[0.760s] Level 1:colcon.colcon_core.shell:create_environment_hook('flightcontroller', 'cmake_prefix_path')
[0.760s] INFO:colcon.colcon_core.shell:Creating environment hook '/root/csci_420_robotics_labs/lab6_ws/install/flightcontroller/share/flightcontroller/hook/cmake_prefix_path.ps1'
[0.762s] INFO:colcon.colcon_core.shell:Creating environment descriptor '/root/csci_420_robotics_labs/lab6_ws/install/flightcontroller/share/flightcontroller/hook/cmake_prefix_path.dsv'
[0.765s] INFO:colcon.colcon_core.shell:Creating environment hook '/root/csci_420_robotics_labs/lab6_ws/install/flightcontroller/share/flightcontroller/hook/cmake_prefix_path.sh'
[0.766s] Level 1:colcon.colcon_core.environment:checking '/root/csci_420_robotics_labs/lab6_ws/install/flightcontroller/lib'
[0.766s] Level 1:colcon.colcon_core.environment:checking '/root/csci_420_robotics_labs/lab6_ws/install/flightcontroller/bin'
[0.766s] Level 1:colcon.colcon_core.environment:checking '/root/csci_420_robotics_labs/lab6_ws/install/flightcontroller/lib/pkgconfig/flightcontroller.pc'
[0.766s] Level 1:colcon.colcon_core.environment:checking '/root/csci_420_robotics_labs/lab6_ws/install/flightcontroller/lib/python3.12/site-packages'
[0.767s] Level 1:colcon.colcon_core.environment:checking '/root/csci_420_robotics_labs/lab6_ws/install/flightcontroller/bin'
[0.767s] INFO:colcon.colcon_core.shell:Creating package script '/root/csci_420_robotics_labs/lab6_ws/install/flightcontroller/share/flightcontroller/package.ps1'
[0.770s] INFO:colcon.colcon_core.shell:Creating package descriptor '/root/csci_420_robotics_labs/lab6_ws/install/flightcontroller/share/flightcontroller/package.dsv'
[0.770s] INFO:colcon.colcon_core.shell:Creating package script '/root/csci_420_robotics_labs/lab6_ws/install/flightcontroller/share/flightcontroller/package.sh'
[0.770s] INFO:colcon.colcon_core.shell:Creating package script '/root/csci_420_robotics_labs/lab6_ws/install/flightcontroller/share/flightcontroller/package.bash'
[0.771s] INFO:colcon.colcon_core.shell:Creating package script '/root/csci_420_robotics_labs/lab6_ws/install/flightcontroller/share/flightcontroller/package.zsh'
[0.772s] Level 1:colcon.colcon_core.environment:create_file_with_runtime_dependencies(/root/csci_420_robotics_labs/lab6_ws/install/flightcontroller/share/colcon-core/packages/flightcontroller)
[0.773s] Level 1:colcon.colcon_core.environment:create_environment_scripts_only(sensor_simulation)
[0.773s] Level 1:colcon.colcon_core.environment:checking '/root/csci_420_robotics_labs/lab6_ws/install/sensor_simulation' for CMake module files
[0.776s] DEBUG:colcon.colcon_core.event_handler.log_command:Invoked command in '/root/csci_420_robotics_labs/lab6_ws/build/sensor_simulation' returned '0': CMAKE_PREFIX_PATH=${CMAKE_PREFIX_PATH}:/root/csci_420_robotics_labs/lab6_ws/install/simple_sim:/root/csci_420_robotics_labs/lab6_ws/install/simple_control:/opt/ros/kilted /usr/bin/cmake --install /root/csci_420_robotics_labs/lab6_ws/build/sensor_simulation
[0.778s] Level 1:colcon.colcon_core.environment:checking '/root/csci_420_robotics_labs/lab6_ws/install/sensor_simulation' for CMake config files
[0.781s] Level 1:colcon.colcon_core.shell:create_environment_hook('sensor_simulation', 'cmake_prefix_path')
[0.781s] INFO:colcon.colcon_core.shell:Creating environment hook '/root/csci_420_robotics_labs/lab6_ws/install/sensor_simulation/share/sensor_simulation/hook/cmake_prefix_path.ps1'
[0.784s] INFO:colcon.colcon_core.shell:Creating environment descriptor '/root/csci_420_robotics_labs/lab6_ws/install/sensor_simulation/share/sensor_simulation/hook/cmake_prefix_path.dsv'
[0.785s] INFO:colcon.colcon_core.shell:Creating environment hook '/root/csci_420_robotics_labs/lab6_ws/install/sensor_simulation/share/sensor_simulation/hook/cmake_prefix_path.sh'
[0.785s] Level 1:colcon.colcon_core.environment:checking '/root/csci_420_robotics_labs/lab6_ws/install/sensor_simulation/lib'
[0.786s] Level 1:colcon.colcon_core.environment:checking '/root/csci_420_robotics_labs/lab6_ws/install/sensor_simulation/bin'
[0.786s] Level 1:colcon.colcon_core.environment:checking '/root/csci_420_robotics_labs/lab6_ws/install/sensor_simulation/lib/pkgconfig/sensor_simulation.pc'
[0.786s] Level 1:colcon.colcon_core.environment:checking '/root/csci_420_robotics_labs/lab6_ws/install/sensor_simulation/lib/python3.12/site-packages'
[0.786s] Level 1:colcon.colcon_core.shell:create_environment_hook('sensor_simulation', 'pythonpath')
[0.786s] INFO:colcon.colcon_core.shell:Creating environment hook '/root/csci_420_robotics_labs/lab6_ws/install/sensor_simulation/share/sensor_simulation/hook/pythonpath.ps1'
[0.787s] INFO:colcon.colcon_core.shell:Creating environment descriptor '/root/csci_420_robotics_labs/lab6_ws/install/sensor_simulation/share/sensor_simulation/hook/pythonpath.dsv'
[0.788s] INFO:colcon.colcon_core.shell:Creating environment hook '/root/csci_420_robotics_labs/lab6_ws/install/sensor_simulation/share/sensor_simulation/hook/pythonpath.sh'
[0.788s] Level 1:colcon.colcon_core.environment:checking '/root/csci_420_robotics_labs/lab6_ws/install/sensor_simulation/bin'
[0.788s] INFO:colcon.colcon_core.shell:Creating package script '/root/csci_420_robotics_labs/lab6_ws/install/sensor_simulation/share/sensor_simulation/package.ps1'
[0.789s] INFO:colcon.colcon_core.shell:Creating package descriptor '/root/csci_420_robotics_labs/lab6_ws/install/sensor_simulation/share/sensor_simulation/package.dsv'
[0.790s] INFO:colcon.colcon_core.shell:Creating package script '/root/csci_420_robotics_labs/lab6_ws/install/sensor_simulation/share/sensor_simulation/package.sh'
[0.791s] INFO:colcon.colcon_core.shell:Creating package script '/root/csci_420_robotics_labs/lab6_ws/install/sensor_simulation/share/sensor_simulation/package.bash'
[0.791s] INFO:colcon.colcon_core.shell:Creating package script '/root/csci_420_robotics_labs/lab6_ws/install/sensor_simulation/share/sensor_simulation/package.zsh'
[0.791s] Level 1:colcon.colcon_core.environment:create_file_with_runtime_dependencies(/root/csci_420_robotics_labs/lab6_ws/install/sensor_simulation/share/colcon-core/packages/sensor_simulation)
[0.796s] Level 1:colcon.colcon_core.environment:create_environment_scripts_only(sensor_simulation)
[0.796s] Level 1:colcon.colcon_core.environment:checking '/root/csci_420_robotics_labs/lab6_ws/install/sensor_simulation' for CMake module files
[0.798s] Level 1:colcon.colcon_core.environment:checking '/root/csci_420_robotics_labs/lab6_ws/install/sensor_simulation' for CMake config files
[0.804s] Level 1:colcon.colcon_core.shell:create_environment_hook('sensor_simulation', 'cmake_prefix_path')
[0.805s] INFO:colcon.colcon_core.shell:Creating environment hook '/root/csci_420_robotics_labs/lab6_ws/install/sensor_simulation/share/sensor_simulation/hook/cmake_prefix_path.ps1'
[0.806s] INFO:colcon.colcon_core.shell:Creating environment descriptor '/root/csci_420_robotics_labs/lab6_ws/install/sensor_simulation/share/sensor_simulation/hook/cmake_prefix_path.dsv'
[0.811s] INFO:colcon.colcon_core.shell:Creating environment hook '/root/csci_420_robotics_labs/lab6_ws/install/sensor_simulation/share/sensor_simulation/hook/cmake_prefix_path.sh'
[0.814s] Level 1:colcon.colcon_core.environment:checking '/root/csci_420_robotics_labs/lab6_ws/install/sensor_simulation/lib'
[0.814s] Level 1:colcon.colcon_core.environment:checking '/root/csci_420_robotics_labs/lab6_ws/install/sensor_simulation/bin'
[0.814s] Level 1:colcon.colcon_core.environment:checking '/root/csci_420_robotics_labs/lab6_ws/install/sensor_simulation/lib/pkgconfig/sensor_simulation.pc'
[0.814s] Level 1:colcon.colcon_core.environment:checking '/root/csci_420_robotics_labs/lab6_ws/install/sensor_simulation/lib/python3.12/site-packages'
[0.814s] Level 1:colcon.colcon_core.shell:create_environment_hook('sensor_simulation', 'pythonpath')
[0.815s] INFO:colcon.colcon_core.shell:Creating environment hook '/root/csci_420_robotics_labs/lab6_ws/install/sensor_simulation/share/sensor_simulation/hook/pythonpath.ps1'
[0.816s] INFO:colcon.colcon_core.shell:Creating environment descriptor '/root/csci_420_robotics_labs/lab6_ws/install/sensor_simulation/share/sensor_simulation/hook/pythonpath.dsv'
[0.817s] INFO:colcon.colcon_core.shell:Creating environment hook '/root/csci_420_robotics_labs/lab6_ws/install/sensor_simulation/share/sensor_simulation/hook/pythonpath.sh'
[0.820s] Level 1:colcon.colcon_core.environment:checking '/root/csci_420_robotics_labs/lab6_ws/install/sensor_simulation/bin'
[0.821s] INFO:colcon.colcon_core.shell:Creating package script '/root/csci_420_robotics_labs/lab6_ws/install/sensor_simulation/share/sensor_simulation/package.ps1'
[0.826s] INFO:colcon.colcon_core.shell:Creating package descriptor '/root/csci_420_robotics_labs/lab6_ws/install/sensor_simulation/share/sensor_simulation/package.dsv'
[0.826s] INFO:colcon.colcon_core.shell:Creating package script '/root/csci_420_robotics_labs/lab6_ws/install/sensor_simulation/share/sensor_simulation/package.sh'
[0.826s] INFO:colcon.colcon_core.shell:Creating package script '/root/csci_420_robotics_labs/lab6_ws/install/sensor_simulation/share/sensor_simulation/package.bash'
[0.827s] INFO:colcon.colcon_core.shell:Creating package script '/root/csci_420_robotics_labs/lab6_ws/install/sensor_simulation/share/sensor_simulation/package.zsh'
[0.829s] Level 1:colcon.colcon_core.environment:create_file_with_runtime_dependencies(/root/csci_420_robotics_labs/lab6_ws/install/sensor_simulation/share/colcon-core/packages/sensor_simulation)
[0.835s] DEBUG:colcon.colcon_core.event_handler.log_command:Invoked command in '/root/csci_420_robotics_labs/lab6_ws/build/keyboard_msgs' returned '0': CMAKE_PREFIX_PATH=${CMAKE_PREFIX_PATH}:/root/csci_420_robotics_labs/lab6_ws/install/simple_sim:/root/csci_420_robotics_labs/lab6_ws/install/simple_control:/opt/ros/kilted /usr/bin/cmake --build /root/csci_420_robotics_labs/lab6_ws/build/keyboard_msgs -- -j8 -l8
[0.836s] DEBUG:colcon.colcon_core.event_handler.log_command:Invoking command in '/root/csci_420_robotics_labs/lab6_ws/build/keyboard_msgs': CMAKE_PREFIX_PATH=${CMAKE_PREFIX_PATH}:/root/csci_420_robotics_labs/lab6_ws/install/simple_sim:/root/csci_420_robotics_labs/lab6_ws/install/simple_control:/opt/ros/kilted /usr/bin/cmake --install /root/csci_420_robotics_labs/lab6_ws/build/keyboard_msgs
[0.922s] DEBUG:colcon.colcon_core.event_handler.log_command:Invoked command in '/root/csci_420_robotics_labs/lab6_ws/build/visualizer' returned '0': CMAKE_PREFIX_PATH=${CMAKE_PREFIX_PATH}:/root/csci_420_robotics_labs/lab6_ws/install/simple_sim:/root/csci_420_robotics_labs/lab6_ws/install/simple_control:/opt/ros/kilted /usr/bin/cmake --build /root/csci_420_robotics_labs/lab6_ws/build/visualizer -- -j8 -l8
[0.924s] DEBUG:colcon.colcon_core.event_handler.log_command:Invoking command in '/root/csci_420_robotics_labs/lab6_ws/build/visualizer': CMAKE_PREFIX_PATH=${CMAKE_PREFIX_PATH}:/root/csci_420_robotics_labs/lab6_ws/install/simple_sim:/root/csci_420_robotics_labs/lab6_ws/install/simple_control:/opt/ros/kilted /usr/bin/cmake --install /root/csci_420_robotics_labs/lab6_ws/build/visualizer
[0.972s] Level 1:colcon.colcon_core.environment:create_environment_scripts_only(keyboard_msgs)
[0.973s] Level 1:colcon.colcon_core.environment:checking '/root/csci_420_robotics_labs/lab6_ws/install/keyboard_msgs' for CMake module files
[0.973s] DEBUG:colcon.colcon_core.event_handler.log_command:Invoked command in '/root/csci_420_robotics_labs/lab6_ws/build/keyboard_msgs' returned '0': CMAKE_PREFIX_PATH=${CMAKE_PREFIX_PATH}:/root/csci_420_robotics_labs/lab6_ws/install/simple_sim:/root/csci_420_robotics_labs/lab6_ws/install/simple_control:/opt/ros/kilted /usr/bin/cmake --install /root/csci_420_robotics_labs/lab6_ws/build/keyboard_msgs
[0.976s] Level 1:colcon.colcon_core.environment:checking '/root/csci_420_robotics_labs/lab6_ws/install/keyboard_msgs' for CMake config files
[0.986s] Level 1:colcon.colcon_core.shell:create_environment_hook('keyboard_msgs', 'cmake_prefix_path')
[0.987s] INFO:colcon.colcon_core.shell:Creating environment hook '/root/csci_420_robotics_labs/lab6_ws/install/keyboard_msgs/share/keyboard_msgs/hook/cmake_prefix_path.ps1'
[0.989s] INFO:colcon.colcon_core.shell:Creating environment descriptor '/root/csci_420_robotics_labs/lab6_ws/install/keyboard_msgs/share/keyboard_msgs/hook/cmake_prefix_path.dsv'
[0.989s] INFO:colcon.colcon_core.shell:Creating environment hook '/root/csci_420_robotics_labs/lab6_ws/install/keyboard_msgs/share/keyboard_msgs/hook/cmake_prefix_path.sh'
[0.990s] Level 1:colcon.colcon_core.environment:checking '/root/csci_420_robotics_labs/lab6_ws/install/keyboard_msgs/lib'
[0.993s] Level 1:colcon.colcon_core.shell:create_environment_hook('keyboard_msgs', 'ld_library_path_lib')
[0.993s] INFO:colcon.colcon_core.shell:Creating environment hook '/root/csci_420_robotics_labs/lab6_ws/install/keyboard_msgs/share/keyboard_msgs/hook/ld_library_path_lib.ps1'
[0.993s] INFO:colcon.colcon_core.shell:Creating environment descriptor '/root/csci_420_robotics_labs/lab6_ws/install/keyboard_msgs/share/keyboard_msgs/hook/ld_library_path_lib.dsv'
[0.993s] INFO:colcon.colcon_core.shell:Creating environment hook '/root/csci_420_robotics_labs/lab6_ws/install/keyboard_msgs/share/keyboard_msgs/hook/ld_library_path_lib.sh'
[0.994s] Level 1:colcon.colcon_core.environment:checking '/root/csci_420_robotics_labs/lab6_ws/install/keyboard_msgs/bin'
[0.994s] Level 1:colcon.colcon_core.environment:checking '/root/csci_420_robotics_labs/lab6_ws/install/keyboard_msgs/lib/pkgconfig/keyboard_msgs.pc'
[0.994s] Level 1:colcon.colcon_core.environment:checking '/root/csci_420_robotics_labs/lab6_ws/install/keyboard_msgs/lib/python3.12/site-packages'
[0.994s] Level 1:colcon.colcon_core.shell:create_environment_hook('keyboard_msgs', 'pythonpath')
[0.994s] INFO:colcon.colcon_core.shell:Creating environment hook '/root/csci_420_robotics_labs/lab6_ws/install/keyboard_msgs/share/keyboard_msgs/hook/pythonpath.ps1'
[0.995s] INFO:colcon.colcon_core.shell:Creating environment descriptor '/root/csci_420_robotics_labs/lab6_ws/install/keyboard_msgs/share/keyboard_msgs/hook/pythonpath.dsv'
[0.995s] INFO:colcon.colcon_core.shell:Creating environment hook '/root/csci_420_robotics_labs/lab6_ws/install/keyboard_msgs/share/keyboard_msgs/hook/pythonpath.sh'
[0.995s] Level 1:colcon.colcon_core.environment:checking '/root/csci_420_robotics_labs/lab6_ws/install/keyboard_msgs/bin'
[0.996s] INFO:colcon.colcon_core.shell:Creating package script '/root/csci_420_robotics_labs/lab6_ws/install/keyboard_msgs/share/keyboard_msgs/package.ps1'
[0.997s] INFO:colcon.colcon_core.shell:Creating package descriptor '/root/csci_420_robotics_labs/lab6_ws/install/keyboard_msgs/share/keyboard_msgs/package.dsv'
[0.998s] INFO:colcon.colcon_core.shell:Creating package script '/root/csci_420_robotics_labs/lab6_ws/install/keyboard_msgs/share/keyboard_msgs/package.sh'
[1.000s] INFO:colcon.colcon_core.shell:Creating package script '/root/csci_420_robotics_labs/lab6_ws/install/keyboard_msgs/share/keyboard_msgs/package.bash'
[1.001s] INFO:colcon.colcon_core.shell:Creating package script '/root/csci_420_robotics_labs/lab6_ws/install/keyboard_msgs/share/keyboard_msgs/package.zsh'
[1.001s] Level 1:colcon.colcon_core.environment:create_file_with_runtime_dependencies(/root/csci_420_robotics_labs/lab6_ws/install/keyboard_msgs/share/colcon-core/packages/keyboard_msgs)
[1.003s] Level 1:colcon.colcon_core.environment:create_environment_scripts_only(keyboard_msgs)
[1.003s] Level 1:colcon.colcon_core.environment:checking '/root/csci_420_robotics_labs/lab6_ws/install/keyboard_msgs' for CMake module files
[1.005s] Level 1:colcon.colcon_core.environment:checking '/root/csci_420_robotics_labs/lab6_ws/install/keyboard_msgs' for CMake config files
[1.010s] Level 1:colcon.colcon_core.shell:create_environment_hook('keyboard_msgs', 'cmake_prefix_path')
[1.010s] INFO:colcon.colcon_core.shell:Creating environment hook '/root/csci_420_robotics_labs/lab6_ws/install/keyboard_msgs/share/keyboard_msgs/hook/cmake_prefix_path.ps1'
[1.010s] INFO:colcon.colcon_core.shell:Creating environment descriptor '/root/csci_420_robotics_labs/lab6_ws/install/keyboard_msgs/share/keyboard_msgs/hook/cmake_prefix_path.dsv'
[1.011s] INFO:colcon.colcon_core.shell:Creating environment hook '/root/csci_420_robotics_labs/lab6_ws/install/keyboard_msgs/share/keyboard_msgs/hook/cmake_prefix_path.sh'
[1.011s] Level 1:colcon.colcon_core.environment:checking '/root/csci_420_robotics_labs/lab6_ws/install/keyboard_msgs/lib'
[1.012s] Level 1:colcon.colcon_core.shell:create_environment_hook('keyboard_msgs', 'ld_library_path_lib')
[1.012s] INFO:colcon.colcon_core.shell:Creating environment hook '/root/csci_420_robotics_labs/lab6_ws/install/keyboard_msgs/share/keyboard_msgs/hook/ld_library_path_lib.ps1'
[1.012s] INFO:colcon.colcon_core.shell:Creating environment descriptor '/root/csci_420_robotics_labs/lab6_ws/install/keyboard_msgs/share/keyboard_msgs/hook/ld_library_path_lib.dsv'
[1.014s] INFO:colcon.colcon_core.shell:Creating environment hook '/root/csci_420_robotics_labs/lab6_ws/install/keyboard_msgs/share/keyboard_msgs/hook/ld_library_path_lib.sh'
[1.015s] Level 1:colcon.colcon_core.environment:checking '/root/csci_420_robotics_labs/lab6_ws/install/keyboard_msgs/bin'
[1.015s] Level 1:colcon.colcon_core.environment:checking '/root/csci_420_robotics_labs/lab6_ws/install/keyboard_msgs/lib/pkgconfig/keyboard_msgs.pc'
[1.015s] Level 1:colcon.colcon_core.environment:checking '/root/csci_420_robotics_labs/lab6_ws/install/keyboard_msgs/lib/python3.12/site-packages'
[1.017s] Level 1:colcon.colcon_core.shell:create_environment_hook('keyboard_msgs', 'pythonpath')
[1.018s] INFO:colcon.colcon_core.shell:Creating environment hook '/root/csci_420_robotics_labs/lab6_ws/install/keyboard_msgs/share/keyboard_msgs/hook/pythonpath.ps1'
[1.019s] INFO:colcon.colcon_core.shell:Creating environment descriptor '/root/csci_420_robotics_labs/lab6_ws/install/keyboard_msgs/share/keyboard_msgs/hook/pythonpath.dsv'
[1.019s] INFO:colcon.colcon_core.shell:Creating environment hook '/root/csci_420_robotics_labs/lab6_ws/install/keyboard_msgs/share/keyboard_msgs/hook/pythonpath.sh'
[1.020s] Level 1:colcon.colcon_core.environment:checking '/root/csci_420_robotics_labs/lab6_ws/install/keyboard_msgs/bin'
[1.020s] INFO:colcon.colcon_core.shell:Creating package script '/root/csci_420_robotics_labs/lab6_ws/install/keyboard_msgs/share/keyboard_msgs/package.ps1'
[1.022s] INFO:colcon.colcon_core.shell:Creating package descriptor '/root/csci_420_robotics_labs/lab6_ws/install/keyboard_msgs/share/keyboard_msgs/package.dsv'
[1.022s] INFO:colcon.colcon_core.shell:Creating package script '/root/csci_420_robotics_labs/lab6_ws/install/keyboard_msgs/share/keyboard_msgs/package.sh'
[1.023s] INFO:colcon.colcon_core.shell:Creating package script '/root/csci_420_robotics_labs/lab6_ws/install/keyboard_msgs/share/keyboard_msgs/package.bash'
[1.026s] INFO:colcon.colcon_core.shell:Creating package script '/root/csci_420_robotics_labs/lab6_ws/install/keyboard_msgs/share/keyboard_msgs/package.zsh'
[1.028s] Level 1:colcon.colcon_core.environment:create_file_with_runtime_dependencies(/root/csci_420_robotics_labs/lab6_ws/install/keyboard_msgs/share/colcon-core/packages/keyboard_msgs)
[1.028s] INFO:colcon.colcon_ros.task.ament_cmake.build:Building ROS package in '/root/csci_420_robotics_labs/lab6_ws/src/ros2-keyboard/keyboard' with build type 'ament_cmake'
[1.028s] INFO:colcon.colcon_cmake.task.cmake.build:Building CMake package in '/root/csci_420_robotics_labs/lab6_ws/src/ros2-keyboard/keyboard'
[1.029s] INFO:colcon.colcon_core.shell:Skip shell extension 'powershell' for command environment: Not usable outside of PowerShell
[1.029s] DEBUG:colcon.colcon_core.shell:Skip shell extension 'dsv' for command environment
[1.042s] Level 1:colcon.colcon_core.environment:create_environment_scripts_only(visualizer)
[1.042s] Level 1:colcon.colcon_core.environment:checking '/root/csci_420_robotics_labs/lab6_ws/install/visualizer' for CMake module files
[1.044s] DEBUG:colcon.colcon_core.event_handler.log_command:Invoking command in '/root/csci_420_robotics_labs/lab6_ws/src/simple_control': PYTHONPATH=/root/csci_420_robotics_labs/lab6_ws/build/simple_control/prefix_override:/usr/lib/python3/dist-packages/colcon_core/task/python/colcon_distutils_commands:/root/csci_420_robotics_labs/lab6_ws/install/simple_control/lib/python3.12/site-packages:${PYTHONPATH} /usr/bin/python3 -W ignore:setup.py install is deprecated -W ignore:easy_install command is deprecated setup.py egg_info --egg-base ../../build/simple_control build --build-base /root/csci_420_robotics_labs/lab6_ws/build/simple_control/build install --record /root/csci_420_robotics_labs/lab6_ws/build/simple_control/install.log --single-version-externally-managed install_data
[1.046s] DEBUG:colcon.colcon_core.event_handler.log_command:Invoked command in '/root/csci_420_robotics_labs/lab6_ws/build/visualizer' returned '0': CMAKE_PREFIX_PATH=${CMAKE_PREFIX_PATH}:/root/csci_420_robotics_labs/lab6_ws/install/simple_sim:/root/csci_420_robotics_labs/lab6_ws/install/simple_control:/opt/ros/kilted /usr/bin/cmake --install /root/csci_420_robotics_labs/lab6_ws/build/visualizer
[1.048s] Level 1:colcon.colcon_core.environment:checking '/root/csci_420_robotics_labs/lab6_ws/install/visualizer' for CMake config files
[1.052s] Level 1:colcon.colcon_core.shell:create_environment_hook('visualizer', 'cmake_prefix_path')
[1.052s] INFO:colcon.colcon_core.shell:Creating environment hook '/root/csci_420_robotics_labs/lab6_ws/install/visualizer/share/visualizer/hook/cmake_prefix_path.ps1'
[1.052s] INFO:colcon.colcon_core.shell:Creating environment descriptor '/root/csci_420_robotics_labs/lab6_ws/install/visualizer/share/visualizer/hook/cmake_prefix_path.dsv'
[1.053s] INFO:colcon.colcon_core.shell:Creating environment hook '/root/csci_420_robotics_labs/lab6_ws/install/visualizer/share/visualizer/hook/cmake_prefix_path.sh'
[1.055s] Level 1:colcon.colcon_core.environment:checking '/root/csci_420_robotics_labs/lab6_ws/install/visualizer/lib'
[1.056s] Level 1:colcon.colcon_core.environment:checking '/root/csci_420_robotics_labs/lab6_ws/install/visualizer/bin'
[1.057s] Level 1:colcon.colcon_core.environment:checking '/root/csci_420_robotics_labs/lab6_ws/install/visualizer/lib/pkgconfig/visualizer.pc'
[1.058s] Level 1:colcon.colcon_core.environment:checking '/root/csci_420_robotics_labs/lab6_ws/install/visualizer/lib/python3.12/site-packages'
[1.058s] Level 1:colcon.colcon_core.shell:create_environment_hook('visualizer', 'pythonpath')
[1.059s] INFO:colcon.colcon_core.shell:Creating environment hook '/root/csci_420_robotics_labs/lab6_ws/install/visualizer/share/visualizer/hook/pythonpath.ps1'
[1.062s] INFO:colcon.colcon_core.shell:Creating environment descriptor '/root/csci_420_robotics_labs/lab6_ws/install/visualizer/share/visualizer/hook/pythonpath.dsv'
[1.064s] INFO:colcon.colcon_core.shell:Creating environment hook '/root/csci_420_robotics_labs/lab6_ws/install/visualizer/share/visualizer/hook/pythonpath.sh'
[1.065s] Level 1:colcon.colcon_core.environment:checking '/root/csci_420_robotics_labs/lab6_ws/install/visualizer/bin'
[1.066s] INFO:colcon.colcon_core.shell:Creating package script '/root/csci_420_robotics_labs/lab6_ws/install/visualizer/share/visualizer/package.ps1'
[1.066s] INFO:colcon.colcon_core.shell:Creating package descriptor '/root/csci_420_robotics_labs/lab6_ws/install/visualizer/share/visualizer/package.dsv'
[1.070s] INFO:colcon.colcon_core.shell:Creating package script '/root/csci_420_robotics_labs/lab6_ws/install/visualizer/share/visualizer/package.sh'
[1.070s] INFO:colcon.colcon_core.shell:Creating package script '/root/csci_420_robotics_labs/lab6_ws/install/visualizer/share/visualizer/package.bash'
[1.070s] INFO:colcon.colcon_core.shell:Creating package script '/root/csci_420_robotics_labs/lab6_ws/install/visualizer/share/visualizer/package.zsh'
[1.070s] Level 1:colcon.colcon_core.environment:create_file_with_runtime_dependencies(/root/csci_420_robotics_labs/lab6_ws/install/visualizer/share/colcon-core/packages/visualizer)
[1.072s] Level 1:colcon.colcon_core.environment:create_environment_scripts_only(visualizer)
[1.072s] Level 1:colcon.colcon_core.environment:checking '/root/csci_420_robotics_labs/lab6_ws/install/visualizer' for CMake module files
[1.076s] Level 1:colcon.colcon_core.environment:checking '/root/csci_420_robotics_labs/lab6_ws/install/visualizer' for CMake config files
[1.078s] Level 1:colcon.colcon_core.shell:create_environment_hook('visualizer', 'cmake_prefix_path')
[1.079s] INFO:colcon.colcon_core.shell:Creating environment hook '/root/csci_420_robotics_labs/lab6_ws/install/visualizer/share/visualizer/hook/cmake_prefix_path.ps1'
[1.084s] INFO:colcon.colcon_core.shell:Creating environment descriptor '/root/csci_420_robotics_labs/lab6_ws/install/visualizer/share/visualizer/hook/cmake_prefix_path.dsv'
[1.088s] INFO:colcon.colcon_core.shell:Creating environment hook '/root/csci_420_robotics_labs/lab6_ws/install/visualizer/share/visualizer/hook/cmake_prefix_path.sh'
[1.089s] Level 1:colcon.colcon_core.environment:checking '/root/csci_420_robotics_labs/lab6_ws/install/visualizer/lib'
[1.089s] Level 1:colcon.colcon_core.environment:checking '/root/csci_420_robotics_labs/lab6_ws/install/visualizer/bin'
[1.089s] Level 1:colcon.colcon_core.environment:checking '/root/csci_420_robotics_labs/lab6_ws/install/visualizer/lib/pkgconfig/visualizer.pc'
[1.089s] Level 1:colcon.colcon_core.environment:checking '/root/csci_420_robotics_labs/lab6_ws/install/visualizer/lib/python3.12/site-packages'
[1.091s] Level 1:colcon.colcon_core.shell:create_environment_hook('visualizer', 'pythonpath')
[1.091s] INFO:colcon.colcon_core.shell:Creating environment hook '/root/csci_420_robotics_labs/lab6_ws/install/visualizer/share/visualizer/hook/pythonpath.ps1'
[1.093s] INFO:colcon.colcon_core.shell:Creating environment descriptor '/root/csci_420_robotics_labs/lab6_ws/install/visualizer/share/visualizer/hook/pythonpath.dsv'
[1.093s] INFO:colcon.colcon_core.shell:Creating environment hook '/root/csci_420_robotics_labs/lab6_ws/install/visualizer/share/visualizer/hook/pythonpath.sh'
[1.094s] Level 1:colcon.colcon_core.environment:checking '/root/csci_420_robotics_labs/lab6_ws/install/visualizer/bin'
[1.094s] INFO:colcon.colcon_core.shell:Creating package script '/root/csci_420_robotics_labs/lab6_ws/install/visualizer/share/visualizer/package.ps1'
[1.099s] INFO:colcon.colcon_core.shell:Creating package descriptor '/root/csci_420_robotics_labs/lab6_ws/install/visualizer/share/visualizer/package.dsv'
[1.101s] INFO:colcon.colcon_core.shell:Creating package script '/root/csci_420_robotics_labs/lab6_ws/install/visualizer/share/visualizer/package.sh'
[1.101s] INFO:colcon.colcon_core.shell:Creating package script '/root/csci_420_robotics_labs/lab6_ws/install/visualizer/share/visualizer/package.bash'
[1.101s] INFO:colcon.colcon_core.shell:Creating package script '/root/csci_420_robotics_labs/lab6_ws/install/visualizer/share/visualizer/package.zsh'
[1.107s] Level 1:colcon.colcon_core.environment:create_file_with_runtime_dependencies(/root/csci_420_robotics_labs/lab6_ws/install/visualizer/share/colcon-core/packages/visualizer)
[1.112s] DEBUG:colcon.colcon_core.event_handler.log_command:Invoking command in '/root/csci_420_robotics_labs/lab6_ws/src/simple_sim': PYTHONPATH=/root/csci_420_robotics_labs/lab6_ws/build/simple_sim/prefix_override:/usr/lib/python3/dist-packages/colcon_core/task/python/colcon_distutils_commands:/root/csci_420_robotics_labs/lab6_ws/install/simple_sim/lib/python3.12/site-packages:${PYTHONPATH} /usr/bin/python3 -W ignore:setup.py install is deprecated -W ignore:easy_install command is deprecated setup.py egg_info --egg-base ../../build/simple_sim build --build-base /root/csci_420_robotics_labs/lab6_ws/build/simple_sim/build install --record /root/csci_420_robotics_labs/lab6_ws/build/simple_sim/install.log --single-version-externally-managed install_data
[1.120s] DEBUG:colcon.colcon_core.event_handler.log_command:Invoking command in '/root/csci_420_robotics_labs/lab6_ws/build/keyboard': CMAKE_PREFIX_PATH=/root/csci_420_robotics_labs/lab6_ws/install/keyboard_msgs:/root/csci_420_robotics_labs/lab6_ws/install/visualizer:/root/csci_420_robotics_labs/lab6_ws/install/sensor_simulation:/root/csci_420_robotics_labs/lab6_ws/install/keyboard:/root/csci_420_robotics_labs/lab6_ws/install/flightgoggles_uav_dynamics:/root/csci_420_robotics_labs/lab6_ws/install/flightgoggles:/root/csci_420_robotics_labs/lab6_ws/install/flightcontroller:/opt/ros/kilted/opt/gz_sim_vendor:/opt/ros/kilted/opt/gz_sensors_vendor:/opt/ros/kilted/opt/gz_physics_vendor:/opt/ros/kilted/opt/sdformat_vendor:/opt/ros/kilted/opt/gz_gui_vendor:/opt/ros/kilted/opt/gz_transport_vendor:/opt/ros/kilted/opt/gz_rendering_vendor:/opt/ros/kilted/opt/gz_plugin_vendor:/opt/ros/kilted/opt/gz_fuel_tools_vendor:/opt/ros/kilted/opt/gz_msgs_vendor:/opt/ros/kilted/opt/gz_common_vendor:/opt/ros/kilted/opt/gz_math_vendor:/opt/ros/kilted/opt/gz_utils_vendor:/opt/ros/kilted/opt/gz_tools_vendor:/opt/ros/kilted/opt/gz_ogre_next_vendor:/opt/ros/kilted/opt/gz_dartsim_vendor:/opt/ros/kilted/opt/gz_cmake_vendor:/root/csci_420_robotics_labs/lab6_ws/install/simple_sim:/root/csci_420_robotics_labs/lab6_ws/install/simple_control:/opt/ros/kilted PYTHONPATH=/root/csci_420_robotics_labs/lab6_ws/install/keyboard_msgs/lib/python3.12/site-packages:/root/csci_420_robotics_labs/lab6_ws/install/visualizer/lib/python3.12/site-packages:/root/csci_420_robotics_labs/lab6_ws/install/simple_sim/lib/python3.12/site-packages:/root/csci_420_robotics_labs/lab6_ws/install/simple_control/lib/python3.12/site-packages:/root/csci_420_robotics_labs/lab6_ws/install/sensor_simulation/lib/python3.12/site-packages:/opt/ros/kilted/lib/python3.12/site-packages /usr/bin/cmake --build /root/csci_420_robotics_labs/lab6_ws/build/keyboard -- -j8 -l8
[1.195s] DEBUG:colcon.colcon_core.event_handler.log_command:Invoked command in '/root/csci_420_robotics_labs/lab6_ws/build/keyboard' returned '0': CMAKE_PREFIX_PATH=/root/csci_420_robotics_labs/lab6_ws/install/keyboard_msgs:/root/csci_420_robotics_labs/lab6_ws/install/visualizer:/root/csci_420_robotics_labs/lab6_ws/install/sensor_simulation:/root/csci_420_robotics_labs/lab6_ws/install/keyboard:/root/csci_420_robotics_labs/lab6_ws/install/flightgoggles_uav_dynamics:/root/csci_420_robotics_labs/lab6_ws/install/flightgoggles:/root/csci_420_robotics_labs/lab6_ws/install/flightcontroller:/opt/ros/kilted/opt/gz_sim_vendor:/opt/ros/kilted/opt/gz_sensors_vendor:/opt/ros/kilted/opt/gz_physics_vendor:/opt/ros/kilted/opt/sdformat_vendor:/opt/ros/kilted/opt/gz_gui_vendor:/opt/ros/kilted/opt/gz_transport_vendor:/opt/ros/kilted/opt/gz_rendering_vendor:/opt/ros/kilted/opt/gz_plugin_vendor:/opt/ros/kilted/opt/gz_fuel_tools_vendor:/opt/ros/kilted/opt/gz_msgs_vendor:/opt/ros/kilted/opt/gz_common_vendor:/opt/ros/kilted/opt/gz_math_vendor:/opt/ros/kilted/opt/gz_utils_vendor:/opt/ros/kilted/opt/gz_tools_vendor:/opt/ros/kilted/opt/gz_ogre_next_vendor:/opt/ros/kilted/opt/gz_dartsim_vendor:/opt/ros/kilted/opt/gz_cmake_vendor:/root/csci_420_robotics_labs/lab6_ws/install/simple_sim:/root/csci_420_robotics_labs/lab6_ws/install/simple_control:/opt/ros/kilted PYTHONPATH=/root/csci_420_robotics_labs/lab6_ws/install/keyboard_msgs/lib/python3.12/site-packages:/root/csci_420_robotics_labs/lab6_ws/install/visualizer/lib/python3.12/site-packages:/root/csci_420_robotics_labs/lab6_ws/install/simple_sim/lib/python3.12/site-packages:/root/csci_420_robotics_labs/lab6_ws/install/simple_control/lib/python3.12/site-packages:/root/csci_420_robotics_labs/lab6_ws/install/sensor_simulation/lib/python3.12/site-packages:/opt/ros/kilted/lib/python3.12/site-packages /usr/bin/cmake --build /root/csci_420_robotics_labs/lab6_ws/build/keyboard -- -j8 -l8
[1.197s] DEBUG:colcon.colcon_core.event_handler.log_command:Invoking command in '/root/csci_420_robotics_labs/lab6_ws/build/keyboard': CMAKE_PREFIX_PATH=/root/csci_420_robotics_labs/lab6_ws/install/keyboard_msgs:/root/csci_420_robotics_labs/lab6_ws/install/visualizer:/root/csci_420_robotics_labs/lab6_ws/install/sensor_simulation:/root/csci_420_robotics_labs/lab6_ws/install/keyboard:/root/csci_420_robotics_labs/lab6_ws/install/flightgoggles_uav_dynamics:/root/csci_420_robotics_labs/lab6_ws/install/flightgoggles:/root/csci_420_robotics_labs/lab6_ws/install/flightcontroller:/opt/ros/kilted/opt/gz_sim_vendor:/opt/ros/kilted/opt/gz_sensors_vendor:/opt/ros/kilted/opt/gz_physics_vendor:/opt/ros/kilted/opt/sdformat_vendor:/opt/ros/kilted/opt/gz_gui_vendor:/opt/ros/kilted/opt/gz_transport_vendor:/opt/ros/kilted/opt/gz_rendering_vendor:/opt/ros/kilted/opt/gz_plugin_vendor:/opt/ros/kilted/opt/gz_fuel_tools_vendor:/opt/ros/kilted/opt/gz_msgs_vendor:/opt/ros/kilted/opt/gz_common_vendor:/opt/ros/kilted/opt/gz_math_vendor:/opt/ros/kilted/opt/gz_utils_vendor:/opt/ros/kilted/opt/gz_tools_vendor:/opt/ros/kilted/opt/gz_ogre_next_vendor:/opt/ros/kilted/opt/gz_dartsim_vendor:/opt/ros/kilted/opt/gz_cmake_vendor:/root/csci_420_robotics_labs/lab6_ws/install/simple_sim:/root/csci_420_robotics_labs/lab6_ws/install/simple_control:/opt/ros/kilted PYTHONPATH=/root/csci_420_robotics_labs/lab6_ws/install/keyboard_msgs/lib/python3.12/site-packages:/root/csci_420_robotics_labs/lab6_ws/install/visualizer/lib/python3.12/site-packages:/root/csci_420_robotics_labs/lab6_ws/install/simple_sim/lib/python3.12/site-packages:/root/csci_420_robotics_labs/lab6_ws/install/simple_control/lib/python3.12/site-packages:/root/csci_420_robotics_labs/lab6_ws/install/sensor_simulation/lib/python3.12/site-packages:/opt/ros/kilted/lib/python3.12/site-packages /usr/bin/cmake --install /root/csci_420_robotics_labs/lab6_ws/build/keyboard
[1.215s] Level 1:colcon.colcon_core.environment:create_environment_scripts_only(keyboard)
[1.215s] Level 1:colcon.colcon_core.environment:checking '/root/csci_420_robotics_labs/lab6_ws/install/keyboard' for CMake module files
[1.216s] DEBUG:colcon.colcon_core.event_handler.log_command:Invoked command in '/root/csci_420_robotics_labs/lab6_ws/build/keyboard' returned '0': CMAKE_PREFIX_PATH=/root/csci_420_robotics_labs/lab6_ws/install/keyboard_msgs:/root/csci_420_robotics_labs/lab6_ws/install/visualizer:/root/csci_420_robotics_labs/lab6_ws/install/sensor_simulation:/root/csci_420_robotics_labs/lab6_ws/install/keyboard:/root/csci_420_robotics_labs/lab6_ws/install/flightgoggles_uav_dynamics:/root/csci_420_robotics_labs/lab6_ws/install/flightgoggles:/root/csci_420_robotics_labs/lab6_ws/install/flightcontroller:/opt/ros/kilted/opt/gz_sim_vendor:/opt/ros/kilted/opt/gz_sensors_vendor:/opt/ros/kilted/opt/gz_physics_vendor:/opt/ros/kilted/opt/sdformat_vendor:/opt/ros/kilted/opt/gz_gui_vendor:/opt/ros/kilted/opt/gz_transport_vendor:/opt/ros/kilted/opt/gz_rendering_vendor:/opt/ros/kilted/opt/gz_plugin_vendor:/opt/ros/kilted/opt/gz_fuel_tools_vendor:/opt/ros/kilted/opt/gz_msgs_vendor:/opt/ros/kilted/opt/gz_common_vendor:/opt/ros/kilted/opt/gz_math_vendor:/opt/ros/kilted/opt/gz_utils_vendor:/opt/ros/kilted/opt/gz_tools_vendor:/opt/ros/kilted/opt/gz_ogre_next_vendor:/opt/ros/kilted/opt/gz_dartsim_vendor:/opt/ros/kilted/opt/gz_cmake_vendor:/root/csci_420_robotics_labs/lab6_ws/install/simple_sim:/root/csci_420_robotics_labs/lab6_ws/install/simple_control:/opt/ros/kilted PYTHONPATH=/root/csci_420_robotics_labs/lab6_ws/install/keyboard_msgs/lib/python3.12/site-packages:/root/csci_420_robotics_labs/lab6_ws/install/visualizer/lib/python3.12/site-packages:/root/csci_420_robotics_labs/lab6_ws/install/simple_sim/lib/python3.12/site-packages:/root/csci_420_robotics_labs/lab6_ws/install/simple_control/lib/python3.12/site-packages:/root/csci_420_robotics_labs/lab6_ws/install/sensor_simulation/lib/python3.12/site-packages:/opt/ros/kilted/lib/python3.12/site-packages /usr/bin/cmake --install /root/csci_420_robotics_labs/lab6_ws/build/keyboard
[1.220s] Level 1:colcon.colcon_core.environment:checking '/root/csci_420_robotics_labs/lab6_ws/install/keyboard' for CMake config files
[1.221s] Level 1:colcon.colcon_core.shell:create_environment_hook('keyboard', 'cmake_prefix_path')
[1.221s] INFO:colcon.colcon_core.shell:Creating environment hook '/root/csci_420_robotics_labs/lab6_ws/install/keyboard/share/keyboard/hook/cmake_prefix_path.ps1'
[1.224s] INFO:colcon.colcon_core.shell:Creating environment descriptor '/root/csci_420_robotics_labs/lab6_ws/install/keyboard/share/keyboard/hook/cmake_prefix_path.dsv'
[1.224s] INFO:colcon.colcon_core.shell:Creating environment hook '/root/csci_420_robotics_labs/lab6_ws/install/keyboard/share/keyboard/hook/cmake_prefix_path.sh'
[1.225s] Level 1:colcon.colcon_core.environment:checking '/root/csci_420_robotics_labs/lab6_ws/install/keyboard/lib'
[1.226s] Level 1:colcon.colcon_core.environment:checking '/root/csci_420_robotics_labs/lab6_ws/install/keyboard/bin'
[1.226s] Level 1:colcon.colcon_core.environment:checking '/root/csci_420_robotics_labs/lab6_ws/install/keyboard/lib/pkgconfig/keyboard.pc'
[1.226s] Level 1:colcon.colcon_core.environment:checking '/root/csci_420_robotics_labs/lab6_ws/install/keyboard/lib/python3.12/site-packages'
[1.227s] Level 1:colcon.colcon_core.environment:checking '/root/csci_420_robotics_labs/lab6_ws/install/keyboard/bin'
[1.227s] INFO:colcon.colcon_core.shell:Creating package script '/root/csci_420_robotics_labs/lab6_ws/install/keyboard/share/keyboard/package.ps1'
[1.232s] INFO:colcon.colcon_core.shell:Creating package descriptor '/root/csci_420_robotics_labs/lab6_ws/install/keyboard/share/keyboard/package.dsv'
[1.233s] INFO:colcon.colcon_core.shell:Creating package script '/root/csci_420_robotics_labs/lab6_ws/install/keyboard/share/keyboard/package.sh'
[1.233s] INFO:colcon.colcon_core.shell:Creating package script '/root/csci_420_robotics_labs/lab6_ws/install/keyboard/share/keyboard/package.bash'
[1.234s] INFO:colcon.colcon_core.shell:Creating package script '/root/csci_420_robotics_labs/lab6_ws/install/keyboard/share/keyboard/package.zsh'
[1.235s] Level 1:colcon.colcon_core.environment:create_file_with_runtime_dependencies(/root/csci_420_robotics_labs/lab6_ws/install/keyboard/share/colcon-core/packages/keyboard)
[1.237s] Level 1:colcon.colcon_core.environment:create_environment_scripts_only(keyboard)
[1.239s] Level 1:colcon.colcon_core.environment:checking '/root/csci_420_robotics_labs/lab6_ws/install/keyboard' for CMake module files
[1.246s] Level 1:colcon.colcon_core.environment:checking '/root/csci_420_robotics_labs/lab6_ws/install/keyboard' for CMake config files
[1.253s] Level 1:colcon.colcon_core.shell:create_environment_hook('keyboard', 'cmake_prefix_path')
[1.253s] INFO:colcon.colcon_core.shell:Creating environment hook '/root/csci_420_robotics_labs/lab6_ws/install/keyboard/share/keyboard/hook/cmake_prefix_path.ps1'
[1.258s] INFO:colcon.colcon_core.shell:Creating environment descriptor '/root/csci_420_robotics_labs/lab6_ws/install/keyboard/share/keyboard/hook/cmake_prefix_path.dsv'
[1.258s] INFO:colcon.colcon_core.shell:Creating environment hook '/root/csci_420_robotics_labs/lab6_ws/install/keyboard/share/keyboard/hook/cmake_prefix_path.sh'
[1.259s] Level 1:colcon.colcon_core.environment:checking '/root/csci_420_robotics_labs/lab6_ws/install/keyboard/lib'
[1.259s] Level 1:colcon.colcon_core.environment:checking '/root/csci_420_robotics_labs/lab6_ws/install/keyboard/bin'
[1.259s] Level 1:colcon.colcon_core.environment:checking '/root/csci_420_robotics_labs/lab6_ws/install/keyboard/lib/pkgconfig/keyboard.pc'
[1.259s] Level 1:colcon.colcon_core.environment:checking '/root/csci_420_robotics_labs/lab6_ws/install/keyboard/lib/python3.12/site-packages'
[1.262s] Level 1:colcon.colcon_core.environment:checking '/root/csci_420_robotics_labs/lab6_ws/install/keyboard/bin'
[1.262s] INFO:colcon.colcon_core.shell:Creating package script '/root/csci_420_robotics_labs/lab6_ws/install/keyboard/share/keyboard/package.ps1'
[1.263s] INFO:colcon.colcon_core.shell:Creating package descriptor '/root/csci_420_robotics_labs/lab6_ws/install/keyboard/share/keyboard/package.dsv'
[1.263s] INFO:colcon.colcon_core.shell:Creating package script '/root/csci_420_robotics_labs/lab6_ws/install/keyboard/share/keyboard/package.sh'
[1.263s] INFO:colcon.colcon_core.shell:Creating package script '/root/csci_420_robotics_labs/lab6_ws/install/keyboard/share/keyboard/package.bash'
[1.264s] INFO:colcon.colcon_core.shell:Creating package script '/root/csci_420_robotics_labs/lab6_ws/install/keyboard/share/keyboard/package.zsh'
[1.265s] Level 1:colcon.colcon_core.environment:create_file_with_runtime_dependencies(/root/csci_420_robotics_labs/lab6_ws/install/keyboard/share/colcon-core/packages/keyboard)
[1.425s] Level 1:colcon.colcon_core.environment:checking '/root/csci_420_robotics_labs/lab6_ws/install/simple_control' for CMake module files
[1.426s] DEBUG:colcon.colcon_core.event_handler.log_command:Invoked command in '/root/csci_420_robotics_labs/lab6_ws/src/simple_control' returned '0': PYTHONPATH=/root/csci_420_robotics_labs/lab6_ws/build/simple_control/prefix_override:/usr/lib/python3/dist-packages/colcon_core/task/python/colcon_distutils_commands:/root/csci_420_robotics_labs/lab6_ws/install/simple_control/lib/python3.12/site-packages:${PYTHONPATH} /usr/bin/python3 -W ignore:setup.py install is deprecated -W ignore:easy_install command is deprecated setup.py egg_info --egg-base ../../build/simple_control build --build-base /root/csci_420_robotics_labs/lab6_ws/build/simple_control/build install --record /root/csci_420_robotics_labs/lab6_ws/build/simple_control/install.log --single-version-externally-managed install_data
[1.430s] Level 1:colcon.colcon_core.environment:checking '/root/csci_420_robotics_labs/lab6_ws/install/simple_control' for CMake config files
[1.436s] Level 1:colcon.colcon_core.environment:checking '/root/csci_420_robotics_labs/lab6_ws/install/simple_control/lib'
[1.436s] Level 1:colcon.colcon_core.environment:checking '/root/csci_420_robotics_labs/lab6_ws/install/simple_control/bin'
[1.436s] Level 1:colcon.colcon_core.environment:checking '/root/csci_420_robotics_labs/lab6_ws/install/simple_control/lib/pkgconfig/simple_control.pc'
[1.437s] Level 1:colcon.colcon_core.environment:checking '/root/csci_420_robotics_labs/lab6_ws/install/simple_control/lib/python3.12/site-packages'
[1.437s] Level 1:colcon.colcon_core.shell:create_environment_hook('simple_control', 'pythonpath')
[1.437s] INFO:colcon.colcon_core.shell:Creating environment hook '/root/csci_420_robotics_labs/lab6_ws/install/simple_control/share/simple_control/hook/pythonpath.ps1'
[1.437s] INFO:colcon.colcon_core.shell:Creating environment descriptor '/root/csci_420_robotics_labs/lab6_ws/install/simple_control/share/simple_control/hook/pythonpath.dsv'
[1.438s] INFO:colcon.colcon_core.shell:Creating environment hook '/root/csci_420_robotics_labs/lab6_ws/install/simple_control/share/simple_control/hook/pythonpath.sh'
[1.438s] Level 1:colcon.colcon_core.environment:checking '/root/csci_420_robotics_labs/lab6_ws/install/simple_control/bin'
[1.438s] Level 1:colcon.colcon_core.environment:create_environment_scripts_only(simple_control)
[1.438s] INFO:colcon.colcon_core.shell:Creating package script '/root/csci_420_robotics_labs/lab6_ws/install/simple_control/share/simple_control/package.ps1'
[1.438s] INFO:colcon.colcon_core.shell:Creating package descriptor '/root/csci_420_robotics_labs/lab6_ws/install/simple_control/share/simple_control/package.dsv'
[1.439s] INFO:colcon.colcon_core.shell:Creating package script '/root/csci_420_robotics_labs/lab6_ws/install/simple_control/share/simple_control/package.sh'
[1.439s] INFO:colcon.colcon_core.shell:Creating package script '/root/csci_420_robotics_labs/lab6_ws/install/simple_control/share/simple_control/package.bash'
[1.439s] INFO:colcon.colcon_core.shell:Creating package script '/root/csci_420_robotics_labs/lab6_ws/install/simple_control/share/simple_control/package.zsh'
[1.440s] Level 1:colcon.colcon_core.environment:create_file_with_runtime_dependencies(/root/csci_420_robotics_labs/lab6_ws/install/simple_control/share/colcon-core/packages/simple_control)
[1.466s] Level 1:colcon.colcon_core.environment:checking '/root/csci_420_robotics_labs/lab6_ws/install/simple_sim' for CMake module files
[1.466s] DEBUG:colcon.colcon_core.event_handler.log_command:Invoked command in '/root/csci_420_robotics_labs/lab6_ws/src/simple_sim' returned '0': PYTHONPATH=/root/csci_420_robotics_labs/lab6_ws/build/simple_sim/prefix_override:/usr/lib/python3/dist-packages/colcon_core/task/python/colcon_distutils_commands:/root/csci_420_robotics_labs/lab6_ws/install/simple_sim/lib/python3.12/site-packages:${PYTHONPATH} /usr/bin/python3 -W ignore:setup.py install is deprecated -W ignore:easy_install command is deprecated setup.py egg_info --egg-base ../../build/simple_sim build --build-base /root/csci_420_robotics_labs/lab6_ws/build/simple_sim/build install --record /root/csci_420_robotics_labs/lab6_ws/build/simple_sim/install.log --single-version-externally-managed install_data
[1.467s] Level 1:colcon.colcon_core.environment:checking '/root/csci_420_robotics_labs/lab6_ws/install/simple_sim' for CMake config files
[1.469s] Level 1:colcon.colcon_core.environment:checking '/root/csci_420_robotics_labs/lab6_ws/install/simple_sim/lib'
[1.469s] Level 1:colcon.colcon_core.environment:checking '/root/csci_420_robotics_labs/lab6_ws/install/simple_sim/bin'
[1.469s] Level 1:colcon.colcon_core.environment:checking '/root/csci_420_robotics_labs/lab6_ws/install/simple_sim/lib/pkgconfig/simple_sim.pc'
[1.470s] Level 1:colcon.colcon_core.environment:checking '/root/csci_420_robotics_labs/lab6_ws/install/simple_sim/lib/python3.12/site-packages'
[1.470s] Level 1:colcon.colcon_core.shell:create_environment_hook('simple_sim', 'pythonpath')
[1.470s] INFO:colcon.colcon_core.shell:Creating environment hook '/root/csci_420_robotics_labs/lab6_ws/install/simple_sim/share/simple_sim/hook/pythonpath.ps1'
[1.470s] INFO:colcon.colcon_core.shell:Creating environment descriptor '/root/csci_420_robotics_labs/lab6_ws/install/simple_sim/share/simple_sim/hook/pythonpath.dsv'
[1.471s] INFO:colcon.colcon_core.shell:Creating environment hook '/root/csci_420_robotics_labs/lab6_ws/install/simple_sim/share/simple_sim/hook/pythonpath.sh'
[1.471s] Level 1:colcon.colcon_core.environment:checking '/root/csci_420_robotics_labs/lab6_ws/install/simple_sim/bin'
[1.471s] Level 1:colcon.colcon_core.environment:create_environment_scripts_only(simple_sim)
[1.471s] INFO:colcon.colcon_core.shell:Creating package script '/root/csci_420_robotics_labs/lab6_ws/install/simple_sim/share/simple_sim/package.ps1'
[1.472s] INFO:colcon.colcon_core.shell:Creating package descriptor '/root/csci_420_robotics_labs/lab6_ws/install/simple_sim/share/simple_sim/package.dsv'
[1.472s] INFO:colcon.colcon_core.shell:Creating package script '/root/csci_420_robotics_labs/lab6_ws/install/simple_sim/share/simple_sim/package.sh'
[1.472s] INFO:colcon.colcon_core.shell:Creating package script '/root/csci_420_robotics_labs/lab6_ws/install/simple_sim/share/simple_sim/package.bash'
[1.472s] INFO:colcon.colcon_core.shell:Creating package script '/root/csci_420_robotics_labs/lab6_ws/install/simple_sim/share/simple_sim/package.zsh'
[1.473s] Level 1:colcon.colcon_core.environment:create_file_with_runtime_dependencies(/root/csci_420_robotics_labs/lab6_ws/install/simple_sim/share/colcon-core/packages/simple_sim)
[1.473s] DEBUG:colcon.colcon_parallel_executor.executor.parallel:closing loop
[1.473s] DEBUG:colcon.colcon_parallel_executor.executor.parallel:loop closed
[1.473s] DEBUG:colcon.colcon_parallel_executor.executor.parallel:run_until_complete finished with '0'
[1.473s] DEBUG:colcon.colcon_core.event_reactor:joining thread
[1.483s] INFO:colcon.colcon_core.plugin_system:Skipping extension 'colcon_notification.desktop_notification.notify_send': Could not find 'notify-send'
[1.483s] INFO:colcon.colcon_core.plugin_system:Skipping extension 'colcon_notification.desktop_notification.terminal_notifier': Not used on non-Darwin systems
[1.483s] INFO:colcon.colcon_core.plugin_system:Skipping extension 'colcon_notification.desktop_notification.win32': Not used on non-Windows systems
[1.484s] INFO:colcon.colcon_notification.desktop_notification:Sending desktop notification using 'notify2'
[1.485s] DEBUG:colcon.colcon_notification.desktop_notification.notify2:Failed to initialize notify2: org.freedesktop.DBus.Error.Spawn.ExecFailed: /usr/bin/dbus-launch terminated abnormally without any error message
[1.485s] DEBUG:colcon.colcon_core.event_reactor:joined thread
[1.485s] INFO:colcon.colcon_core.shell:Creating prefix script '/root/csci_420_robotics_labs/lab6_ws/install/local_setup.ps1'
[1.486s] INFO:colcon.colcon_core.shell:Creating prefix util module '/root/csci_420_robotics_labs/lab6_ws/install/_local_setup_util_ps1.py'
[1.486s] INFO:colcon.colcon_core.shell:Creating prefix chain script '/root/csci_420_robotics_labs/lab6_ws/install/setup.ps1'
[1.489s] INFO:colcon.colcon_core.shell:Creating prefix script '/root/csci_420_robotics_labs/lab6_ws/install/local_setup.sh'
[1.489s] INFO:colcon.colcon_core.shell:Creating prefix util module '/root/csci_420_robotics_labs/lab6_ws/install/_local_setup_util_sh.py'
[1.489s] INFO:colcon.colcon_core.shell:Creating prefix chain script '/root/csci_420_robotics_labs/lab6_ws/install/setup.sh'
[1.491s] INFO:colcon.colcon_core.shell:Creating prefix script '/root/csci_420_robotics_labs/lab6_ws/install/local_setup.bash'
[1.492s] INFO:colcon.colcon_core.shell:Creating prefix chain script '/root/csci_420_robotics_labs/lab6_ws/install/setup.bash'
[1.494s] INFO:colcon.colcon_core.shell:Creating prefix script '/root/csci_420_robotics_labs/lab6_ws/install/local_setup.zsh'
[1.494s] INFO:colcon.colcon_core.shell:Creating prefix chain script '/root/csci_420_robotics_labs/lab6_ws/install/setup.zsh'
