[0.068s] DEBUG:colcon:Command line arguments: ['/usr/bin/colcon', 'build']
[0.068s] DEBUG:colcon:Parsed command line arguments: Namespace(log_base=None, log_level=None, verb_name='build', build_base='build', install_base='install', merge_install=False, symlink_install=False, test_result_base=None, continue_on_error=False, executor='parallel', parallel_workers=8, event_handlers=None, ignore_user_meta=False, metas=['./colcon.meta'], base_paths=['.'], packages_ignore=None, packages_ignore_regex=None, paths=None, packages_up_to=None, packages_up_to_regex=None, packages_above=None, packages_above_and_dependencies=None, packages_above_depth=None, packages_select_by_dep=None, packages_skip_by_dep=None, packages_skip_up_to=None, packages_select_build_failed=False, packages_skip_build_finished=False, packages_select_test_failures=False, packages_skip_test_passed=False, packages_select=None, packages_skip=None, packages_select_regex=None, packages_skip_regex=None, packages_start=None, packages_end=None, allow_overriding=[], cmake_args=None, cmake_target=None, cmake_target_skip_unavailable=False, cmake_clean_cache=False, cmake_clean_first=False, cmake_force_configure=False, ament_cmake_args=None, catkin_cmake_args=None, catkin_skip_building_tests=False, verb_parser=<colcon_defaults.argument_parser.defaults.DefaultArgumentsDecorator object at 0xffffb9b65d00>, verb_extension=<colcon_core.verb.build.BuildVerb object at 0xffffb9b65b80>, main=<bound method BuildVerb.main of <colcon_core.verb.build.BuildVerb object at 0xffffb9b65b80>>)
[0.090s] Level 1:colcon.colcon_core.package_discovery:discover_packages(colcon_meta) check parameters
[0.090s] Level 1:colcon.colcon_core.package_discovery:discover_packages(recursive) check parameters
[0.090s] Level 1:colcon.colcon_core.package_discovery:discover_packages(ignore) check parameters
[0.090s] Level 1:colcon.colcon_core.package_discovery:discover_packages(path) check parameters
[0.090s] Level 1:colcon.colcon_core.package_discovery:discover_packages(colcon_meta) discover
[0.090s] Level 1:colcon.colcon_core.package_discovery:discover_packages(recursive) discover
[0.090s] INFO:colcon.colcon_core.package_discovery:Crawling recursively for packages in '/root/csci_420_robotics_labs/lab6_ws'
[0.091s] Level 1:colcon.colcon_core.package_identification:_identify(.) by extensions ['ignore', 'ignore_ament_install']
[0.091s] Level 1:colcon.colcon_core.package_identification:_identify(.) by extension 'ignore'
[0.091s] Level 1:colcon.colcon_core.package_identification:_identify(.) by extension 'ignore_ament_install'
[0.091s] Level 1:colcon.colcon_core.package_identification:_identify(.) by extensions ['colcon_pkg']
[0.091s] Level 1:colcon.colcon_core.package_identification:_identify(.) by extension 'colcon_pkg'
[0.091s] Level 1:colcon.colcon_core.package_identification:_identify(.) by extensions ['colcon_meta']
[0.091s] Level 1:colcon.colcon_core.package_identification:_identify(.) by extension 'colcon_meta'
[0.091s] Level 1:colcon.colcon_core.package_identification:_identify(.) by extensions ['ros']
[0.091s] Level 1:colcon.colcon_core.package_identification:_identify(.) by extension 'ros'
[0.107s] Level 1:colcon.colcon_core.package_identification:_identify(.) by extensions ['cmake', 'python']
[0.107s] Level 1:colcon.colcon_core.package_identification:_identify(.) by extension 'cmake'
[0.107s] Level 1:colcon.colcon_core.package_identification:_identify(.) by extension 'python'
[0.107s] Level 1:colcon.colcon_core.package_identification:_identify(.) by extensions ['python_setup_py']
[0.107s] Level 1:colcon.colcon_core.package_identification:_identify(.) by extension 'python_setup_py'
[0.108s] Level 1:colcon.colcon_core.package_identification:_identify(build) by extensions ['ignore', 'ignore_ament_install']
[0.108s] Level 1:colcon.colcon_core.package_identification:_identify(build) by extension 'ignore'
[0.108s] Level 1:colcon.colcon_core.package_identification:_identify(build) ignored
[0.108s] Level 1:colcon.colcon_core.package_identification:_identify(install) by extensions ['ignore', 'ignore_ament_install']
[0.108s] Level 1:colcon.colcon_core.package_identification:_identify(install) by extension 'ignore'
[0.108s] Level 1:colcon.colcon_core.package_identification:_identify(install) ignored
[0.108s] Level 1:colcon.colcon_core.package_identification:_identify(log) by extensions ['ignore', 'ignore_ament_install']
[0.109s] Level 1:colcon.colcon_core.package_identification:_identify(log) by extension 'ignore'
[0.109s] Level 1:colcon.colcon_core.package_identification:_identify(log) ignored
[0.109s] Level 1:colcon.colcon_core.package_identification:_identify(src) by extensions ['ignore', 'ignore_ament_install']
[0.109s] Level 1:colcon.colcon_core.package_identification:_identify(src) by extension 'ignore'
[0.109s] Level 1:colcon.colcon_core.package_identification:_identify(src) by extension 'ignore_ament_install'
[0.109s] Level 1:colcon.colcon_core.package_identification:_identify(src) by extensions ['colcon_pkg']
[0.109s] Level 1:colcon.colcon_core.package_identification:_identify(src) by extension 'colcon_pkg'
[0.109s] Level 1:colcon.colcon_core.package_identification:_identify(src) by extensions ['colcon_meta']
[0.109s] Level 1:colcon.colcon_core.package_identification:_identify(src) by extension 'colcon_meta'
[0.109s] Level 1:colcon.colcon_core.package_identification:_identify(src) by extensions ['ros']
[0.110s] Level 1:colcon.colcon_core.package_identification:_identify(src) by extension 'ros'
[0.110s] Level 1:colcon.colcon_core.package_identification:_identify(src) by extensions ['cmake', 'python']
[0.110s] Level 1:colcon.colcon_core.package_identification:_identify(src) by extension 'cmake'
[0.110s] Level 1:colcon.colcon_core.package_identification:_identify(src) by extension 'python'
[0.110s] Level 1:colcon.colcon_core.package_identification:_identify(src) by extensions ['python_setup_py']
[0.110s] Level 1:colcon.colcon_core.package_identification:_identify(src) by extension 'python_setup_py'
[0.110s] Level 1:colcon.colcon_core.package_identification:_identify(src/flightcontroller) by extensions ['ignore', 'ignore_ament_install']
[0.110s] Level 1:colcon.colcon_core.package_identification:_identify(src/flightcontroller) by extension 'ignore'
[0.111s] Level 1:colcon.colcon_core.package_identification:_identify(src/flightcontroller) by extension 'ignore_ament_install'
[0.111s] Level 1:colcon.colcon_core.package_identification:_identify(src/flightcontroller) by extensions ['colcon_pkg']
[0.111s] Level 1:colcon.colcon_core.package_identification:_identify(src/flightcontroller) by extension 'colcon_pkg'
[0.111s] Level 1:colcon.colcon_core.package_identification:_identify(src/flightcontroller) by extensions ['colcon_meta']
[0.111s] Level 1:colcon.colcon_core.package_identification:_identify(src/flightcontroller) by extension 'colcon_meta'
[0.111s] Level 1:colcon.colcon_core.package_identification:_identify(src/flightcontroller) by extensions ['ros']
[0.111s] Level 1:colcon.colcon_core.package_identification:_identify(src/flightcontroller) by extension 'ros'
[0.113s] DEBUG:colcon.colcon_core.package_identification:Package 'src/flightcontroller' with type 'ros.ament_cmake' and name 'flightcontroller'
[0.113s] Level 1:colcon.colcon_core.package_identification:_identify(src/flightgoggles) by extensions ['ignore', 'ignore_ament_install']
[0.113s] Level 1:colcon.colcon_core.package_identification:_identify(src/flightgoggles) by extension 'ignore'
[0.113s] Level 1:colcon.colcon_core.package_identification:_identify(src/flightgoggles) by extension 'ignore_ament_install'
[0.113s] Level 1:colcon.colcon_core.package_identification:_identify(src/flightgoggles) by extensions ['colcon_pkg']
[0.114s] Level 1:colcon.colcon_core.package_identification:_identify(src/flightgoggles) by extension 'colcon_pkg'
[0.114s] Level 1:colcon.colcon_core.package_identification:_identify(src/flightgoggles) by extensions ['colcon_meta']
[0.114s] Level 1:colcon.colcon_core.package_identification:_identify(src/flightgoggles) by extension 'colcon_meta'
[0.114s] Level 1:colcon.colcon_core.package_identification:_identify(src/flightgoggles) by extensions ['ros']
[0.114s] Level 1:colcon.colcon_core.package_identification:_identify(src/flightgoggles) by extension 'ros'
[0.114s] Level 1:colcon.colcon_core.package_identification:_identify(src/flightgoggles) by extensions ['cmake', 'python']
[0.114s] Level 1:colcon.colcon_core.package_identification:_identify(src/flightgoggles) by extension 'cmake'
[0.114s] Level 1:colcon.colcon_core.package_identification:_identify(src/flightgoggles) by extension 'python'
[0.114s] Level 1:colcon.colcon_core.package_identification:_identify(src/flightgoggles) by extensions ['python_setup_py']
[0.114s] Level 1:colcon.colcon_core.package_identification:_identify(src/flightgoggles) by extension 'python_setup_py'
[0.114s] Level 1:colcon.colcon_core.package_identification:_identify(src/flightgoggles/flightgoggles) by extensions ['ignore', 'ignore_ament_install']
[0.114s] Level 1:colcon.colcon_core.package_identification:_identify(src/flightgoggles/flightgoggles) by extension 'ignore'
[0.114s] Level 1:colcon.colcon_core.package_identification:_identify(src/flightgoggles/flightgoggles) by extension 'ignore_ament_install'
[0.115s] Level 1:colcon.colcon_core.package_identification:_identify(src/flightgoggles/flightgoggles) by extensions ['colcon_pkg']
[0.115s] Level 1:colcon.colcon_core.package_identification:_identify(src/flightgoggles/flightgoggles) by extension 'colcon_pkg'
[0.115s] Level 1:colcon.colcon_core.package_identification:_identify(src/flightgoggles/flightgoggles) by extensions ['colcon_meta']
[0.115s] Level 1:colcon.colcon_core.package_identification:_identify(src/flightgoggles/flightgoggles) by extension 'colcon_meta'
[0.115s] Level 1:colcon.colcon_core.package_identification:_identify(src/flightgoggles/flightgoggles) by extensions ['ros']
[0.115s] Level 1:colcon.colcon_core.package_identification:_identify(src/flightgoggles/flightgoggles) by extension 'ros'
[0.115s] DEBUG:colcon.colcon_core.package_identification:Package 'src/flightgoggles/flightgoggles' with type 'ros.ament_cmake' and name 'flightgoggles'
[0.116s] Level 1:colcon.colcon_core.package_identification:_identify(src/flightgoggles/flightgoggles_uav_dynamics) by extensions ['ignore', 'ignore_ament_install']
[0.116s] Level 1:colcon.colcon_core.package_identification:_identify(src/flightgoggles/flightgoggles_uav_dynamics) by extension 'ignore'
[0.116s] Level 1:colcon.colcon_core.package_identification:_identify(src/flightgoggles/flightgoggles_uav_dynamics) by extension 'ignore_ament_install'
[0.116s] Level 1:colcon.colcon_core.package_identification:_identify(src/flightgoggles/flightgoggles_uav_dynamics) by extensions ['colcon_pkg']
[0.116s] Level 1:colcon.colcon_core.package_identification:_identify(src/flightgoggles/flightgoggles_uav_dynamics) by extension 'colcon_pkg'
[0.116s] Level 1:colcon.colcon_core.package_identification:_identify(src/flightgoggles/flightgoggles_uav_dynamics) by extensions ['colcon_meta']
[0.116s] Level 1:colcon.colcon_core.package_identification:_identify(src/flightgoggles/flightgoggles_uav_dynamics) by extension 'colcon_meta'
[0.116s] Level 1:colcon.colcon_core.package_identification:_identify(src/flightgoggles/flightgoggles_uav_dynamics) by extensions ['ros']
[0.116s] Level 1:colcon.colcon_core.package_identification:_identify(src/flightgoggles/flightgoggles_uav_dynamics) by extension 'ros'
[0.117s] DEBUG:colcon.colcon_core.package_identification:Package 'src/flightgoggles/flightgoggles_uav_dynamics' with type 'ros.ament_cmake' and name 'flightgoggles_uav_dynamics'
[0.117s] Level 1:colcon.colcon_core.package_identification:_identify(src/ros2-keyboard) by extensions ['ignore', 'ignore_ament_install']
[0.117s] Level 1:colcon.colcon_core.package_identification:_identify(src/ros2-keyboard) by extension 'ignore'
[0.117s] Level 1:colcon.colcon_core.package_identification:_identify(src/ros2-keyboard) by extension 'ignore_ament_install'
[0.118s] Level 1:colcon.colcon_core.package_identification:_identify(src/ros2-keyboard) by extensions ['colcon_pkg']
[0.118s] Level 1:colcon.colcon_core.package_identification:_identify(src/ros2-keyboard) by extension 'colcon_pkg'
[0.118s] Level 1:colcon.colcon_core.package_identification:_identify(src/ros2-keyboard) by extensions ['colcon_meta']
[0.118s] Level 1:colcon.colcon_core.package_identification:_identify(src/ros2-keyboard) by extension 'colcon_meta'
[0.118s] Level 1:colcon.colcon_core.package_identification:_identify(src/ros2-keyboard) by extensions ['ros']
[0.118s] Level 1:colcon.colcon_core.package_identification:_identify(src/ros2-keyboard) by extension 'ros'
[0.118s] Level 1:colcon.colcon_core.package_identification:_identify(src/ros2-keyboard) by extensions ['cmake', 'python']
[0.118s] Level 1:colcon.colcon_core.package_identification:_identify(src/ros2-keyboard) by extension 'cmake'
[0.118s] Level 1:colcon.colcon_core.package_identification:_identify(src/ros2-keyboard) by extension 'python'
[0.118s] Level 1:colcon.colcon_core.package_identification:_identify(src/ros2-keyboard) by extensions ['python_setup_py']
[0.118s] Level 1:colcon.colcon_core.package_identification:_identify(src/ros2-keyboard) by extension 'python_setup_py'
[0.118s] Level 1:colcon.colcon_core.package_identification:_identify(src/ros2-keyboard/keyboard) by extensions ['ignore', 'ignore_ament_install']
[0.118s] Level 1:colcon.colcon_core.package_identification:_identify(src/ros2-keyboard/keyboard) by extension 'ignore'
[0.118s] Level 1:colcon.colcon_core.package_identification:_identify(src/ros2-keyboard/keyboard) by extension 'ignore_ament_install'
[0.119s] Level 1:colcon.colcon_core.package_identification:_identify(src/ros2-keyboard/keyboard) by extensions ['colcon_pkg']
[0.119s] Level 1:colcon.colcon_core.package_identification:_identify(src/ros2-keyboard/keyboard) by extension 'colcon_pkg'
[0.119s] Level 1:colcon.colcon_core.package_identification:_identify(src/ros2-keyboard/keyboard) by extensions ['colcon_meta']
[0.119s] Level 1:colcon.colcon_core.package_identification:_identify(src/ros2-keyboard/keyboard) by extension 'colcon_meta'
[0.119s] Level 1:colcon.colcon_core.package_identification:_identify(src/ros2-keyboard/keyboard) by extensions ['ros']
[0.119s] Level 1:colcon.colcon_core.package_identification:_identify(src/ros2-keyboard/keyboard) by extension 'ros'
[0.119s] DEBUG:colcon.colcon_core.package_identification:Package 'src/ros2-keyboard/keyboard' with type 'ros.ament_cmake' and name 'keyboard'
[0.120s] Level 1:colcon.colcon_core.package_identification:_identify(src/ros2-keyboard/keyboard_msgs) by extensions ['ignore', 'ignore_ament_install']
[0.120s] Level 1:colcon.colcon_core.package_identification:_identify(src/ros2-keyboard/keyboard_msgs) by extension 'ignore'
[0.120s] Level 1:colcon.colcon_core.package_identification:_identify(src/ros2-keyboard/keyboard_msgs) by extension 'ignore_ament_install'
[0.120s] Level 1:colcon.colcon_core.package_identification:_identify(src/ros2-keyboard/keyboard_msgs) by extensions ['colcon_pkg']
[0.120s] Level 1:colcon.colcon_core.package_identification:_identify(src/ros2-keyboard/keyboard_msgs) by extension 'colcon_pkg'
[0.120s] Level 1:colcon.colcon_core.package_identification:_identify(src/ros2-keyboard/keyboard_msgs) by extensions ['colcon_meta']
[0.120s] Level 1:colcon.colcon_core.package_identification:_identify(src/ros2-keyboard/keyboard_msgs) by extension 'colcon_meta'
[0.120s] Level 1:colcon.colcon_core.package_identification:_identify(src/ros2-keyboard/keyboard_msgs) by extensions ['ros']
[0.120s] Level 1:colcon.colcon_core.package_identification:_identify(src/ros2-keyboard/keyboard_msgs) by extension 'ros'
[0.121s] DEBUG:colcon.colcon_core.package_identification:Package 'src/ros2-keyboard/keyboard_msgs' with type 'ros.ament_cmake' and name 'keyboard_msgs'
[0.121s] Level 1:colcon.colcon_core.package_identification:_identify(src/sensor_simulation) by extensions ['ignore', 'ignore_ament_install']
[0.121s] Level 1:colcon.colcon_core.package_identification:_identify(src/sensor_simulation) by extension 'ignore'
[0.121s] Level 1:colcon.colcon_core.package_identification:_identify(src/sensor_simulation) by extension 'ignore_ament_install'
[0.121s] Level 1:colcon.colcon_core.package_identification:_identify(src/sensor_simulation) by extensions ['colcon_pkg']
[0.121s] Level 1:colcon.colcon_core.package_identification:_identify(src/sensor_simulation) by extension 'colcon_pkg'
[0.121s] Level 1:colcon.colcon_core.package_identification:_identify(src/sensor_simulation) by extensions ['colcon_meta']
[0.121s] Level 1:colcon.colcon_core.package_identification:_identify(src/sensor_simulation) by extension 'colcon_meta'
[0.121s] Level 1:colcon.colcon_core.package_identification:_identify(src/sensor_simulation) by extensions ['ros']
[0.121s] Level 1:colcon.colcon_core.package_identification:_identify(src/sensor_simulation) by extension 'ros'
[0.122s] DEBUG:colcon.colcon_core.package_identification:Package 'src/sensor_simulation' with type 'ros.ament_cmake' and name 'sensor_simulation'
[0.122s] Level 1:colcon.colcon_core.package_identification:_identify(src/simple_control) by extensions ['ignore', 'ignore_ament_install']
[0.122s] Level 1:colcon.colcon_core.package_identification:_identify(src/simple_control) by extension 'ignore'
[0.122s] Level 1:colcon.colcon_core.package_identification:_identify(src/simple_control) by extension 'ignore_ament_install'
[0.122s] Level 1:colcon.colcon_core.package_identification:_identify(src/simple_control) by extensions ['colcon_pkg']
[0.122s] Level 1:colcon.colcon_core.package_identification:_identify(src/simple_control) by extension 'colcon_pkg'
[0.122s] Level 1:colcon.colcon_core.package_identification:_identify(src/simple_control) by extensions ['colcon_meta']
[0.122s] Level 1:colcon.colcon_core.package_identification:_identify(src/simple_control) by extension 'colcon_meta'
[0.122s] Level 1:colcon.colcon_core.package_identification:_identify(src/simple_control) by extensions ['ros']
[0.122s] Level 1:colcon.colcon_core.package_identification:_identify(src/simple_control) by extension 'ros'
[0.122s] DEBUG:colcon.colcon_core.package_identification:Package 'src/simple_control' with type 'ros.ament_python' and name 'simple_control'
[0.123s] Level 1:colcon.colcon_core.package_identification:_identify(src/simple_sim) by extensions ['ignore', 'ignore_ament_install']
[0.123s] Level 1:colcon.colcon_core.package_identification:_identify(src/simple_sim) by extension 'ignore'
[0.123s] Level 1:colcon.colcon_core.package_identification:_identify(src/simple_sim) by extension 'ignore_ament_install'
[0.123s] Level 1:colcon.colcon_core.package_identification:_identify(src/simple_sim) by extensions ['colcon_pkg']
[0.123s] Level 1:colcon.colcon_core.package_identification:_identify(src/simple_sim) by extension 'colcon_pkg'
[0.123s] Level 1:colcon.colcon_core.package_identification:_identify(src/simple_sim) by extensions ['colcon_meta']
[0.123s] Level 1:colcon.colcon_core.package_identification:_identify(src/simple_sim) by extension 'colcon_meta'
[0.123s] Level 1:colcon.colcon_core.package_identification:_identify(src/simple_sim) by extensions ['ros']
[0.123s] Level 1:colcon.colcon_core.package_identification:_identify(src/simple_sim) by extension 'ros'
[0.123s] DEBUG:colcon.colcon_core.package_identification:Package 'src/simple_sim' with type 'ros.ament_python' and name 'simple_sim'
[0.124s] Level 1:colcon.colcon_core.package_identification:_identify(src/visualizer) by extensions ['ignore', 'ignore_ament_install']
[0.124s] Level 1:colcon.colcon_core.package_identification:_identify(src/visualizer) by extension 'ignore'
[0.124s] Level 1:colcon.colcon_core.package_identification:_identify(src/visualizer) by extension 'ignore_ament_install'
[0.124s] Level 1:colcon.colcon_core.package_identification:_identify(src/visualizer) by extensions ['colcon_pkg']
[0.124s] Level 1:colcon.colcon_core.package_identification:_identify(src/visualizer) by extension 'colcon_pkg'
[0.124s] Level 1:colcon.colcon_core.package_identification:_identify(src/visualizer) by extensions ['colcon_meta']
[0.124s] Level 1:colcon.colcon_core.package_identification:_identify(src/visualizer) by extension 'colcon_meta'
[0.124s] Level 1:colcon.colcon_core.package_identification:_identify(src/visualizer) by extensions ['ros']
[0.124s] Level 1:colcon.colcon_core.package_identification:_identify(src/visualizer) by extension 'ros'
[0.125s] DEBUG:colcon.colcon_core.package_identification:Package 'src/visualizer' with type 'ros.ament_cmake' and name 'visualizer'
[0.125s] Level 1:colcon.colcon_core.package_discovery:discover_packages(recursive) using defaults
[0.125s] Level 1:colcon.colcon_core.package_discovery:discover_packages(ignore) discover
[0.125s] Level 1:colcon.colcon_core.package_discovery:discover_packages(ignore) using defaults
[0.125s] Level 1:colcon.colcon_core.package_discovery:discover_packages(path) discover
[0.125s] Level 1:colcon.colcon_core.package_discovery:discover_packages(path) using defaults
[0.136s] Level 1:colcon.colcon_core.package_discovery:discover_packages(prefix_path) check parameters
[0.136s] Level 1:colcon.colcon_core.package_discovery:discover_packages(prefix_path) discover
[0.141s] DEBUG:colcon.colcon_installed_package_information.package_discovery:Found 9 installed packages in /root/csci_420_robotics_labs/lab6_ws/install
[0.142s] DEBUG:colcon.colcon_installed_package_information.package_discovery:Found 401 installed packages in /opt/ros/kilted
[0.143s] Level 1:colcon.colcon_core.package_discovery:discover_packages(prefix_path) using defaults
[0.177s] Level 5:colcon.colcon_core.verb:set package 'flightcontroller' build argument 'cmake_args' from command line to 'None'
[0.177s] Level 5:colcon.colcon_core.verb:set package 'flightcontroller' build argument 'cmake_target' from command line to 'None'
[0.177s] Level 5:colcon.colcon_core.verb:set package 'flightcontroller' build argument 'cmake_target_skip_unavailable' from command line to 'False'
[0.177s] Level 5:colcon.colcon_core.verb:set package 'flightcontroller' build argument 'cmake_clean_cache' from command line to 'False'
[0.177s] Level 5:colcon.colcon_core.verb:set package 'flightcontroller' build argument 'cmake_clean_first' from command line to 'False'
[0.177s] Level 5:colcon.colcon_core.verb:set package 'flightcontroller' build argument 'cmake_force_configure' from command line to 'False'
[0.177s] Level 5:colcon.colcon_core.verb:set package 'flightcontroller' build argument 'ament_cmake_args' from command line to 'None'
[0.178s] Level 5:colcon.colcon_core.verb:set package 'flightcontroller' build argument 'catkin_cmake_args' from command line to 'None'
[0.178s] Level 5:colcon.colcon_core.verb:set package 'flightcontroller' build argument 'catkin_skip_building_tests' from command line to 'False'
[0.178s] DEBUG:colcon.colcon_core.verb:Building package 'flightcontroller' with the following arguments: {'ament_cmake_args': None, 'build_base': '/root/csci_420_robotics_labs/lab6_ws/build/flightcontroller', 'catkin_cmake_args': None, 'catkin_skip_building_tests': False, 'cmake_args': None, 'cmake_clean_cache': False, 'cmake_clean_first': False, 'cmake_force_configure': False, 'cmake_target': None, 'cmake_target_skip_unavailable': False, 'install_base': '/root/csci_420_robotics_labs/lab6_ws/install/flightcontroller', 'merge_install': False, 'path': '/root/csci_420_robotics_labs/lab6_ws/src/flightcontroller', 'symlink_install': False, 'test_result_base': None}
[0.178s] Level 5:colcon.colcon_core.verb:set package 'flightgoggles' build argument 'cmake_args' from command line to 'None'
[0.178s] Level 5:colcon.colcon_core.verb:set package 'flightgoggles' build argument 'cmake_target' from command line to 'None'
[0.178s] Level 5:colcon.colcon_core.verb:set package 'flightgoggles' build argument 'cmake_target_skip_unavailable' from command line to 'False'
[0.178s] Level 5:colcon.colcon_core.verb:set package 'flightgoggles' build argument 'cmake_clean_cache' from command line to 'False'
[0.178s] Level 5:colcon.colcon_core.verb:set package 'flightgoggles' build argument 'cmake_clean_first' from command line to 'False'
[0.178s] Level 5:colcon.colcon_core.verb:set package 'flightgoggles' build argument 'cmake_force_configure' from command line to 'False'
[0.178s] Level 5:colcon.colcon_core.verb:set package 'flightgoggles' build argument 'ament_cmake_args' from command line to 'None'
[0.178s] Level 5:colcon.colcon_core.verb:set package 'flightgoggles' build argument 'catkin_cmake_args' from command line to 'None'
[0.178s] Level 5:colcon.colcon_core.verb:set package 'flightgoggles' build argument 'catkin_skip_building_tests' from command line to 'False'
[0.178s] DEBUG:colcon.colcon_core.verb:Building package 'flightgoggles' with the following arguments: {'ament_cmake_args': None, 'build_base': '/root/csci_420_robotics_labs/lab6_ws/build/flightgoggles', 'catkin_cmake_args': None, 'catkin_skip_building_tests': False, 'cmake_args': None, 'cmake_clean_cache': False, 'cmake_clean_first': False, 'cmake_force_configure': False, 'cmake_target': None, 'cmake_target_skip_unavailable': False, 'install_base': '/root/csci_420_robotics_labs/lab6_ws/install/flightgoggles', 'merge_install': False, 'path': '/root/csci_420_robotics_labs/lab6_ws/src/flightgoggles/flightgoggles', 'symlink_install': False, 'test_result_base': None}
[0.178s] Level 5:colcon.colcon_core.verb:set package 'flightgoggles_uav_dynamics' build argument 'cmake_args' from command line to 'None'
[0.178s] Level 5:colcon.colcon_core.verb:set package 'flightgoggles_uav_dynamics' build argument 'cmake_target' from command line to 'None'
[0.178s] Level 5:colcon.colcon_core.verb:set package 'flightgoggles_uav_dynamics' build argument 'cmake_target_skip_unavailable' from command line to 'False'
[0.178s] Level 5:colcon.colcon_core.verb:set package 'flightgoggles_uav_dynamics' build argument 'cmake_clean_cache' from command line to 'False'
[0.178s] Level 5:colcon.colcon_core.verb:set package 'flightgoggles_uav_dynamics' build argument 'cmake_clean_first' from command line to 'False'
[0.178s] Level 5:colcon.colcon_core.verb:set package 'flightgoggles_uav_dynamics' build argument 'cmake_force_configure' from command line to 'False'
[0.179s] Level 5:colcon.colcon_core.verb:set package 'flightgoggles_uav_dynamics' build argument 'ament_cmake_args' from command line to 'None'
[0.179s] Level 5:colcon.colcon_core.verb:set package 'flightgoggles_uav_dynamics' build argument 'catkin_cmake_args' from command line to 'None'
[0.179s] Level 5:colcon.colcon_core.verb:set package 'flightgoggles_uav_dynamics' build argument 'catkin_skip_building_tests' from command line to 'False'
[0.179s] DEBUG:colcon.colcon_core.verb:Building package 'flightgoggles_uav_dynamics' with the following arguments: {'ament_cmake_args': None, 'build_base': '/root/csci_420_robotics_labs/lab6_ws/build/flightgoggles_uav_dynamics', 'catkin_cmake_args': None, 'catkin_skip_building_tests': False, 'cmake_args': None, 'cmake_clean_cache': False, 'cmake_clean_first': False, 'cmake_force_configure': False, 'cmake_target': None, 'cmake_target_skip_unavailable': False, 'install_base': '/root/csci_420_robotics_labs/lab6_ws/install/flightgoggles_uav_dynamics', 'merge_install': False, 'path': '/root/csci_420_robotics_labs/lab6_ws/src/flightgoggles/flightgoggles_uav_dynamics', 'symlink_install': False, 'test_result_base': None}
[0.179s] Level 5:colcon.colcon_core.verb:set package 'keyboard_msgs' build argument 'cmake_args' from command line to 'None'
[0.179s] Level 5:colcon.colcon_core.verb:set package 'keyboard_msgs' build argument 'cmake_target' from command line to 'None'
[0.179s] Level 5:colcon.colcon_core.verb:set package 'keyboard_msgs' build argument 'cmake_target_skip_unavailable' from command line to 'False'
[0.179s] Level 5:colcon.colcon_core.verb:set package 'keyboard_msgs' build argument 'cmake_clean_cache' from command line to 'False'
[0.179s] Level 5:colcon.colcon_core.verb:set package 'keyboard_msgs' build argument 'cmake_clean_first' from command line to 'False'
[0.179s] Level 5:colcon.colcon_core.verb:set package 'keyboard_msgs' build argument 'cmake_force_configure' from command line to 'False'
[0.179s] Level 5:colcon.colcon_core.verb:set package 'keyboard_msgs' build argument 'ament_cmake_args' from command line to 'None'
[0.179s] Level 5:colcon.colcon_core.verb:set package 'keyboard_msgs' build argument 'catkin_cmake_args' from command line to 'None'
[0.179s] Level 5:colcon.colcon_core.verb:set package 'keyboard_msgs' build argument 'catkin_skip_building_tests' from command line to 'False'
[0.179s] DEBUG:colcon.colcon_core.verb:Building package 'keyboard_msgs' with the following arguments: {'ament_cmake_args': None, 'build_base': '/root/csci_420_robotics_labs/lab6_ws/build/keyboard_msgs', 'catkin_cmake_args': None, 'catkin_skip_building_tests': False, 'cmake_args': None, 'cmake_clean_cache': False, 'cmake_clean_first': False, 'cmake_force_configure': False, 'cmake_target': None, 'cmake_target_skip_unavailable': False, 'install_base': '/root/csci_420_robotics_labs/lab6_ws/install/keyboard_msgs', 'merge_install': False, 'path': '/root/csci_420_robotics_labs/lab6_ws/src/ros2-keyboard/keyboard_msgs', 'symlink_install': False, 'test_result_base': None}
[0.179s] Level 5:colcon.colcon_core.verb:set package 'sensor_simulation' build argument 'cmake_args' from command line to 'None'
[0.179s] Level 5:colcon.colcon_core.verb:set package 'sensor_simulation' build argument 'cmake_target' from command line to 'None'
[0.179s] Level 5:colcon.colcon_core.verb:set package 'sensor_simulation' build argument 'cmake_target_skip_unavailable' from command line to 'False'
[0.179s] Level 5:colcon.colcon_core.verb:set package 'sensor_simulation' build argument 'cmake_clean_cache' from command line to 'False'
[0.179s] Level 5:colcon.colcon_core.verb:set package 'sensor_simulation' build argument 'cmake_clean_first' from command line to 'False'
[0.179s] Level 5:colcon.colcon_core.verb:set package 'sensor_simulation' build argument 'cmake_force_configure' from command line to 'False'
[0.180s] Level 5:colcon.colcon_core.verb:set package 'sensor_simulation' build argument 'ament_cmake_args' from command line to 'None'
[0.180s] Level 5:colcon.colcon_core.verb:set package 'sensor_simulation' build argument 'catkin_cmake_args' from command line to 'None'
[0.180s] Level 5:colcon.colcon_core.verb:set package 'sensor_simulation' build argument 'catkin_skip_building_tests' from command line to 'False'
[0.180s] DEBUG:colcon.colcon_core.verb:Building package 'sensor_simulation' with the following arguments: {'ament_cmake_args': None, 'build_base': '/root/csci_420_robotics_labs/lab6_ws/build/sensor_simulation', 'catkin_cmake_args': None, 'catkin_skip_building_tests': False, 'cmake_args': None, 'cmake_clean_cache': False, 'cmake_clean_first': False, 'cmake_force_configure': False, 'cmake_target': None, 'cmake_target_skip_unavailable': False, 'install_base': '/root/csci_420_robotics_labs/lab6_ws/install/sensor_simulation', 'merge_install': False, 'path': '/root/csci_420_robotics_labs/lab6_ws/src/sensor_simulation', 'symlink_install': False, 'test_result_base': None}
[0.180s] Level 5:colcon.colcon_core.verb:set package 'simple_control' build argument 'cmake_args' from command line to 'None'
[0.180s] Level 5:colcon.colcon_core.verb:set package 'simple_control' build argument 'cmake_target' from command line to 'None'
[0.180s] Level 5:colcon.colcon_core.verb:set package 'simple_control' build argument 'cmake_target_skip_unavailable' from command line to 'False'
[0.180s] Level 5:colcon.colcon_core.verb:set package 'simple_control' build argument 'cmake_clean_cache' from command line to 'False'
[0.180s] Level 5:colcon.colcon_core.verb:set package 'simple_control' build argument 'cmake_clean_first' from command line to 'False'
[0.180s] Level 5:colcon.colcon_core.verb:set package 'simple_control' build argument 'cmake_force_configure' from command line to 'False'
[0.180s] Level 5:colcon.colcon_core.verb:set package 'simple_control' build argument 'ament_cmake_args' from command line to 'None'
[0.180s] Level 5:colcon.colcon_core.verb:set package 'simple_control' build argument 'catkin_cmake_args' from command line to 'None'
[0.180s] Level 5:colcon.colcon_core.verb:set package 'simple_control' build argument 'catkin_skip_building_tests' from command line to 'False'
[0.180s] DEBUG:colcon.colcon_core.verb:Building package 'simple_control' with the following arguments: {'ament_cmake_args': None, 'build_base': '/root/csci_420_robotics_labs/lab6_ws/build/simple_control', 'catkin_cmake_args': None, 'catkin_skip_building_tests': False, 'cmake_args': None, 'cmake_clean_cache': False, 'cmake_clean_first': False, 'cmake_force_configure': False, 'cmake_target': None, 'cmake_target_skip_unavailable': False, 'install_base': '/root/csci_420_robotics_labs/lab6_ws/install/simple_control', 'merge_install': False, 'path': '/root/csci_420_robotics_labs/lab6_ws/src/simple_control', 'symlink_install': False, 'test_result_base': None}
[0.180s] Level 5:colcon.colcon_core.verb:set package 'simple_sim' build argument 'cmake_args' from command line to 'None'
[0.180s] Level 5:colcon.colcon_core.verb:set package 'simple_sim' build argument 'cmake_target' from command line to 'None'
[0.180s] Level 5:colcon.colcon_core.verb:set package 'simple_sim' build argument 'cmake_target_skip_unavailable' from command line to 'False'
[0.180s] Level 5:colcon.colcon_core.verb:set package 'simple_sim' build argument 'cmake_clean_cache' from command line to 'False'
[0.180s] Level 5:colcon.colcon_core.verb:set package 'simple_sim' build argument 'cmake_clean_first' from command line to 'False'
[0.180s] Level 5:colcon.colcon_core.verb:set package 'simple_sim' build argument 'cmake_force_configure' from command line to 'False'
[0.181s] Level 5:colcon.colcon_core.verb:set package 'simple_sim' build argument 'ament_cmake_args' from command line to 'None'
[0.181s] Level 5:colcon.colcon_core.verb:set package 'simple_sim' build argument 'catkin_cmake_args' from command line to 'None'
[0.181s] Level 5:colcon.colcon_core.verb:set package 'simple_sim' build argument 'catkin_skip_building_tests' from command line to 'False'
[0.181s] DEBUG:colcon.colcon_core.verb:Building package 'simple_sim' with the following arguments: {'ament_cmake_args': None, 'build_base': '/root/csci_420_robotics_labs/lab6_ws/build/simple_sim', 'catkin_cmake_args': None, 'catkin_skip_building_tests': False, 'cmake_args': None, 'cmake_clean_cache': False, 'cmake_clean_first': False, 'cmake_force_configure': False, 'cmake_target': None, 'cmake_target_skip_unavailable': False, 'install_base': '/root/csci_420_robotics_labs/lab6_ws/install/simple_sim', 'merge_install': False, 'path': '/root/csci_420_robotics_labs/lab6_ws/src/simple_sim', 'symlink_install': False, 'test_result_base': None}
[0.181s] Level 5:colcon.colcon_core.verb:set package 'visualizer' build argument 'cmake_args' from command line to 'None'
[0.181s] Level 5:colcon.colcon_core.verb:set package 'visualizer' build argument 'cmake_target' from command line to 'None'
[0.181s] Level 5:colcon.colcon_core.verb:set package 'visualizer' build argument 'cmake_target_skip_unavailable' from command line to 'False'
[0.181s] Level 5:colcon.colcon_core.verb:set package 'visualizer' build argument 'cmake_clean_cache' from command line to 'False'
[0.181s] Level 5:colcon.colcon_core.verb:set package 'visualizer' build argument 'cmake_clean_first' from command line to 'False'
[0.181s] Level 5:colcon.colcon_core.verb:set package 'visualizer' build argument 'cmake_force_configure' from command line to 'False'
[0.181s] Level 5:colcon.colcon_core.verb:set package 'visualizer' build argument 'ament_cmake_args' from command line to 'None'
[0.181s] Level 5:colcon.colcon_core.verb:set package 'visualizer' build argument 'catkin_cmake_args' from command line to 'None'
[0.181s] Level 5:colcon.colcon_core.verb:set package 'visualizer' build argument 'catkin_skip_building_tests' from command line to 'False'
[0.181s] DEBUG:colcon.colcon_core.verb:Building package 'visualizer' with the following arguments: {'ament_cmake_args': None, 'build_base': '/root/csci_420_robotics_labs/lab6_ws/build/visualizer', 'catkin_cmake_args': None, 'catkin_skip_building_tests': False, 'cmake_args': None, 'cmake_clean_cache': False, 'cmake_clean_first': False, 'cmake_force_configure': False, 'cmake_target': None, 'cmake_target_skip_unavailable': False, 'install_base': '/root/csci_420_robotics_labs/lab6_ws/install/visualizer', 'merge_install': False, 'path': '/root/csci_420_robotics_labs/lab6_ws/src/visualizer', 'symlink_install': False, 'test_result_base': None}
[0.181s] Level 5:colcon.colcon_core.verb:set package 'keyboard' build argument 'cmake_args' from command line to 'None'
[0.181s] Level 5:colcon.colcon_core.verb:set package 'keyboard' build argument 'cmake_target' from command line to 'None'
[0.181s] Level 5:colcon.colcon_core.verb:set package 'keyboard' build argument 'cmake_target_skip_unavailable' from command line to 'False'
[0.181s] Level 5:colcon.colcon_core.verb:set package 'keyboard' build argument 'cmake_clean_cache' from command line to 'False'
[0.181s] Level 5:colcon.colcon_core.verb:set package 'keyboard' build argument 'cmake_clean_first' from command line to 'False'
[0.181s] Level 5:colcon.colcon_core.verb:set package 'keyboard' build argument 'cmake_force_configure' from command line to 'False'
[0.181s] Level 5:colcon.colcon_core.verb:set package 'keyboard' build argument 'ament_cmake_args' from command line to 'None'
[0.181s] Level 5:colcon.colcon_core.verb:set package 'keyboard' build argument 'catkin_cmake_args' from command line to 'None'
[0.181s] Level 5:colcon.colcon_core.verb:set package 'keyboard' build argument 'catkin_skip_building_tests' from command line to 'False'
[0.182s] DEBUG:colcon.colcon_core.verb:Building package 'keyboard' with the following arguments: {'ament_cmake_args': None, 'build_base': '/root/csci_420_robotics_labs/lab6_ws/build/keyboard', 'catkin_cmake_args': None, 'catkin_skip_building_tests': False, 'cmake_args': None, 'cmake_clean_cache': False, 'cmake_clean_first': False, 'cmake_force_configure': False, 'cmake_target': None, 'cmake_target_skip_unavailable': False, 'install_base': '/root/csci_420_robotics_labs/lab6_ws/install/keyboard', 'merge_install': False, 'path': '/root/csci_420_robotics_labs/lab6_ws/src/ros2-keyboard/keyboard', 'symlink_install': False, 'test_result_base': None}
[0.182s] INFO:colcon.colcon_core.executor:Executing jobs using 'parallel' executor
[0.182s] DEBUG:colcon.colcon_parallel_executor.executor.parallel:run_until_complete
[0.182s] INFO:colcon.colcon_ros.task.ament_cmake.build:Building ROS package in '/root/csci_420_robotics_labs/lab6_ws/src/ros2-keyboard/keyboard_msgs' with build type 'ament_cmake'
[0.182s] INFO:colcon.colcon_cmake.task.cmake.build:Building CMake package in '/root/csci_420_robotics_labs/lab6_ws/src/ros2-keyboard/keyboard_msgs'
[0.183s] INFO:colcon.colcon_core.plugin_system:Skipping extension 'colcon_core.shell.bat': Not used on non-Windows systems
[0.183s] INFO:colcon.colcon_core.shell:Skip shell extension 'powershell' for command environment: Not usable outside of PowerShell
[0.183s] DEBUG:colcon.colcon_core.shell:Skip shell extension 'dsv' for command environment
[0.188s] INFO:colcon.colcon_ros.task.ament_cmake.build:Building ROS package in '/root/csci_420_robotics_labs/lab6_ws/src/flightcontroller' with build type 'ament_cmake'
[0.189s] INFO:colcon.colcon_cmake.task.cmake.build:Building CMake package in '/root/csci_420_robotics_labs/lab6_ws/src/flightcontroller'
[0.189s] INFO:colcon.colcon_core.shell:Skip shell extension 'powershell' for command environment: Not usable outside of PowerShell
[0.189s] DEBUG:colcon.colcon_core.shell:Skip shell extension 'dsv' for command environment
[0.193s] INFO:colcon.colcon_ros.task.ament_cmake.build:Building ROS package in '/root/csci_420_robotics_labs/lab6_ws/src/flightgoggles/flightgoggles' with build type 'ament_cmake'
[0.193s] INFO:colcon.colcon_cmake.task.cmake.build:Building CMake package in '/root/csci_420_robotics_labs/lab6_ws/src/flightgoggles/flightgoggles'
[0.193s] INFO:colcon.colcon_core.shell:Skip shell extension 'powershell' for command environment: Not usable outside of PowerShell
[0.193s] DEBUG:colcon.colcon_core.shell:Skip shell extension 'dsv' for command environment
[0.198s] INFO:colcon.colcon_ros.task.ament_cmake.build:Building ROS package in '/root/csci_420_robotics_labs/lab6_ws/src/flightgoggles/flightgoggles_uav_dynamics' with build type 'ament_cmake'
[0.198s] INFO:colcon.colcon_cmake.task.cmake.build:Building CMake package in '/root/csci_420_robotics_labs/lab6_ws/src/flightgoggles/flightgoggles_uav_dynamics'
[0.198s] INFO:colcon.colcon_core.shell:Skip shell extension 'powershell' for command environment: Not usable outside of PowerShell
[0.198s] DEBUG:colcon.colcon_core.shell:Skip shell extension 'dsv' for command environment
[0.202s] INFO:colcon.colcon_ros.task.ament_cmake.build:Building ROS package in '/root/csci_420_robotics_labs/lab6_ws/src/sensor_simulation' with build type 'ament_cmake'
[0.202s] INFO:colcon.colcon_cmake.task.cmake.build:Building CMake package in '/root/csci_420_robotics_labs/lab6_ws/src/sensor_simulation'
[0.202s] INFO:colcon.colcon_core.shell:Skip shell extension 'powershell' for command environment: Not usable outside of PowerShell
[0.202s] DEBUG:colcon.colcon_core.shell:Skip shell extension 'dsv' for command environment
[0.206s] INFO:colcon.colcon_ros.task.ament_python.build:Building ROS package in '/root/csci_420_robotics_labs/lab6_ws/src/simple_control' with build type 'ament_python'
[0.206s] Level 1:colcon.colcon_core.shell:create_environment_hook('simple_control', 'ament_prefix_path')
[0.207s] INFO:colcon.colcon_core.shell:Creating environment hook '/root/csci_420_robotics_labs/lab6_ws/install/simple_control/share/simple_control/hook/ament_prefix_path.ps1'
[0.207s] INFO:colcon.colcon_core.shell:Creating environment descriptor '/root/csci_420_robotics_labs/lab6_ws/install/simple_control/share/simple_control/hook/ament_prefix_path.dsv'
[0.208s] INFO:colcon.colcon_core.shell:Creating environment hook '/root/csci_420_robotics_labs/lab6_ws/install/simple_control/share/simple_control/hook/ament_prefix_path.sh'
[0.209s] INFO:colcon.colcon_core.shell:Skip shell extension 'powershell' for command environment: Not usable outside of PowerShell
[0.209s] DEBUG:colcon.colcon_core.shell:Skip shell extension 'dsv' for command environment
[0.213s] INFO:colcon.colcon_ros.task.ament_python.build:Building ROS package in '/root/csci_420_robotics_labs/lab6_ws/src/simple_sim' with build type 'ament_python'
[0.213s] Level 1:colcon.colcon_core.shell:create_environment_hook('simple_sim', 'ament_prefix_path')
[0.213s] INFO:colcon.colcon_core.shell:Creating environment hook '/root/csci_420_robotics_labs/lab6_ws/install/simple_sim/share/simple_sim/hook/ament_prefix_path.ps1'
[0.214s] INFO:colcon.colcon_core.shell:Creating environment descriptor '/root/csci_420_robotics_labs/lab6_ws/install/simple_sim/share/simple_sim/hook/ament_prefix_path.dsv'
[0.214s] INFO:colcon.colcon_core.shell:Creating environment hook '/root/csci_420_robotics_labs/lab6_ws/install/simple_sim/share/simple_sim/hook/ament_prefix_path.sh'
[0.215s] INFO:colcon.colcon_core.shell:Skip shell extension 'powershell' for command environment: Not usable outside of PowerShell
[0.215s] DEBUG:colcon.colcon_core.shell:Skip shell extension 'dsv' for command environment
[0.219s] INFO:colcon.colcon_ros.task.ament_cmake.build:Building ROS package in '/root/csci_420_robotics_labs/lab6_ws/src/visualizer' with build type 'ament_cmake'
[0.219s] INFO:colcon.colcon_cmake.task.cmake.build:Building CMake package in '/root/csci_420_robotics_labs/lab6_ws/src/visualizer'
[0.219s] INFO:colcon.colcon_core.shell:Skip shell extension 'powershell' for command environment: Not usable outside of PowerShell
[0.219s] DEBUG:colcon.colcon_core.shell:Skip shell extension 'dsv' for command environment
[0.230s] DEBUG:colcon.colcon_core.event_handler.log_command:Invoking command in '/root/csci_420_robotics_labs/lab6_ws/build/keyboard_msgs': CMAKE_PREFIX_PATH=${CMAKE_PREFIX_PATH}:/root/csci_420_robotics_labs/lab6_ws/install/simple_sim:/root/csci_420_robotics_labs/lab6_ws/install/simple_control:/opt/ros/kilted /usr/bin/cmake --build /root/csci_420_robotics_labs/lab6_ws/build/keyboard_msgs -- -j8 -l8
[0.233s] DEBUG:colcon.colcon_core.event_handler.log_command:Invoking command in '/root/csci_420_robotics_labs/lab6_ws/build/flightcontroller': CMAKE_PREFIX_PATH=${CMAKE_PREFIX_PATH}:/root/csci_420_robotics_labs/lab6_ws/install/simple_sim:/root/csci_420_robotics_labs/lab6_ws/install/simple_control:/opt/ros/kilted /usr/bin/cmake --build /root/csci_420_robotics_labs/lab6_ws/build/flightcontroller -- -j8 -l8
[0.238s] DEBUG:colcon.colcon_core.event_handler.log_command:Invoking command in '/root/csci_420_robotics_labs/lab6_ws/build/flightgoggles': CMAKE_PREFIX_PATH=${CMAKE_PREFIX_PATH}:/root/csci_420_robotics_labs/lab6_ws/install/simple_sim:/root/csci_420_robotics_labs/lab6_ws/install/simple_control:/opt/ros/kilted /usr/bin/cmake --build /root/csci_420_robotics_labs/lab6_ws/build/flightgoggles -- -j8 -l8
[0.242s] DEBUG:colcon.colcon_core.event_handler.log_command:Invoking command in '/root/csci_420_robotics_labs/lab6_ws/build/flightgoggles_uav_dynamics': CMAKE_PREFIX_PATH=${CMAKE_PREFIX_PATH}:/root/csci_420_robotics_labs/lab6_ws/install/simple_sim:/root/csci_420_robotics_labs/lab6_ws/install/simple_control:/opt/ros/kilted /usr/bin/cmake --build /root/csci_420_robotics_labs/lab6_ws/build/flightgoggles_uav_dynamics -- -j8 -l8
[0.249s] DEBUG:colcon.colcon_core.event_handler.log_command:Invoking command in '/root/csci_420_robotics_labs/lab6_ws/build/sensor_simulation': CMAKE_PREFIX_PATH=${CMAKE_PREFIX_PATH}:/root/csci_420_robotics_labs/lab6_ws/install/simple_sim:/root/csci_420_robotics_labs/lab6_ws/install/simple_control:/opt/ros/kilted /usr/bin/cmake --build /root/csci_420_robotics_labs/lab6_ws/build/sensor_simulation -- -j8 -l8
[0.444s] INFO:colcon.colcon_core.task.python.build:Building Python package in '/root/csci_420_robotics_labs/lab6_ws/src/simple_control'
[0.444s] INFO:colcon.colcon_core.shell:Skip shell extension 'powershell' for command environment: Not usable outside of PowerShell
[0.444s] DEBUG:colcon.colcon_core.shell:Skip shell extension 'dsv' for command environment
[0.617s] INFO:colcon.colcon_core.task.python.build:Building Python package in '/root/csci_420_robotics_labs/lab6_ws/src/simple_sim'
[0.618s] INFO:colcon.colcon_core.shell:Skip shell extension 'powershell' for command environment: Not usable outside of PowerShell
[0.618s] DEBUG:colcon.colcon_core.shell:Skip shell extension 'dsv' for command environment
[0.651s] DEBUG:colcon.colcon_core.event_handler.log_command:Invoked command in '/root/csci_420_robotics_labs/lab6_ws/build/flightgoggles' returned '0': CMAKE_PREFIX_PATH=${CMAKE_PREFIX_PATH}:/root/csci_420_robotics_labs/lab6_ws/install/simple_sim:/root/csci_420_robotics_labs/lab6_ws/install/simple_control:/opt/ros/kilted /usr/bin/cmake --build /root/csci_420_robotics_labs/lab6_ws/build/flightgoggles -- -j8 -l8
[0.654s] DEBUG:colcon.colcon_core.event_handler.log_command:Invoking command in '/root/csci_420_robotics_labs/lab6_ws/build/flightgoggles': CMAKE_PREFIX_PATH=${CMAKE_PREFIX_PATH}:/root/csci_420_robotics_labs/lab6_ws/install/simple_sim:/root/csci_420_robotics_labs/lab6_ws/install/simple_control:/opt/ros/kilted /usr/bin/cmake --install /root/csci_420_robotics_labs/lab6_ws/build/flightgoggles
[0.654s] DEBUG:colcon.colcon_core.event_handler.log_command:Invoked command in '/root/csci_420_robotics_labs/lab6_ws/build/flightcontroller' returned '0': CMAKE_PREFIX_PATH=${CMAKE_PREFIX_PATH}:/root/csci_420_robotics_labs/lab6_ws/install/simple_sim:/root/csci_420_robotics_labs/lab6_ws/install/simple_control:/opt/ros/kilted /usr/bin/cmake --build /root/csci_420_robotics_labs/lab6_ws/build/flightcontroller -- -j8 -l8
[0.655s] DEBUG:colcon.colcon_core.event_handler.log_command:Invoking command in '/root/csci_420_robotics_labs/lab6_ws/build/flightcontroller': CMAKE_PREFIX_PATH=${CMAKE_PREFIX_PATH}:/root/csci_420_robotics_labs/lab6_ws/install/simple_sim:/root/csci_420_robotics_labs/lab6_ws/install/simple_control:/opt/ros/kilted /usr/bin/cmake --install /root/csci_420_robotics_labs/lab6_ws/build/flightcontroller
[0.655s] DEBUG:colcon.colcon_core.event_handler.log_command:Invoked command in '/root/csci_420_robotics_labs/lab6_ws/build/flightgoggles_uav_dynamics' returned '0': CMAKE_PREFIX_PATH=${CMAKE_PREFIX_PATH}:/root/csci_420_robotics_labs/lab6_ws/install/simple_sim:/root/csci_420_robotics_labs/lab6_ws/install/simple_control:/opt/ros/kilted /usr/bin/cmake --build /root/csci_420_robotics_labs/lab6_ws/build/flightgoggles_uav_dynamics -- -j8 -l8
[0.657s] DEBUG:colcon.colcon_core.event_handler.log_command:Invoking command in '/root/csci_420_robotics_labs/lab6_ws/build/flightgoggles_uav_dynamics': CMAKE_PREFIX_PATH=${CMAKE_PREFIX_PATH}:/root/csci_420_robotics_labs/lab6_ws/install/simple_sim:/root/csci_420_robotics_labs/lab6_ws/install/simple_control:/opt/ros/kilted /usr/bin/cmake --install /root/csci_420_robotics_labs/lab6_ws/build/flightgoggles_uav_dynamics
[0.658s] DEBUG:colcon.colcon_core.event_handler.log_command:Invoked command in '/root/csci_420_robotics_labs/lab6_ws/build/sensor_simulation' returned '0': CMAKE_PREFIX_PATH=${CMAKE_PREFIX_PATH}:/root/csci_420_robotics_labs/lab6_ws/install/simple_sim:/root/csci_420_robotics_labs/lab6_ws/install/simple_control:/opt/ros/kilted /usr/bin/cmake --build /root/csci_420_robotics_labs/lab6_ws/build/sensor_simulation -- -j8 -l8
[0.660s] DEBUG:colcon.colcon_core.event_handler.log_command:Invoking command in '/root/csci_420_robotics_labs/lab6_ws/build/sensor_simulation': CMAKE_PREFIX_PATH=${CMAKE_PREFIX_PATH}:/root/csci_420_robotics_labs/lab6_ws/install/simple_sim:/root/csci_420_robotics_labs/lab6_ws/install/simple_control:/opt/ros/kilted /usr/bin/cmake --install /root/csci_420_robotics_labs/lab6_ws/build/sensor_simulation
[0.671s] DEBUG:colcon.colcon_core.event_handler.log_command:Invoking command in '/root/csci_420_robotics_labs/lab6_ws/build/visualizer': CMAKE_PREFIX_PATH=${CMAKE_PREFIX_PATH}:/root/csci_420_robotics_labs/lab6_ws/install/simple_sim:/root/csci_420_robotics_labs/lab6_ws/install/simple_control:/opt/ros/kilted /usr/bin/cmake --build /root/csci_420_robotics_labs/lab6_ws/build/visualizer -- -j8 -l8
[0.690s] Level 1:colcon.colcon_core.environment:create_environment_scripts_only(flightgoggles)
[0.693s] Level 1:colcon.colcon_core.environment:checking '/root/csci_420_robotics_labs/lab6_ws/install/flightgoggles' for CMake module files
[0.703s] Level 1:colcon.colcon_core.environment:checking '/root/csci_420_robotics_labs/lab6_ws/install/flightgoggles' for CMake config files
[0.712s] Level 1:colcon.colcon_core.shell:create_environment_hook('flightgoggles', 'cmake_prefix_path')
[0.712s] INFO:colcon.colcon_core.shell:Creating environment hook '/root/csci_420_robotics_labs/lab6_ws/install/flightgoggles/share/flightgoggles/hook/cmake_prefix_path.ps1'
[0.714s] INFO:colcon.colcon_core.shell:Creating environment descriptor '/root/csci_420_robotics_labs/lab6_ws/install/flightgoggles/share/flightgoggles/hook/cmake_prefix_path.dsv'
[0.716s] INFO:colcon.colcon_core.shell:Creating environment hook '/root/csci_420_robotics_labs/lab6_ws/install/flightgoggles/share/flightgoggles/hook/cmake_prefix_path.sh'
[0.717s] Level 1:colcon.colcon_core.environment:checking '/root/csci_420_robotics_labs/lab6_ws/install/flightgoggles/bin'
[0.718s] Level 1:colcon.colcon_core.environment:checking '/root/csci_420_robotics_labs/lab6_ws/install/flightgoggles/lib/pkgconfig/flightgoggles.pc'
[0.718s] Level 1:colcon.colcon_core.environment:checking '/root/csci_420_robotics_labs/lab6_ws/install/flightgoggles/lib/python3.12/site-packages'
[0.718s] Level 1:colcon.colcon_core.environment:checking '/root/csci_420_robotics_labs/lab6_ws/install/flightgoggles/bin'
[0.718s] INFO:colcon.colcon_core.shell:Creating package script '/root/csci_420_robotics_labs/lab6_ws/install/flightgoggles/share/flightgoggles/package.ps1'
[0.719s] INFO:colcon.colcon_core.shell:Creating package descriptor '/root/csci_420_robotics_labs/lab6_ws/install/flightgoggles/share/flightgoggles/package.dsv'
[0.720s] INFO:colcon.colcon_core.shell:Creating package script '/root/csci_420_robotics_labs/lab6_ws/install/flightgoggles/share/flightgoggles/package.sh'
[0.721s] INFO:colcon.colcon_core.shell:Creating package script '/root/csci_420_robotics_labs/lab6_ws/install/flightgoggles/share/flightgoggles/package.bash'
[0.722s] INFO:colcon.colcon_core.shell:Creating package script '/root/csci_420_robotics_labs/lab6_ws/install/flightgoggles/share/flightgoggles/package.zsh'
[0.723s] Level 1:colcon.colcon_core.environment:create_file_with_runtime_dependencies(/root/csci_420_robotics_labs/lab6_ws/install/flightgoggles/share/colcon-core/packages/flightgoggles)
[0.726s] Level 1:colcon.colcon_core.environment:create_environment_scripts_only(flightgoggles)
[0.726s] Level 1:colcon.colcon_core.environment:checking '/root/csci_420_robotics_labs/lab6_ws/install/flightgoggles' for CMake module files
[0.730s] Level 1:colcon.colcon_core.environment:checking '/root/csci_420_robotics_labs/lab6_ws/install/flightgoggles' for CMake config files
[0.732s] DEBUG:colcon.colcon_core.event_handler.log_command:Invoked command in '/root/csci_420_robotics_labs/lab6_ws/build/flightgoggles' returned '0': CMAKE_PREFIX_PATH=${CMAKE_PREFIX_PATH}:/root/csci_420_robotics_labs/lab6_ws/install/simple_sim:/root/csci_420_robotics_labs/lab6_ws/install/simple_control:/opt/ros/kilted /usr/bin/cmake --install /root/csci_420_robotics_labs/lab6_ws/build/flightgoggles
[0.734s] Level 1:colcon.colcon_core.shell:create_environment_hook('flightgoggles', 'cmake_prefix_path')
[0.734s] INFO:colcon.colcon_core.shell:Creating environment hook '/root/csci_420_robotics_labs/lab6_ws/install/flightgoggles/share/flightgoggles/hook/cmake_prefix_path.ps1'
[0.735s] INFO:colcon.colcon_core.shell:Creating environment descriptor '/root/csci_420_robotics_labs/lab6_ws/install/flightgoggles/share/flightgoggles/hook/cmake_prefix_path.dsv'
[0.736s] INFO:colcon.colcon_core.shell:Creating environment hook '/root/csci_420_robotics_labs/lab6_ws/install/flightgoggles/share/flightgoggles/hook/cmake_prefix_path.sh'
[0.739s] Level 1:colcon.colcon_core.environment:checking '/root/csci_420_robotics_labs/lab6_ws/install/flightgoggles/bin'
[0.739s] Level 1:colcon.colcon_core.environment:checking '/root/csci_420_robotics_labs/lab6_ws/install/flightgoggles/lib/pkgconfig/flightgoggles.pc'
[0.739s] Level 1:colcon.colcon_core.environment:checking '/root/csci_420_robotics_labs/lab6_ws/install/flightgoggles/lib/python3.12/site-packages'
[0.740s] Level 1:colcon.colcon_core.environment:checking '/root/csci_420_robotics_labs/lab6_ws/install/flightgoggles/bin'
[0.740s] INFO:colcon.colcon_core.shell:Creating package script '/root/csci_420_robotics_labs/lab6_ws/install/flightgoggles/share/flightgoggles/package.ps1'
[0.741s] INFO:colcon.colcon_core.shell:Creating package descriptor '/root/csci_420_robotics_labs/lab6_ws/install/flightgoggles/share/flightgoggles/package.dsv'
[0.742s] INFO:colcon.colcon_core.shell:Creating package script '/root/csci_420_robotics_labs/lab6_ws/install/flightgoggles/share/flightgoggles/package.sh'
[0.743s] INFO:colcon.colcon_core.shell:Creating package script '/root/csci_420_robotics_labs/lab6_ws/install/flightgoggles/share/flightgoggles/package.bash'
[0.744s] INFO:colcon.colcon_core.shell:Creating package script '/root/csci_420_robotics_labs/lab6_ws/install/flightgoggles/share/flightgoggles/package.zsh'
[0.745s] Level 1:colcon.colcon_core.environment:create_file_with_runtime_dependencies(/root/csci_420_robotics_labs/lab6_ws/install/flightgoggles/share/colcon-core/packages/flightgoggles)
[0.746s] Level 1:colcon.colcon_core.environment:create_environment_scripts_only(flightgoggles_uav_dynamics)
[0.746s] Level 1:colcon.colcon_core.environment:checking '/root/csci_420_robotics_labs/lab6_ws/install/flightgoggles_uav_dynamics' for CMake module files
[0.750s] DEBUG:colcon.colcon_core.event_handler.log_command:Invoked command in '/root/csci_420_robotics_labs/lab6_ws/build/flightgoggles_uav_dynamics' returned '0': CMAKE_PREFIX_PATH=${CMAKE_PREFIX_PATH}:/root/csci_420_robotics_labs/lab6_ws/install/simple_sim:/root/csci_420_robotics_labs/lab6_ws/install/simple_control:/opt/ros/kilted /usr/bin/cmake --install /root/csci_420_robotics_labs/lab6_ws/build/flightgoggles_uav_dynamics
[0.754s] Level 1:colcon.colcon_core.environment:checking '/root/csci_420_robotics_labs/lab6_ws/install/flightgoggles_uav_dynamics' for CMake config files
[0.757s] Level 1:colcon.colcon_core.shell:create_environment_hook('flightgoggles_uav_dynamics', 'cmake_prefix_path')
[0.757s] INFO:colcon.colcon_core.shell:Creating environment hook '/root/csci_420_robotics_labs/lab6_ws/install/flightgoggles_uav_dynamics/share/flightgoggles_uav_dynamics/hook/cmake_prefix_path.ps1'
[0.758s] INFO:colcon.colcon_core.shell:Creating environment descriptor '/root/csci_420_robotics_labs/lab6_ws/install/flightgoggles_uav_dynamics/share/flightgoggles_uav_dynamics/hook/cmake_prefix_path.dsv'
[0.759s] INFO:colcon.colcon_core.shell:Creating environment hook '/root/csci_420_robotics_labs/lab6_ws/install/flightgoggles_uav_dynamics/share/flightgoggles_uav_dynamics/hook/cmake_prefix_path.sh'
[0.760s] Level 1:colcon.colcon_core.environment:checking '/root/csci_420_robotics_labs/lab6_ws/install/flightgoggles_uav_dynamics/lib'
[0.760s] Level 1:colcon.colcon_core.environment:checking '/root/csci_420_robotics_labs/lab6_ws/install/flightgoggles_uav_dynamics/bin'
[0.760s] Level 1:colcon.colcon_core.environment:checking '/root/csci_420_robotics_labs/lab6_ws/install/flightgoggles_uav_dynamics/lib/pkgconfig/flightgoggles_uav_dynamics.pc'
[0.761s] Level 1:colcon.colcon_core.environment:checking '/root/csci_420_robotics_labs/lab6_ws/install/flightgoggles_uav_dynamics/lib/python3.12/site-packages'
[0.761s] Level 1:colcon.colcon_core.environment:checking '/root/csci_420_robotics_labs/lab6_ws/install/flightgoggles_uav_dynamics/bin'
[0.761s] INFO:colcon.colcon_core.shell:Creating package script '/root/csci_420_robotics_labs/lab6_ws/install/flightgoggles_uav_dynamics/share/flightgoggles_uav_dynamics/package.ps1'
[0.761s] INFO:colcon.colcon_core.shell:Creating package descriptor '/root/csci_420_robotics_labs/lab6_ws/install/flightgoggles_uav_dynamics/share/flightgoggles_uav_dynamics/package.dsv'
[0.762s] INFO:colcon.colcon_core.shell:Creating package script '/root/csci_420_robotics_labs/lab6_ws/install/flightgoggles_uav_dynamics/share/flightgoggles_uav_dynamics/package.sh'
[0.763s] INFO:colcon.colcon_core.shell:Creating package script '/root/csci_420_robotics_labs/lab6_ws/install/flightgoggles_uav_dynamics/share/flightgoggles_uav_dynamics/package.bash'
[0.764s] INFO:colcon.colcon_core.shell:Creating package script '/root/csci_420_robotics_labs/lab6_ws/install/flightgoggles_uav_dynamics/share/flightgoggles_uav_dynamics/package.zsh'
[0.764s] Level 1:colcon.colcon_core.environment:create_file_with_runtime_dependencies(/root/csci_420_robotics_labs/lab6_ws/install/flightgoggles_uav_dynamics/share/colcon-core/packages/flightgoggles_uav_dynamics)
[0.768s] Level 1:colcon.colcon_core.environment:create_environment_scripts_only(flightgoggles_uav_dynamics)
[0.768s] Level 1:colcon.colcon_core.environment:checking '/root/csci_420_robotics_labs/lab6_ws/install/flightgoggles_uav_dynamics' for CMake module files
[0.771s] Level 1:colcon.colcon_core.environment:checking '/root/csci_420_robotics_labs/lab6_ws/install/flightgoggles_uav_dynamics' for CMake config files
[0.772s] Level 1:colcon.colcon_core.shell:create_environment_hook('flightgoggles_uav_dynamics', 'cmake_prefix_path')
[0.772s] INFO:colcon.colcon_core.shell:Creating environment hook '/root/csci_420_robotics_labs/lab6_ws/install/flightgoggles_uav_dynamics/share/flightgoggles_uav_dynamics/hook/cmake_prefix_path.ps1'
[0.773s] INFO:colcon.colcon_core.shell:Creating environment descriptor '/root/csci_420_robotics_labs/lab6_ws/install/flightgoggles_uav_dynamics/share/flightgoggles_uav_dynamics/hook/cmake_prefix_path.dsv'
[0.775s] INFO:colcon.colcon_core.shell:Creating environment hook '/root/csci_420_robotics_labs/lab6_ws/install/flightgoggles_uav_dynamics/share/flightgoggles_uav_dynamics/hook/cmake_prefix_path.sh'
[0.776s] Level 1:colcon.colcon_core.environment:checking '/root/csci_420_robotics_labs/lab6_ws/install/flightgoggles_uav_dynamics/lib'
[0.776s] Level 1:colcon.colcon_core.environment:checking '/root/csci_420_robotics_labs/lab6_ws/install/flightgoggles_uav_dynamics/bin'
[0.776s] Level 1:colcon.colcon_core.environment:checking '/root/csci_420_robotics_labs/lab6_ws/install/flightgoggles_uav_dynamics/lib/pkgconfig/flightgoggles_uav_dynamics.pc'
[0.777s] Level 1:colcon.colcon_core.environment:checking '/root/csci_420_robotics_labs/lab6_ws/install/flightgoggles_uav_dynamics/lib/python3.12/site-packages'
[0.777s] Level 1:colcon.colcon_core.environment:checking '/root/csci_420_robotics_labs/lab6_ws/install/flightgoggles_uav_dynamics/bin'
[0.777s] INFO:colcon.colcon_core.shell:Creating package script '/root/csci_420_robotics_labs/lab6_ws/install/flightgoggles_uav_dynamics/share/flightgoggles_uav_dynamics/package.ps1'
[0.778s] INFO:colcon.colcon_core.shell:Creating package descriptor '/root/csci_420_robotics_labs/lab6_ws/install/flightgoggles_uav_dynamics/share/flightgoggles_uav_dynamics/package.dsv'
[0.779s] INFO:colcon.colcon_core.shell:Creating package script '/root/csci_420_robotics_labs/lab6_ws/install/flightgoggles_uav_dynamics/share/flightgoggles_uav_dynamics/package.sh'
[0.780s] INFO:colcon.colcon_core.shell:Creating package script '/root/csci_420_robotics_labs/lab6_ws/install/flightgoggles_uav_dynamics/share/flightgoggles_uav_dynamics/package.bash'
[0.781s] INFO:colcon.colcon_core.shell:Creating package script '/root/csci_420_robotics_labs/lab6_ws/install/flightgoggles_uav_dynamics/share/flightgoggles_uav_dynamics/package.zsh'
[0.781s] Level 1:colcon.colcon_core.environment:create_file_with_runtime_dependencies(/root/csci_420_robotics_labs/lab6_ws/install/flightgoggles_uav_dynamics/share/colcon-core/packages/flightgoggles_uav_dynamics)
[0.782s] Level 1:colcon.colcon_core.environment:create_environment_scripts_only(flightcontroller)
[0.782s] Level 1:colcon.colcon_core.environment:checking '/root/csci_420_robotics_labs/lab6_ws/install/flightcontroller' for CMake module files
[0.785s] DEBUG:colcon.colcon_core.event_handler.log_command:Invoked command in '/root/csci_420_robotics_labs/lab6_ws/build/flightcontroller' returned '0': CMAKE_PREFIX_PATH=${CMAKE_PREFIX_PATH}:/root/csci_420_robotics_labs/lab6_ws/install/simple_sim:/root/csci_420_robotics_labs/lab6_ws/install/simple_control:/opt/ros/kilted /usr/bin/cmake --install /root/csci_420_robotics_labs/lab6_ws/build/flightcontroller
[0.788s] Level 1:colcon.colcon_core.environment:checking '/root/csci_420_robotics_labs/lab6_ws/install/flightcontroller' for CMake config files
[0.791s] Level 1:colcon.colcon_core.shell:create_environment_hook('flightcontroller', 'cmake_prefix_path')
[0.792s] INFO:colcon.colcon_core.shell:Creating environment hook '/root/csci_420_robotics_labs/lab6_ws/install/flightcontroller/share/flightcontroller/hook/cmake_prefix_path.ps1'
[0.794s] INFO:colcon.colcon_core.shell:Creating environment descriptor '/root/csci_420_robotics_labs/lab6_ws/install/flightcontroller/share/flightcontroller/hook/cmake_prefix_path.dsv'
[0.795s] INFO:colcon.colcon_core.shell:Creating environment hook '/root/csci_420_robotics_labs/lab6_ws/install/flightcontroller/share/flightcontroller/hook/cmake_prefix_path.sh'
[0.798s] Level 1:colcon.colcon_core.environment:checking '/root/csci_420_robotics_labs/lab6_ws/install/flightcontroller/lib'
[0.799s] Level 1:colcon.colcon_core.environment:checking '/root/csci_420_robotics_labs/lab6_ws/install/flightcontroller/bin'
[0.800s] Level 1:colcon.colcon_core.environment:checking '/root/csci_420_robotics_labs/lab6_ws/install/flightcontroller/lib/pkgconfig/flightcontroller.pc'
[0.801s] Level 1:colcon.colcon_core.environment:checking '/root/csci_420_robotics_labs/lab6_ws/install/flightcontroller/lib/python3.12/site-packages'
[0.801s] Level 1:colcon.colcon_core.environment:checking '/root/csci_420_robotics_labs/lab6_ws/install/flightcontroller/bin'
[0.802s] INFO:colcon.colcon_core.shell:Creating package script '/root/csci_420_robotics_labs/lab6_ws/install/flightcontroller/share/flightcontroller/package.ps1'
[0.804s] INFO:colcon.colcon_core.shell:Creating package descriptor '/root/csci_420_robotics_labs/lab6_ws/install/flightcontroller/share/flightcontroller/package.dsv'
[0.807s] INFO:colcon.colcon_core.shell:Creating package script '/root/csci_420_robotics_labs/lab6_ws/install/flightcontroller/share/flightcontroller/package.sh'
[0.809s] INFO:colcon.colcon_core.shell:Creating package script '/root/csci_420_robotics_labs/lab6_ws/install/flightcontroller/share/flightcontroller/package.bash'
[0.810s] INFO:colcon.colcon_core.shell:Creating package script '/root/csci_420_robotics_labs/lab6_ws/install/flightcontroller/share/flightcontroller/package.zsh'
[0.810s] Level 1:colcon.colcon_core.environment:create_file_with_runtime_dependencies(/root/csci_420_robotics_labs/lab6_ws/install/flightcontroller/share/colcon-core/packages/flightcontroller)
[0.816s] Level 1:colcon.colcon_core.environment:create_environment_scripts_only(flightcontroller)
[0.817s] Level 1:colcon.colcon_core.environment:checking '/root/csci_420_robotics_labs/lab6_ws/install/flightcontroller' for CMake module files
[0.824s] Level 1:colcon.colcon_core.environment:checking '/root/csci_420_robotics_labs/lab6_ws/install/flightcontroller' for CMake config files
[0.825s] Level 1:colcon.colcon_core.shell:create_environment_hook('flightcontroller', 'cmake_prefix_path')
[0.825s] INFO:colcon.colcon_core.shell:Creating environment hook '/root/csci_420_robotics_labs/lab6_ws/install/flightcontroller/share/flightcontroller/hook/cmake_prefix_path.ps1'
[0.826s] INFO:colcon.colcon_core.shell:Creating environment descriptor '/root/csci_420_robotics_labs/lab6_ws/install/flightcontroller/share/flightcontroller/hook/cmake_prefix_path.dsv'
[0.828s] INFO:colcon.colcon_core.shell:Creating environment hook '/root/csci_420_robotics_labs/lab6_ws/install/flightcontroller/share/flightcontroller/hook/cmake_prefix_path.sh'
[0.830s] Level 1:colcon.colcon_core.environment:checking '/root/csci_420_robotics_labs/lab6_ws/install/flightcontroller/lib'
[0.833s] Level 1:colcon.colcon_core.environment:checking '/root/csci_420_robotics_labs/lab6_ws/install/flightcontroller/bin'
[0.833s] Level 1:colcon.colcon_core.environment:checking '/root/csci_420_robotics_labs/lab6_ws/install/flightcontroller/lib/pkgconfig/flightcontroller.pc'
[0.834s] Level 1:colcon.colcon_core.environment:checking '/root/csci_420_robotics_labs/lab6_ws/install/flightcontroller/lib/python3.12/site-packages'
[0.836s] Level 1:colcon.colcon_core.environment:checking '/root/csci_420_robotics_labs/lab6_ws/install/flightcontroller/bin'
[0.837s] INFO:colcon.colcon_core.shell:Creating package script '/root/csci_420_robotics_labs/lab6_ws/install/flightcontroller/share/flightcontroller/package.ps1'
[0.838s] INFO:colcon.colcon_core.shell:Creating package descriptor '/root/csci_420_robotics_labs/lab6_ws/install/flightcontroller/share/flightcontroller/package.dsv'
[0.840s] INFO:colcon.colcon_core.shell:Creating package script '/root/csci_420_robotics_labs/lab6_ws/install/flightcontroller/share/flightcontroller/package.sh'
[0.843s] INFO:colcon.colcon_core.shell:Creating package script '/root/csci_420_robotics_labs/lab6_ws/install/flightcontroller/share/flightcontroller/package.bash'
[0.844s] INFO:colcon.colcon_core.shell:Creating package script '/root/csci_420_robotics_labs/lab6_ws/install/flightcontroller/share/flightcontroller/package.zsh'
[0.845s] Level 1:colcon.colcon_core.environment:create_file_with_runtime_dependencies(/root/csci_420_robotics_labs/lab6_ws/install/flightcontroller/share/colcon-core/packages/flightcontroller)
[0.852s] DEBUG:colcon.colcon_core.event_handler.log_command:Invoked command in '/root/csci_420_robotics_labs/lab6_ws/build/keyboard_msgs' returned '0': CMAKE_PREFIX_PATH=${CMAKE_PREFIX_PATH}:/root/csci_420_robotics_labs/lab6_ws/install/simple_sim:/root/csci_420_robotics_labs/lab6_ws/install/simple_control:/opt/ros/kilted /usr/bin/cmake --build /root/csci_420_robotics_labs/lab6_ws/build/keyboard_msgs -- -j8 -l8
[0.853s] DEBUG:colcon.colcon_core.event_handler.log_command:Invoking command in '/root/csci_420_robotics_labs/lab6_ws/build/keyboard_msgs': CMAKE_PREFIX_PATH=${CMAKE_PREFIX_PATH}:/root/csci_420_robotics_labs/lab6_ws/install/simple_sim:/root/csci_420_robotics_labs/lab6_ws/install/simple_control:/opt/ros/kilted /usr/bin/cmake --install /root/csci_420_robotics_labs/lab6_ws/build/keyboard_msgs
[0.854s] Level 1:colcon.colcon_core.environment:create_environment_scripts_only(sensor_simulation)
[0.854s] Level 1:colcon.colcon_core.environment:checking '/root/csci_420_robotics_labs/lab6_ws/install/sensor_simulation' for CMake module files
[0.854s] DEBUG:colcon.colcon_core.event_handler.log_command:Invoked command in '/root/csci_420_robotics_labs/lab6_ws/build/sensor_simulation' returned '0': CMAKE_PREFIX_PATH=${CMAKE_PREFIX_PATH}:/root/csci_420_robotics_labs/lab6_ws/install/simple_sim:/root/csci_420_robotics_labs/lab6_ws/install/simple_control:/opt/ros/kilted /usr/bin/cmake --install /root/csci_420_robotics_labs/lab6_ws/build/sensor_simulation
[0.859s] Level 1:colcon.colcon_core.environment:checking '/root/csci_420_robotics_labs/lab6_ws/install/sensor_simulation' for CMake config files
[0.862s] Level 1:colcon.colcon_core.shell:create_environment_hook('sensor_simulation', 'cmake_prefix_path')
[0.862s] INFO:colcon.colcon_core.shell:Creating environment hook '/root/csci_420_robotics_labs/lab6_ws/install/sensor_simulation/share/sensor_simulation/hook/cmake_prefix_path.ps1'
[0.865s] INFO:colcon.colcon_core.shell:Creating environment descriptor '/root/csci_420_robotics_labs/lab6_ws/install/sensor_simulation/share/sensor_simulation/hook/cmake_prefix_path.dsv'
[0.866s] INFO:colcon.colcon_core.shell:Creating environment hook '/root/csci_420_robotics_labs/lab6_ws/install/sensor_simulation/share/sensor_simulation/hook/cmake_prefix_path.sh'
[0.868s] Level 1:colcon.colcon_core.environment:checking '/root/csci_420_robotics_labs/lab6_ws/install/sensor_simulation/lib'
[0.869s] Level 1:colcon.colcon_core.environment:checking '/root/csci_420_robotics_labs/lab6_ws/install/sensor_simulation/bin'
[0.869s] Level 1:colcon.colcon_core.environment:checking '/root/csci_420_robotics_labs/lab6_ws/install/sensor_simulation/lib/pkgconfig/sensor_simulation.pc'
[0.870s] Level 1:colcon.colcon_core.environment:checking '/root/csci_420_robotics_labs/lab6_ws/install/sensor_simulation/lib/python3.12/site-packages'
[0.871s] Level 1:colcon.colcon_core.shell:create_environment_hook('sensor_simulation', 'pythonpath')
[0.871s] INFO:colcon.colcon_core.shell:Creating environment hook '/root/csci_420_robotics_labs/lab6_ws/install/sensor_simulation/share/sensor_simulation/hook/pythonpath.ps1'
[0.874s] INFO:colcon.colcon_core.shell:Creating environment descriptor '/root/csci_420_robotics_labs/lab6_ws/install/sensor_simulation/share/sensor_simulation/hook/pythonpath.dsv'
[0.876s] INFO:colcon.colcon_core.shell:Creating environment hook '/root/csci_420_robotics_labs/lab6_ws/install/sensor_simulation/share/sensor_simulation/hook/pythonpath.sh'
[0.882s] Level 1:colcon.colcon_core.environment:checking '/root/csci_420_robotics_labs/lab6_ws/install/sensor_simulation/bin'
[0.882s] INFO:colcon.colcon_core.shell:Creating package script '/root/csci_420_robotics_labs/lab6_ws/install/sensor_simulation/share/sensor_simulation/package.ps1'
[0.883s] INFO:colcon.colcon_core.shell:Creating package descriptor '/root/csci_420_robotics_labs/lab6_ws/install/sensor_simulation/share/sensor_simulation/package.dsv'
[0.884s] INFO:colcon.colcon_core.shell:Creating package script '/root/csci_420_robotics_labs/lab6_ws/install/sensor_simulation/share/sensor_simulation/package.sh'
[0.886s] INFO:colcon.colcon_core.shell:Creating package script '/root/csci_420_robotics_labs/lab6_ws/install/sensor_simulation/share/sensor_simulation/package.bash'
[0.888s] INFO:colcon.colcon_core.shell:Creating package script '/root/csci_420_robotics_labs/lab6_ws/install/sensor_simulation/share/sensor_simulation/package.zsh'
[0.889s] Level 1:colcon.colcon_core.environment:create_file_with_runtime_dependencies(/root/csci_420_robotics_labs/lab6_ws/install/sensor_simulation/share/colcon-core/packages/sensor_simulation)
[0.891s] Level 1:colcon.colcon_core.environment:create_environment_scripts_only(sensor_simulation)
[0.892s] Level 1:colcon.colcon_core.environment:checking '/root/csci_420_robotics_labs/lab6_ws/install/sensor_simulation' for CMake module files
[0.897s] Level 1:colcon.colcon_core.environment:checking '/root/csci_420_robotics_labs/lab6_ws/install/sensor_simulation' for CMake config files
[0.901s] Level 1:colcon.colcon_core.shell:create_environment_hook('sensor_simulation', 'cmake_prefix_path')
[0.901s] INFO:colcon.colcon_core.shell:Creating environment hook '/root/csci_420_robotics_labs/lab6_ws/install/sensor_simulation/share/sensor_simulation/hook/cmake_prefix_path.ps1'
[0.902s] INFO:colcon.colcon_core.shell:Creating environment descriptor '/root/csci_420_robotics_labs/lab6_ws/install/sensor_simulation/share/sensor_simulation/hook/cmake_prefix_path.dsv'
[0.904s] INFO:colcon.colcon_core.shell:Creating environment hook '/root/csci_420_robotics_labs/lab6_ws/install/sensor_simulation/share/sensor_simulation/hook/cmake_prefix_path.sh'
[0.909s] Level 1:colcon.colcon_core.environment:checking '/root/csci_420_robotics_labs/lab6_ws/install/sensor_simulation/lib'
[0.909s] Level 1:colcon.colcon_core.environment:checking '/root/csci_420_robotics_labs/lab6_ws/install/sensor_simulation/bin'
[0.909s] Level 1:colcon.colcon_core.environment:checking '/root/csci_420_robotics_labs/lab6_ws/install/sensor_simulation/lib/pkgconfig/sensor_simulation.pc'
[0.910s] Level 1:colcon.colcon_core.environment:checking '/root/csci_420_robotics_labs/lab6_ws/install/sensor_simulation/lib/python3.12/site-packages'
[0.910s] Level 1:colcon.colcon_core.shell:create_environment_hook('sensor_simulation', 'pythonpath')
[0.910s] INFO:colcon.colcon_core.shell:Creating environment hook '/root/csci_420_robotics_labs/lab6_ws/install/sensor_simulation/share/sensor_simulation/hook/pythonpath.ps1'
[0.911s] INFO:colcon.colcon_core.shell:Creating environment descriptor '/root/csci_420_robotics_labs/lab6_ws/install/sensor_simulation/share/sensor_simulation/hook/pythonpath.dsv'
[0.911s] INFO:colcon.colcon_core.shell:Creating environment hook '/root/csci_420_robotics_labs/lab6_ws/install/sensor_simulation/share/sensor_simulation/hook/pythonpath.sh'
[0.913s] Level 1:colcon.colcon_core.environment:checking '/root/csci_420_robotics_labs/lab6_ws/install/sensor_simulation/bin'
[0.913s] INFO:colcon.colcon_core.shell:Creating package script '/root/csci_420_robotics_labs/lab6_ws/install/sensor_simulation/share/sensor_simulation/package.ps1'
[0.915s] INFO:colcon.colcon_core.shell:Creating package descriptor '/root/csci_420_robotics_labs/lab6_ws/install/sensor_simulation/share/sensor_simulation/package.dsv'
[0.916s] INFO:colcon.colcon_core.shell:Creating package script '/root/csci_420_robotics_labs/lab6_ws/install/sensor_simulation/share/sensor_simulation/package.sh'
[0.917s] INFO:colcon.colcon_core.shell:Creating package script '/root/csci_420_robotics_labs/lab6_ws/install/sensor_simulation/share/sensor_simulation/package.bash'
[0.920s] INFO:colcon.colcon_core.shell:Creating package script '/root/csci_420_robotics_labs/lab6_ws/install/sensor_simulation/share/sensor_simulation/package.zsh'
[0.922s] Level 1:colcon.colcon_core.environment:create_file_with_runtime_dependencies(/root/csci_420_robotics_labs/lab6_ws/install/sensor_simulation/share/colcon-core/packages/sensor_simulation)
[1.009s] Level 1:colcon.colcon_core.environment:create_environment_scripts_only(keyboard_msgs)
[1.009s] Level 1:colcon.colcon_core.environment:checking '/root/csci_420_robotics_labs/lab6_ws/install/keyboard_msgs' for CMake module files
[1.010s] DEBUG:colcon.colcon_core.event_handler.log_command:Invoked command in '/root/csci_420_robotics_labs/lab6_ws/build/keyboard_msgs' returned '0': CMAKE_PREFIX_PATH=${CMAKE_PREFIX_PATH}:/root/csci_420_robotics_labs/lab6_ws/install/simple_sim:/root/csci_420_robotics_labs/lab6_ws/install/simple_control:/opt/ros/kilted /usr/bin/cmake --install /root/csci_420_robotics_labs/lab6_ws/build/keyboard_msgs
[1.017s] Level 1:colcon.colcon_core.environment:checking '/root/csci_420_robotics_labs/lab6_ws/install/keyboard_msgs' for CMake config files
[1.022s] Level 1:colcon.colcon_core.shell:create_environment_hook('keyboard_msgs', 'cmake_prefix_path')
[1.022s] INFO:colcon.colcon_core.shell:Creating environment hook '/root/csci_420_robotics_labs/lab6_ws/install/keyboard_msgs/share/keyboard_msgs/hook/cmake_prefix_path.ps1'
[1.025s] INFO:colcon.colcon_core.shell:Creating environment descriptor '/root/csci_420_robotics_labs/lab6_ws/install/keyboard_msgs/share/keyboard_msgs/hook/cmake_prefix_path.dsv'
[1.025s] INFO:colcon.colcon_core.shell:Creating environment hook '/root/csci_420_robotics_labs/lab6_ws/install/keyboard_msgs/share/keyboard_msgs/hook/cmake_prefix_path.sh'
[1.026s] Level 1:colcon.colcon_core.environment:checking '/root/csci_420_robotics_labs/lab6_ws/install/keyboard_msgs/lib'
[1.026s] Level 1:colcon.colcon_core.shell:create_environment_hook('keyboard_msgs', 'ld_library_path_lib')
[1.026s] INFO:colcon.colcon_core.shell:Creating environment hook '/root/csci_420_robotics_labs/lab6_ws/install/keyboard_msgs/share/keyboard_msgs/hook/ld_library_path_lib.ps1'
[1.026s] INFO:colcon.colcon_core.shell:Creating environment descriptor '/root/csci_420_robotics_labs/lab6_ws/install/keyboard_msgs/share/keyboard_msgs/hook/ld_library_path_lib.dsv'
[1.026s] INFO:colcon.colcon_core.shell:Creating environment hook '/root/csci_420_robotics_labs/lab6_ws/install/keyboard_msgs/share/keyboard_msgs/hook/ld_library_path_lib.sh'
[1.027s] Level 1:colcon.colcon_core.environment:checking '/root/csci_420_robotics_labs/lab6_ws/install/keyboard_msgs/bin'
[1.027s] Level 1:colcon.colcon_core.environment:checking '/root/csci_420_robotics_labs/lab6_ws/install/keyboard_msgs/lib/pkgconfig/keyboard_msgs.pc'
[1.027s] Level 1:colcon.colcon_core.environment:checking '/root/csci_420_robotics_labs/lab6_ws/install/keyboard_msgs/lib/python3.12/site-packages'
[1.027s] Level 1:colcon.colcon_core.shell:create_environment_hook('keyboard_msgs', 'pythonpath')
[1.027s] INFO:colcon.colcon_core.shell:Creating environment hook '/root/csci_420_robotics_labs/lab6_ws/install/keyboard_msgs/share/keyboard_msgs/hook/pythonpath.ps1'
[1.028s] INFO:colcon.colcon_core.shell:Creating environment descriptor '/root/csci_420_robotics_labs/lab6_ws/install/keyboard_msgs/share/keyboard_msgs/hook/pythonpath.dsv'
[1.029s] INFO:colcon.colcon_core.shell:Creating environment hook '/root/csci_420_robotics_labs/lab6_ws/install/keyboard_msgs/share/keyboard_msgs/hook/pythonpath.sh'
[1.029s] Level 1:colcon.colcon_core.environment:checking '/root/csci_420_robotics_labs/lab6_ws/install/keyboard_msgs/bin'
[1.030s] INFO:colcon.colcon_core.shell:Creating package script '/root/csci_420_robotics_labs/lab6_ws/install/keyboard_msgs/share/keyboard_msgs/package.ps1'
[1.031s] INFO:colcon.colcon_core.shell:Creating package descriptor '/root/csci_420_robotics_labs/lab6_ws/install/keyboard_msgs/share/keyboard_msgs/package.dsv'
[1.032s] INFO:colcon.colcon_core.shell:Creating package script '/root/csci_420_robotics_labs/lab6_ws/install/keyboard_msgs/share/keyboard_msgs/package.sh'
[1.035s] INFO:colcon.colcon_core.shell:Creating package script '/root/csci_420_robotics_labs/lab6_ws/install/keyboard_msgs/share/keyboard_msgs/package.bash'
[1.036s] INFO:colcon.colcon_core.shell:Creating package script '/root/csci_420_robotics_labs/lab6_ws/install/keyboard_msgs/share/keyboard_msgs/package.zsh'
[1.036s] Level 1:colcon.colcon_core.environment:create_file_with_runtime_dependencies(/root/csci_420_robotics_labs/lab6_ws/install/keyboard_msgs/share/colcon-core/packages/keyboard_msgs)
[1.037s] Level 1:colcon.colcon_core.environment:create_environment_scripts_only(keyboard_msgs)
[1.037s] Level 1:colcon.colcon_core.environment:checking '/root/csci_420_robotics_labs/lab6_ws/install/keyboard_msgs' for CMake module files
[1.042s] Level 1:colcon.colcon_core.environment:checking '/root/csci_420_robotics_labs/lab6_ws/install/keyboard_msgs' for CMake config files
[1.046s] Level 1:colcon.colcon_core.shell:create_environment_hook('keyboard_msgs', 'cmake_prefix_path')
[1.046s] INFO:colcon.colcon_core.shell:Creating environment hook '/root/csci_420_robotics_labs/lab6_ws/install/keyboard_msgs/share/keyboard_msgs/hook/cmake_prefix_path.ps1'
[1.047s] INFO:colcon.colcon_core.shell:Creating environment descriptor '/root/csci_420_robotics_labs/lab6_ws/install/keyboard_msgs/share/keyboard_msgs/hook/cmake_prefix_path.dsv'
[1.047s] INFO:colcon.colcon_core.shell:Creating environment hook '/root/csci_420_robotics_labs/lab6_ws/install/keyboard_msgs/share/keyboard_msgs/hook/cmake_prefix_path.sh'
[1.048s] Level 1:colcon.colcon_core.environment:checking '/root/csci_420_robotics_labs/lab6_ws/install/keyboard_msgs/lib'
[1.048s] Level 1:colcon.colcon_core.shell:create_environment_hook('keyboard_msgs', 'ld_library_path_lib')
[1.048s] INFO:colcon.colcon_core.shell:Creating environment hook '/root/csci_420_robotics_labs/lab6_ws/install/keyboard_msgs/share/keyboard_msgs/hook/ld_library_path_lib.ps1'
[1.049s] INFO:colcon.colcon_core.shell:Creating environment descriptor '/root/csci_420_robotics_labs/lab6_ws/install/keyboard_msgs/share/keyboard_msgs/hook/ld_library_path_lib.dsv'
[1.051s] INFO:colcon.colcon_core.shell:Creating environment hook '/root/csci_420_robotics_labs/lab6_ws/install/keyboard_msgs/share/keyboard_msgs/hook/ld_library_path_lib.sh'
[1.051s] Level 1:colcon.colcon_core.environment:checking '/root/csci_420_robotics_labs/lab6_ws/install/keyboard_msgs/bin'
[1.052s] Level 1:colcon.colcon_core.environment:checking '/root/csci_420_robotics_labs/lab6_ws/install/keyboard_msgs/lib/pkgconfig/keyboard_msgs.pc'
[1.052s] Level 1:colcon.colcon_core.environment:checking '/root/csci_420_robotics_labs/lab6_ws/install/keyboard_msgs/lib/python3.12/site-packages'
[1.052s] Level 1:colcon.colcon_core.shell:create_environment_hook('keyboard_msgs', 'pythonpath')
[1.052s] INFO:colcon.colcon_core.shell:Creating environment hook '/root/csci_420_robotics_labs/lab6_ws/install/keyboard_msgs/share/keyboard_msgs/hook/pythonpath.ps1'
[1.053s] INFO:colcon.colcon_core.shell:Creating environment descriptor '/root/csci_420_robotics_labs/lab6_ws/install/keyboard_msgs/share/keyboard_msgs/hook/pythonpath.dsv'
[1.054s] INFO:colcon.colcon_core.shell:Creating environment hook '/root/csci_420_robotics_labs/lab6_ws/install/keyboard_msgs/share/keyboard_msgs/hook/pythonpath.sh'
[1.055s] Level 1:colcon.colcon_core.environment:checking '/root/csci_420_robotics_labs/lab6_ws/install/keyboard_msgs/bin'
[1.055s] INFO:colcon.colcon_core.shell:Creating package script '/root/csci_420_robotics_labs/lab6_ws/install/keyboard_msgs/share/keyboard_msgs/package.ps1'
[1.055s] INFO:colcon.colcon_core.shell:Creating package descriptor '/root/csci_420_robotics_labs/lab6_ws/install/keyboard_msgs/share/keyboard_msgs/package.dsv'
[1.056s] INFO:colcon.colcon_core.shell:Creating package script '/root/csci_420_robotics_labs/lab6_ws/install/keyboard_msgs/share/keyboard_msgs/package.sh'
[1.057s] INFO:colcon.colcon_core.shell:Creating package script '/root/csci_420_robotics_labs/lab6_ws/install/keyboard_msgs/share/keyboard_msgs/package.bash'
[1.058s] INFO:colcon.colcon_core.shell:Creating package script '/root/csci_420_robotics_labs/lab6_ws/install/keyboard_msgs/share/keyboard_msgs/package.zsh'
[1.058s] Level 1:colcon.colcon_core.environment:create_file_with_runtime_dependencies(/root/csci_420_robotics_labs/lab6_ws/install/keyboard_msgs/share/colcon-core/packages/keyboard_msgs)
[1.059s] INFO:colcon.colcon_ros.task.ament_cmake.build:Building ROS package in '/root/csci_420_robotics_labs/lab6_ws/src/ros2-keyboard/keyboard' with build type 'ament_cmake'
[1.059s] INFO:colcon.colcon_cmake.task.cmake.build:Building CMake package in '/root/csci_420_robotics_labs/lab6_ws/src/ros2-keyboard/keyboard'
[1.059s] INFO:colcon.colcon_core.shell:Skip shell extension 'powershell' for command environment: Not usable outside of PowerShell
[1.059s] DEBUG:colcon.colcon_core.shell:Skip shell extension 'dsv' for command environment
[1.070s] DEBUG:colcon.colcon_core.event_handler.log_command:Invoked command in '/root/csci_420_robotics_labs/lab6_ws/build/visualizer' returned '0': CMAKE_PREFIX_PATH=${CMAKE_PREFIX_PATH}:/root/csci_420_robotics_labs/lab6_ws/install/simple_sim:/root/csci_420_robotics_labs/lab6_ws/install/simple_control:/opt/ros/kilted /usr/bin/cmake --build /root/csci_420_robotics_labs/lab6_ws/build/visualizer -- -j8 -l8
[1.073s] DEBUG:colcon.colcon_core.event_handler.log_command:Invoking command in '/root/csci_420_robotics_labs/lab6_ws/build/visualizer': CMAKE_PREFIX_PATH=${CMAKE_PREFIX_PATH}:/root/csci_420_robotics_labs/lab6_ws/install/simple_sim:/root/csci_420_robotics_labs/lab6_ws/install/simple_control:/opt/ros/kilted /usr/bin/cmake --install /root/csci_420_robotics_labs/lab6_ws/build/visualizer
[1.086s] DEBUG:colcon.colcon_core.event_handler.log_command:Invoking command in '/root/csci_420_robotics_labs/lab6_ws/build/keyboard': CMAKE_PREFIX_PATH=/root/csci_420_robotics_labs/lab6_ws/install/keyboard_msgs:/root/csci_420_robotics_labs/lab6_ws/install/visualizer:/root/csci_420_robotics_labs/lab6_ws/install/sensor_simulation:/root/csci_420_robotics_labs/lab6_ws/install/keyboard:/root/csci_420_robotics_labs/lab6_ws/install/flightgoggles_uav_dynamics:/root/csci_420_robotics_labs/lab6_ws/install/flightgoggles:/root/csci_420_robotics_labs/lab6_ws/install/flightcontroller:/opt/ros/kilted/opt/gz_sim_vendor:/opt/ros/kilted/opt/gz_sensors_vendor:/opt/ros/kilted/opt/gz_physics_vendor:/opt/ros/kilted/opt/sdformat_vendor:/opt/ros/kilted/opt/gz_gui_vendor:/opt/ros/kilted/opt/gz_transport_vendor:/opt/ros/kilted/opt/gz_rendering_vendor:/opt/ros/kilted/opt/gz_plugin_vendor:/opt/ros/kilted/opt/gz_fuel_tools_vendor:/opt/ros/kilted/opt/gz_msgs_vendor:/opt/ros/kilted/opt/gz_common_vendor:/opt/ros/kilted/opt/gz_math_vendor:/opt/ros/kilted/opt/gz_utils_vendor:/opt/ros/kilted/opt/gz_tools_vendor:/opt/ros/kilted/opt/gz_ogre_next_vendor:/opt/ros/kilted/opt/gz_dartsim_vendor:/opt/ros/kilted/opt/gz_cmake_vendor:/root/csci_420_robotics_labs/lab6_ws/install/simple_sim:/root/csci_420_robotics_labs/lab6_ws/install/simple_control:/opt/ros/kilted PYTHONPATH=/root/csci_420_robotics_labs/lab6_ws/install/keyboard_msgs/lib/python3.12/site-packages:/root/csci_420_robotics_labs/lab6_ws/install/visualizer/lib/python3.12/site-packages:/root/csci_420_robotics_labs/lab6_ws/install/simple_sim/lib/python3.12/site-packages:/root/csci_420_robotics_labs/lab6_ws/install/simple_control/lib/python3.12/site-packages:/root/csci_420_robotics_labs/lab6_ws/install/sensor_simulation/lib/python3.12/site-packages:/opt/ros/kilted/lib/python3.12/site-packages /usr/bin/cmake --build /root/csci_420_robotics_labs/lab6_ws/build/keyboard -- -j8 -l8
[1.097s] DEBUG:colcon.colcon_core.event_handler.log_command:Invoking command in '/root/csci_420_robotics_labs/lab6_ws/src/simple_control': PYTHONPATH=/root/csci_420_robotics_labs/lab6_ws/build/simple_control/prefix_override:/usr/lib/python3/dist-packages/colcon_core/task/python/colcon_distutils_commands:/root/csci_420_robotics_labs/lab6_ws/install/simple_control/lib/python3.12/site-packages:${PYTHONPATH} /usr/bin/python3 -W ignore:setup.py install is deprecated -W ignore:easy_install command is deprecated setup.py egg_info --egg-base ../../build/simple_control build --build-base /root/csci_420_robotics_labs/lab6_ws/build/simple_control/build install --record /root/csci_420_robotics_labs/lab6_ws/build/simple_control/install.log --single-version-externally-managed install_data
[1.136s] DEBUG:colcon.colcon_core.event_handler.log_command:Invoking command in '/root/csci_420_robotics_labs/lab6_ws/src/simple_sim': PYTHONPATH=/root/csci_420_robotics_labs/lab6_ws/build/simple_sim/prefix_override:/usr/lib/python3/dist-packages/colcon_core/task/python/colcon_distutils_commands:/root/csci_420_robotics_labs/lab6_ws/install/simple_sim/lib/python3.12/site-packages:${PYTHONPATH} /usr/bin/python3 -W ignore:setup.py install is deprecated -W ignore:easy_install command is deprecated setup.py egg_info --egg-base ../../build/simple_sim build --build-base /root/csci_420_robotics_labs/lab6_ws/build/simple_sim/build install --record /root/csci_420_robotics_labs/lab6_ws/build/simple_sim/install.log --single-version-externally-managed install_data
[1.153s] Level 1:colcon.colcon_core.environment:create_environment_scripts_only(visualizer)
[1.153s] Level 1:colcon.colcon_core.environment:checking '/root/csci_420_robotics_labs/lab6_ws/install/visualizer' for CMake module files
[1.154s] DEBUG:colcon.colcon_core.event_handler.log_command:Invoked command in '/root/csci_420_robotics_labs/lab6_ws/build/visualizer' returned '0': CMAKE_PREFIX_PATH=${CMAKE_PREFIX_PATH}:/root/csci_420_robotics_labs/lab6_ws/install/simple_sim:/root/csci_420_robotics_labs/lab6_ws/install/simple_control:/opt/ros/kilted /usr/bin/cmake --install /root/csci_420_robotics_labs/lab6_ws/build/visualizer
[1.157s] Level 1:colcon.colcon_core.environment:checking '/root/csci_420_robotics_labs/lab6_ws/install/visualizer' for CMake config files
[1.161s] Level 1:colcon.colcon_core.shell:create_environment_hook('visualizer', 'cmake_prefix_path')
[1.162s] INFO:colcon.colcon_core.shell:Creating environment hook '/root/csci_420_robotics_labs/lab6_ws/install/visualizer/share/visualizer/hook/cmake_prefix_path.ps1'
[1.163s] INFO:colcon.colcon_core.shell:Creating environment descriptor '/root/csci_420_robotics_labs/lab6_ws/install/visualizer/share/visualizer/hook/cmake_prefix_path.dsv'
[1.163s] INFO:colcon.colcon_core.shell:Creating environment hook '/root/csci_420_robotics_labs/lab6_ws/install/visualizer/share/visualizer/hook/cmake_prefix_path.sh'
[1.164s] Level 1:colcon.colcon_core.environment:checking '/root/csci_420_robotics_labs/lab6_ws/install/visualizer/lib'
[1.165s] Level 1:colcon.colcon_core.environment:checking '/root/csci_420_robotics_labs/lab6_ws/install/visualizer/bin'
[1.165s] Level 1:colcon.colcon_core.environment:checking '/root/csci_420_robotics_labs/lab6_ws/install/visualizer/lib/pkgconfig/visualizer.pc'
[1.165s] Level 1:colcon.colcon_core.environment:checking '/root/csci_420_robotics_labs/lab6_ws/install/visualizer/lib/python3.12/site-packages'
[1.165s] Level 1:colcon.colcon_core.shell:create_environment_hook('visualizer', 'pythonpath')
[1.165s] INFO:colcon.colcon_core.shell:Creating environment hook '/root/csci_420_robotics_labs/lab6_ws/install/visualizer/share/visualizer/hook/pythonpath.ps1'
[1.166s] INFO:colcon.colcon_core.shell:Creating environment descriptor '/root/csci_420_robotics_labs/lab6_ws/install/visualizer/share/visualizer/hook/pythonpath.dsv'
[1.167s] INFO:colcon.colcon_core.shell:Creating environment hook '/root/csci_420_robotics_labs/lab6_ws/install/visualizer/share/visualizer/hook/pythonpath.sh'
[1.168s] Level 1:colcon.colcon_core.environment:checking '/root/csci_420_robotics_labs/lab6_ws/install/visualizer/bin'
[1.168s] INFO:colcon.colcon_core.shell:Creating package script '/root/csci_420_robotics_labs/lab6_ws/install/visualizer/share/visualizer/package.ps1'
[1.169s] INFO:colcon.colcon_core.shell:Creating package descriptor '/root/csci_420_robotics_labs/lab6_ws/install/visualizer/share/visualizer/package.dsv'
[1.170s] INFO:colcon.colcon_core.shell:Creating package script '/root/csci_420_robotics_labs/lab6_ws/install/visualizer/share/visualizer/package.sh'
[1.170s] INFO:colcon.colcon_core.shell:Creating package script '/root/csci_420_robotics_labs/lab6_ws/install/visualizer/share/visualizer/package.bash'
[1.171s] INFO:colcon.colcon_core.shell:Creating package script '/root/csci_420_robotics_labs/lab6_ws/install/visualizer/share/visualizer/package.zsh'
[1.171s] Level 1:colcon.colcon_core.environment:create_file_with_runtime_dependencies(/root/csci_420_robotics_labs/lab6_ws/install/visualizer/share/colcon-core/packages/visualizer)
[1.172s] Level 1:colcon.colcon_core.environment:create_environment_scripts_only(visualizer)
[1.172s] Level 1:colcon.colcon_core.environment:checking '/root/csci_420_robotics_labs/lab6_ws/install/visualizer' for CMake module files
[1.175s] Level 1:colcon.colcon_core.environment:checking '/root/csci_420_robotics_labs/lab6_ws/install/visualizer' for CMake config files
[1.187s] Level 1:colcon.colcon_core.shell:create_environment_hook('visualizer', 'cmake_prefix_path')
[1.187s] INFO:colcon.colcon_core.shell:Creating environment hook '/root/csci_420_robotics_labs/lab6_ws/install/visualizer/share/visualizer/hook/cmake_prefix_path.ps1'
[1.189s] INFO:colcon.colcon_core.shell:Creating environment descriptor '/root/csci_420_robotics_labs/lab6_ws/install/visualizer/share/visualizer/hook/cmake_prefix_path.dsv'
[1.190s] INFO:colcon.colcon_core.shell:Creating environment hook '/root/csci_420_robotics_labs/lab6_ws/install/visualizer/share/visualizer/hook/cmake_prefix_path.sh'
[1.193s] Level 1:colcon.colcon_core.environment:checking '/root/csci_420_robotics_labs/lab6_ws/install/visualizer/lib'
[1.194s] Level 1:colcon.colcon_core.environment:checking '/root/csci_420_robotics_labs/lab6_ws/install/visualizer/bin'
[1.194s] Level 1:colcon.colcon_core.environment:checking '/root/csci_420_robotics_labs/lab6_ws/install/visualizer/lib/pkgconfig/visualizer.pc'
[1.194s] Level 1:colcon.colcon_core.environment:checking '/root/csci_420_robotics_labs/lab6_ws/install/visualizer/lib/python3.12/site-packages'
[1.194s] Level 1:colcon.colcon_core.shell:create_environment_hook('visualizer', 'pythonpath')
[1.194s] INFO:colcon.colcon_core.shell:Creating environment hook '/root/csci_420_robotics_labs/lab6_ws/install/visualizer/share/visualizer/hook/pythonpath.ps1'
[1.195s] INFO:colcon.colcon_core.shell:Creating environment descriptor '/root/csci_420_robotics_labs/lab6_ws/install/visualizer/share/visualizer/hook/pythonpath.dsv'
[1.197s] INFO:colcon.colcon_core.shell:Creating environment hook '/root/csci_420_robotics_labs/lab6_ws/install/visualizer/share/visualizer/hook/pythonpath.sh'
[1.198s] Level 1:colcon.colcon_core.environment:checking '/root/csci_420_robotics_labs/lab6_ws/install/visualizer/bin'
[1.199s] INFO:colcon.colcon_core.shell:Creating package script '/root/csci_420_robotics_labs/lab6_ws/install/visualizer/share/visualizer/package.ps1'
[1.200s] INFO:colcon.colcon_core.shell:Creating package descriptor '/root/csci_420_robotics_labs/lab6_ws/install/visualizer/share/visualizer/package.dsv'
[1.201s] INFO:colcon.colcon_core.shell:Creating package script '/root/csci_420_robotics_labs/lab6_ws/install/visualizer/share/visualizer/package.sh'
[1.201s] INFO:colcon.colcon_core.shell:Creating package script '/root/csci_420_robotics_labs/lab6_ws/install/visualizer/share/visualizer/package.bash'
[1.201s] INFO:colcon.colcon_core.shell:Creating package script '/root/csci_420_robotics_labs/lab6_ws/install/visualizer/share/visualizer/package.zsh'
[1.202s] Level 1:colcon.colcon_core.environment:create_file_with_runtime_dependencies(/root/csci_420_robotics_labs/lab6_ws/install/visualizer/share/colcon-core/packages/visualizer)
[1.207s] DEBUG:colcon.colcon_core.event_handler.log_command:Invoked command in '/root/csci_420_robotics_labs/lab6_ws/build/keyboard' returned '0': CMAKE_PREFIX_PATH=/root/csci_420_robotics_labs/lab6_ws/install/keyboard_msgs:/root/csci_420_robotics_labs/lab6_ws/install/visualizer:/root/csci_420_robotics_labs/lab6_ws/install/sensor_simulation:/root/csci_420_robotics_labs/lab6_ws/install/keyboard:/root/csci_420_robotics_labs/lab6_ws/install/flightgoggles_uav_dynamics:/root/csci_420_robotics_labs/lab6_ws/install/flightgoggles:/root/csci_420_robotics_labs/lab6_ws/install/flightcontroller:/opt/ros/kilted/opt/gz_sim_vendor:/opt/ros/kilted/opt/gz_sensors_vendor:/opt/ros/kilted/opt/gz_physics_vendor:/opt/ros/kilted/opt/sdformat_vendor:/opt/ros/kilted/opt/gz_gui_vendor:/opt/ros/kilted/opt/gz_transport_vendor:/opt/ros/kilted/opt/gz_rendering_vendor:/opt/ros/kilted/opt/gz_plugin_vendor:/opt/ros/kilted/opt/gz_fuel_tools_vendor:/opt/ros/kilted/opt/gz_msgs_vendor:/opt/ros/kilted/opt/gz_common_vendor:/opt/ros/kilted/opt/gz_math_vendor:/opt/ros/kilted/opt/gz_utils_vendor:/opt/ros/kilted/opt/gz_tools_vendor:/opt/ros/kilted/opt/gz_ogre_next_vendor:/opt/ros/kilted/opt/gz_dartsim_vendor:/opt/ros/kilted/opt/gz_cmake_vendor:/root/csci_420_robotics_labs/lab6_ws/install/simple_sim:/root/csci_420_robotics_labs/lab6_ws/install/simple_control:/opt/ros/kilted PYTHONPATH=/root/csci_420_robotics_labs/lab6_ws/install/keyboard_msgs/lib/python3.12/site-packages:/root/csci_420_robotics_labs/lab6_ws/install/visualizer/lib/python3.12/site-packages:/root/csci_420_robotics_labs/lab6_ws/install/simple_sim/lib/python3.12/site-packages:/root/csci_420_robotics_labs/lab6_ws/install/simple_control/lib/python3.12/site-packages:/root/csci_420_robotics_labs/lab6_ws/install/sensor_simulation/lib/python3.12/site-packages:/opt/ros/kilted/lib/python3.12/site-packages /usr/bin/cmake --build /root/csci_420_robotics_labs/lab6_ws/build/keyboard -- -j8 -l8
[1.210s] DEBUG:colcon.colcon_core.event_handler.log_command:Invoking command in '/root/csci_420_robotics_labs/lab6_ws/build/keyboard': CMAKE_PREFIX_PATH=/root/csci_420_robotics_labs/lab6_ws/install/keyboard_msgs:/root/csci_420_robotics_labs/lab6_ws/install/visualizer:/root/csci_420_robotics_labs/lab6_ws/install/sensor_simulation:/root/csci_420_robotics_labs/lab6_ws/install/keyboard:/root/csci_420_robotics_labs/lab6_ws/install/flightgoggles_uav_dynamics:/root/csci_420_robotics_labs/lab6_ws/install/flightgoggles:/root/csci_420_robotics_labs/lab6_ws/install/flightcontroller:/opt/ros/kilted/opt/gz_sim_vendor:/opt/ros/kilted/opt/gz_sensors_vendor:/opt/ros/kilted/opt/gz_physics_vendor:/opt/ros/kilted/opt/sdformat_vendor:/opt/ros/kilted/opt/gz_gui_vendor:/opt/ros/kilted/opt/gz_transport_vendor:/opt/ros/kilted/opt/gz_rendering_vendor:/opt/ros/kilted/opt/gz_plugin_vendor:/opt/ros/kilted/opt/gz_fuel_tools_vendor:/opt/ros/kilted/opt/gz_msgs_vendor:/opt/ros/kilted/opt/gz_common_vendor:/opt/ros/kilted/opt/gz_math_vendor:/opt/ros/kilted/opt/gz_utils_vendor:/opt/ros/kilted/opt/gz_tools_vendor:/opt/ros/kilted/opt/gz_ogre_next_vendor:/opt/ros/kilted/opt/gz_dartsim_vendor:/opt/ros/kilted/opt/gz_cmake_vendor:/root/csci_420_robotics_labs/lab6_ws/install/simple_sim:/root/csci_420_robotics_labs/lab6_ws/install/simple_control:/opt/ros/kilted PYTHONPATH=/root/csci_420_robotics_labs/lab6_ws/install/keyboard_msgs/lib/python3.12/site-packages:/root/csci_420_robotics_labs/lab6_ws/install/visualizer/lib/python3.12/site-packages:/root/csci_420_robotics_labs/lab6_ws/install/simple_sim/lib/python3.12/site-packages:/root/csci_420_robotics_labs/lab6_ws/install/simple_control/lib/python3.12/site-packages:/root/csci_420_robotics_labs/lab6_ws/install/sensor_simulation/lib/python3.12/site-packages:/opt/ros/kilted/lib/python3.12/site-packages /usr/bin/cmake --install /root/csci_420_robotics_labs/lab6_ws/build/keyboard
[1.241s] Level 1:colcon.colcon_core.environment:create_environment_scripts_only(keyboard)
[1.242s] Level 1:colcon.colcon_core.environment:checking '/root/csci_420_robotics_labs/lab6_ws/install/keyboard' for CMake module files
[1.243s] DEBUG:colcon.colcon_core.event_handler.log_command:Invoked command in '/root/csci_420_robotics_labs/lab6_ws/build/keyboard' returned '0': CMAKE_PREFIX_PATH=/root/csci_420_robotics_labs/lab6_ws/install/keyboard_msgs:/root/csci_420_robotics_labs/lab6_ws/install/visualizer:/root/csci_420_robotics_labs/lab6_ws/install/sensor_simulation:/root/csci_420_robotics_labs/lab6_ws/install/keyboard:/root/csci_420_robotics_labs/lab6_ws/install/flightgoggles_uav_dynamics:/root/csci_420_robotics_labs/lab6_ws/install/flightgoggles:/root/csci_420_robotics_labs/lab6_ws/install/flightcontroller:/opt/ros/kilted/opt/gz_sim_vendor:/opt/ros/kilted/opt/gz_sensors_vendor:/opt/ros/kilted/opt/gz_physics_vendor:/opt/ros/kilted/opt/sdformat_vendor:/opt/ros/kilted/opt/gz_gui_vendor:/opt/ros/kilted/opt/gz_transport_vendor:/opt/ros/kilted/opt/gz_rendering_vendor:/opt/ros/kilted/opt/gz_plugin_vendor:/opt/ros/kilted/opt/gz_fuel_tools_vendor:/opt/ros/kilted/opt/gz_msgs_vendor:/opt/ros/kilted/opt/gz_common_vendor:/opt/ros/kilted/opt/gz_math_vendor:/opt/ros/kilted/opt/gz_utils_vendor:/opt/ros/kilted/opt/gz_tools_vendor:/opt/ros/kilted/opt/gz_ogre_next_vendor:/opt/ros/kilted/opt/gz_dartsim_vendor:/opt/ros/kilted/opt/gz_cmake_vendor:/root/csci_420_robotics_labs/lab6_ws/install/simple_sim:/root/csci_420_robotics_labs/lab6_ws/install/simple_control:/opt/ros/kilted PYTHONPATH=/root/csci_420_robotics_labs/lab6_ws/install/keyboard_msgs/lib/python3.12/site-packages:/root/csci_420_robotics_labs/lab6_ws/install/visualizer/lib/python3.12/site-packages:/root/csci_420_robotics_labs/lab6_ws/install/simple_sim/lib/python3.12/site-packages:/root/csci_420_robotics_labs/lab6_ws/install/simple_control/lib/python3.12/site-packages:/root/csci_420_robotics_labs/lab6_ws/install/sensor_simulation/lib/python3.12/site-packages:/opt/ros/kilted/lib/python3.12/site-packages /usr/bin/cmake --install /root/csci_420_robotics_labs/lab6_ws/build/keyboard
[1.245s] Level 1:colcon.colcon_core.environment:checking '/root/csci_420_robotics_labs/lab6_ws/install/keyboard' for CMake config files
[1.247s] Level 1:colcon.colcon_core.shell:create_environment_hook('keyboard', 'cmake_prefix_path')
[1.247s] INFO:colcon.colcon_core.shell:Creating environment hook '/root/csci_420_robotics_labs/lab6_ws/install/keyboard/share/keyboard/hook/cmake_prefix_path.ps1'
[1.249s] INFO:colcon.colcon_core.shell:Creating environment descriptor '/root/csci_420_robotics_labs/lab6_ws/install/keyboard/share/keyboard/hook/cmake_prefix_path.dsv'
[1.249s] INFO:colcon.colcon_core.shell:Creating environment hook '/root/csci_420_robotics_labs/lab6_ws/install/keyboard/share/keyboard/hook/cmake_prefix_path.sh'
[1.250s] Level 1:colcon.colcon_core.environment:checking '/root/csci_420_robotics_labs/lab6_ws/install/keyboard/lib'
[1.252s] Level 1:colcon.colcon_core.environment:checking '/root/csci_420_robotics_labs/lab6_ws/install/keyboard/bin'
[1.252s] Level 1:colcon.colcon_core.environment:checking '/root/csci_420_robotics_labs/lab6_ws/install/keyboard/lib/pkgconfig/keyboard.pc'
[1.252s] Level 1:colcon.colcon_core.environment:checking '/root/csci_420_robotics_labs/lab6_ws/install/keyboard/lib/python3.12/site-packages'
[1.254s] Level 1:colcon.colcon_core.environment:checking '/root/csci_420_robotics_labs/lab6_ws/install/keyboard/bin'
[1.256s] INFO:colcon.colcon_core.shell:Creating package script '/root/csci_420_robotics_labs/lab6_ws/install/keyboard/share/keyboard/package.ps1'
[1.257s] INFO:colcon.colcon_core.shell:Creating package descriptor '/root/csci_420_robotics_labs/lab6_ws/install/keyboard/share/keyboard/package.dsv'
[1.258s] INFO:colcon.colcon_core.shell:Creating package script '/root/csci_420_robotics_labs/lab6_ws/install/keyboard/share/keyboard/package.sh'
[1.260s] INFO:colcon.colcon_core.shell:Creating package script '/root/csci_420_robotics_labs/lab6_ws/install/keyboard/share/keyboard/package.bash'
[1.261s] INFO:colcon.colcon_core.shell:Creating package script '/root/csci_420_robotics_labs/lab6_ws/install/keyboard/share/keyboard/package.zsh'
[1.261s] Level 1:colcon.colcon_core.environment:create_file_with_runtime_dependencies(/root/csci_420_robotics_labs/lab6_ws/install/keyboard/share/colcon-core/packages/keyboard)
[1.262s] Level 1:colcon.colcon_core.environment:create_environment_scripts_only(keyboard)
[1.263s] Level 1:colcon.colcon_core.environment:checking '/root/csci_420_robotics_labs/lab6_ws/install/keyboard' for CMake module files
[1.272s] Level 1:colcon.colcon_core.environment:checking '/root/csci_420_robotics_labs/lab6_ws/install/keyboard' for CMake config files
[1.274s] Level 1:colcon.colcon_core.shell:create_environment_hook('keyboard', 'cmake_prefix_path')
[1.274s] INFO:colcon.colcon_core.shell:Creating environment hook '/root/csci_420_robotics_labs/lab6_ws/install/keyboard/share/keyboard/hook/cmake_prefix_path.ps1'
[1.275s] INFO:colcon.colcon_core.shell:Creating environment descriptor '/root/csci_420_robotics_labs/lab6_ws/install/keyboard/share/keyboard/hook/cmake_prefix_path.dsv'
[1.275s] INFO:colcon.colcon_core.shell:Creating environment hook '/root/csci_420_robotics_labs/lab6_ws/install/keyboard/share/keyboard/hook/cmake_prefix_path.sh'
[1.279s] Level 1:colcon.colcon_core.environment:checking '/root/csci_420_robotics_labs/lab6_ws/install/keyboard/lib'
[1.280s] Level 1:colcon.colcon_core.environment:checking '/root/csci_420_robotics_labs/lab6_ws/install/keyboard/bin'
[1.280s] Level 1:colcon.colcon_core.environment:checking '/root/csci_420_robotics_labs/lab6_ws/install/keyboard/lib/pkgconfig/keyboard.pc'
[1.280s] Level 1:colcon.colcon_core.environment:checking '/root/csci_420_robotics_labs/lab6_ws/install/keyboard/lib/python3.12/site-packages'
[1.280s] Level 1:colcon.colcon_core.environment:checking '/root/csci_420_robotics_labs/lab6_ws/install/keyboard/bin'
[1.280s] INFO:colcon.colcon_core.shell:Creating package script '/root/csci_420_robotics_labs/lab6_ws/install/keyboard/share/keyboard/package.ps1'
[1.280s] INFO:colcon.colcon_core.shell:Creating package descriptor '/root/csci_420_robotics_labs/lab6_ws/install/keyboard/share/keyboard/package.dsv'
[1.282s] INFO:colcon.colcon_core.shell:Creating package script '/root/csci_420_robotics_labs/lab6_ws/install/keyboard/share/keyboard/package.sh'
[1.284s] INFO:colcon.colcon_core.shell:Creating package script '/root/csci_420_robotics_labs/lab6_ws/install/keyboard/share/keyboard/package.bash'
[1.286s] INFO:colcon.colcon_core.shell:Creating package script '/root/csci_420_robotics_labs/lab6_ws/install/keyboard/share/keyboard/package.zsh'
[1.287s] Level 1:colcon.colcon_core.environment:create_file_with_runtime_dependencies(/root/csci_420_robotics_labs/lab6_ws/install/keyboard/share/colcon-core/packages/keyboard)
[1.486s] Level 1:colcon.colcon_core.environment:checking '/root/csci_420_robotics_labs/lab6_ws/install/simple_control' for CMake module files
[1.487s] DEBUG:colcon.colcon_core.event_handler.log_command:Invoked command in '/root/csci_420_robotics_labs/lab6_ws/src/simple_control' returned '0': PYTHONPATH=/root/csci_420_robotics_labs/lab6_ws/build/simple_control/prefix_override:/usr/lib/python3/dist-packages/colcon_core/task/python/colcon_distutils_commands:/root/csci_420_robotics_labs/lab6_ws/install/simple_control/lib/python3.12/site-packages:${PYTHONPATH} /usr/bin/python3 -W ignore:setup.py install is deprecated -W ignore:easy_install command is deprecated setup.py egg_info --egg-base ../../build/simple_control build --build-base /root/csci_420_robotics_labs/lab6_ws/build/simple_control/build install --record /root/csci_420_robotics_labs/lab6_ws/build/simple_control/install.log --single-version-externally-managed install_data
[1.488s] Level 1:colcon.colcon_core.environment:checking '/root/csci_420_robotics_labs/lab6_ws/install/simple_control' for CMake config files
[1.490s] Level 1:colcon.colcon_core.environment:checking '/root/csci_420_robotics_labs/lab6_ws/install/simple_control/lib'
[1.491s] Level 1:colcon.colcon_core.environment:checking '/root/csci_420_robotics_labs/lab6_ws/install/simple_control/bin'
[1.491s] Level 1:colcon.colcon_core.environment:checking '/root/csci_420_robotics_labs/lab6_ws/install/simple_control/lib/pkgconfig/simple_control.pc'
[1.491s] Level 1:colcon.colcon_core.environment:checking '/root/csci_420_robotics_labs/lab6_ws/install/simple_control/lib/python3.12/site-packages'
[1.491s] Level 1:colcon.colcon_core.shell:create_environment_hook('simple_control', 'pythonpath')
[1.491s] INFO:colcon.colcon_core.shell:Creating environment hook '/root/csci_420_robotics_labs/lab6_ws/install/simple_control/share/simple_control/hook/pythonpath.ps1'
[1.495s] INFO:colcon.colcon_core.shell:Creating environment descriptor '/root/csci_420_robotics_labs/lab6_ws/install/simple_control/share/simple_control/hook/pythonpath.dsv'
[1.499s] INFO:colcon.colcon_core.shell:Creating environment hook '/root/csci_420_robotics_labs/lab6_ws/install/simple_control/share/simple_control/hook/pythonpath.sh'
[1.500s] Level 1:colcon.colcon_core.environment:checking '/root/csci_420_robotics_labs/lab6_ws/install/simple_control/bin'
[1.500s] Level 1:colcon.colcon_core.environment:create_environment_scripts_only(simple_control)
[1.500s] INFO:colcon.colcon_core.shell:Creating package script '/root/csci_420_robotics_labs/lab6_ws/install/simple_control/share/simple_control/package.ps1'
[1.501s] INFO:colcon.colcon_core.shell:Creating package descriptor '/root/csci_420_robotics_labs/lab6_ws/install/simple_control/share/simple_control/package.dsv'
[1.502s] INFO:colcon.colcon_core.shell:Creating package script '/root/csci_420_robotics_labs/lab6_ws/install/simple_control/share/simple_control/package.sh'
[1.503s] INFO:colcon.colcon_core.shell:Creating package script '/root/csci_420_robotics_labs/lab6_ws/install/simple_control/share/simple_control/package.bash'
[1.503s] INFO:colcon.colcon_core.shell:Creating package script '/root/csci_420_robotics_labs/lab6_ws/install/simple_control/share/simple_control/package.zsh'
[1.504s] Level 1:colcon.colcon_core.environment:create_file_with_runtime_dependencies(/root/csci_420_robotics_labs/lab6_ws/install/simple_control/share/colcon-core/packages/simple_control)
[1.504s] Level 1:colcon.colcon_core.environment:checking '/root/csci_420_robotics_labs/lab6_ws/install/simple_sim' for CMake module files
[1.505s] DEBUG:colcon.colcon_core.event_handler.log_command:Invoked command in '/root/csci_420_robotics_labs/lab6_ws/src/simple_sim' returned '0': PYTHONPATH=/root/csci_420_robotics_labs/lab6_ws/build/simple_sim/prefix_override:/usr/lib/python3/dist-packages/colcon_core/task/python/colcon_distutils_commands:/root/csci_420_robotics_labs/lab6_ws/install/simple_sim/lib/python3.12/site-packages:${PYTHONPATH} /usr/bin/python3 -W ignore:setup.py install is deprecated -W ignore:easy_install command is deprecated setup.py egg_info --egg-base ../../build/simple_sim build --build-base /root/csci_420_robotics_labs/lab6_ws/build/simple_sim/build install --record /root/csci_420_robotics_labs/lab6_ws/build/simple_sim/install.log --single-version-externally-managed install_data
[1.506s] Level 1:colcon.colcon_core.environment:checking '/root/csci_420_robotics_labs/lab6_ws/install/simple_sim' for CMake config files
[1.508s] Level 1:colcon.colcon_core.environment:checking '/root/csci_420_robotics_labs/lab6_ws/install/simple_sim/lib'
[1.508s] Level 1:colcon.colcon_core.environment:checking '/root/csci_420_robotics_labs/lab6_ws/install/simple_sim/bin'
[1.508s] Level 1:colcon.colcon_core.environment:checking '/root/csci_420_robotics_labs/lab6_ws/install/simple_sim/lib/pkgconfig/simple_sim.pc'
[1.508s] Level 1:colcon.colcon_core.environment:checking '/root/csci_420_robotics_labs/lab6_ws/install/simple_sim/lib/python3.12/site-packages'
[1.509s] Level 1:colcon.colcon_core.shell:create_environment_hook('simple_sim', 'pythonpath')
[1.509s] INFO:colcon.colcon_core.shell:Creating environment hook '/root/csci_420_robotics_labs/lab6_ws/install/simple_sim/share/simple_sim/hook/pythonpath.ps1'
[1.509s] INFO:colcon.colcon_core.shell:Creating environment descriptor '/root/csci_420_robotics_labs/lab6_ws/install/simple_sim/share/simple_sim/hook/pythonpath.dsv'
[1.509s] INFO:colcon.colcon_core.shell:Creating environment hook '/root/csci_420_robotics_labs/lab6_ws/install/simple_sim/share/simple_sim/hook/pythonpath.sh'
[1.510s] Level 1:colcon.colcon_core.environment:checking '/root/csci_420_robotics_labs/lab6_ws/install/simple_sim/bin'
[1.510s] Level 1:colcon.colcon_core.environment:create_environment_scripts_only(simple_sim)
[1.510s] INFO:colcon.colcon_core.shell:Creating package script '/root/csci_420_robotics_labs/lab6_ws/install/simple_sim/share/simple_sim/package.ps1'
[1.510s] INFO:colcon.colcon_core.shell:Creating package descriptor '/root/csci_420_robotics_labs/lab6_ws/install/simple_sim/share/simple_sim/package.dsv'
[1.510s] INFO:colcon.colcon_core.shell:Creating package script '/root/csci_420_robotics_labs/lab6_ws/install/simple_sim/share/simple_sim/package.sh'
[1.511s] INFO:colcon.colcon_core.shell:Creating package script '/root/csci_420_robotics_labs/lab6_ws/install/simple_sim/share/simple_sim/package.bash'
[1.511s] INFO:colcon.colcon_core.shell:Creating package script '/root/csci_420_robotics_labs/lab6_ws/install/simple_sim/share/simple_sim/package.zsh'
[1.511s] Level 1:colcon.colcon_core.environment:create_file_with_runtime_dependencies(/root/csci_420_robotics_labs/lab6_ws/install/simple_sim/share/colcon-core/packages/simple_sim)
[1.512s] DEBUG:colcon.colcon_parallel_executor.executor.parallel:closing loop
[1.512s] DEBUG:colcon.colcon_parallel_executor.executor.parallel:loop closed
[1.512s] DEBUG:colcon.colcon_parallel_executor.executor.parallel:run_until_complete finished with '0'
[1.512s] DEBUG:colcon.colcon_core.event_reactor:joining thread
[1.523s] INFO:colcon.colcon_core.plugin_system:Skipping extension 'colcon_notification.desktop_notification.notify_send': Could not find 'notify-send'
[1.523s] INFO:colcon.colcon_core.plugin_system:Skipping extension 'colcon_notification.desktop_notification.terminal_notifier': Not used on non-Darwin systems
[1.523s] INFO:colcon.colcon_core.plugin_system:Skipping extension 'colcon_notification.desktop_notification.win32': Not used on non-Windows systems
[1.523s] INFO:colcon.colcon_notification.desktop_notification:Sending desktop notification using 'notify2'
[1.524s] DEBUG:colcon.colcon_notification.desktop_notification.notify2:Failed to initialize notify2: org.freedesktop.DBus.Error.Spawn.ExecFailed: /usr/bin/dbus-launch terminated abnormally without any error message
[1.524s] DEBUG:colcon.colcon_core.event_reactor:joined thread
[1.524s] INFO:colcon.colcon_core.shell:Creating prefix script '/root/csci_420_robotics_labs/lab6_ws/install/local_setup.ps1'
[1.525s] INFO:colcon.colcon_core.shell:Creating prefix util module '/root/csci_420_robotics_labs/lab6_ws/install/_local_setup_util_ps1.py'
[1.526s] INFO:colcon.colcon_core.shell:Creating prefix chain script '/root/csci_420_robotics_labs/lab6_ws/install/setup.ps1'
[1.528s] INFO:colcon.colcon_core.shell:Creating prefix script '/root/csci_420_robotics_labs/lab6_ws/install/local_setup.sh'
[1.529s] INFO:colcon.colcon_core.shell:Creating prefix util module '/root/csci_420_robotics_labs/lab6_ws/install/_local_setup_util_sh.py'
[1.529s] INFO:colcon.colcon_core.shell:Creating prefix chain script '/root/csci_420_robotics_labs/lab6_ws/install/setup.sh'
[1.532s] INFO:colcon.colcon_core.shell:Creating prefix script '/root/csci_420_robotics_labs/lab6_ws/install/local_setup.bash'
[1.532s] INFO:colcon.colcon_core.shell:Creating prefix chain script '/root/csci_420_robotics_labs/lab6_ws/install/setup.bash'
[1.534s] INFO:colcon.colcon_core.shell:Creating prefix script '/root/csci_420_robotics_labs/lab6_ws/install/local_setup.zsh'
[1.535s] INFO:colcon.colcon_core.shell:Creating prefix chain script '/root/csci_420_robotics_labs/lab6_ws/install/setup.zsh'
